{
  "eval/mean_system_cost": 403.6884615384615,
  "eval/std_system_cost": 119.3134038008859,
  "eval/frac_actions_at_cap": 0.0,
  "eval/frac_capacity_binds": 0.3971153846153846,
  "eval/frac_allocation_triggers": 0.9490384615384615,
  "eval/retailer_a_cost": 62.46298076923076,
  "eval/retailer_b_cost": 65.94807692307693,
  "eval/wholesaler_cost": 118.53798076923076,
  "eval/distributor_cost": 91.72932692307691,
  "eval/factory_cost": 65.01009615384615,
  "eval/bullwhip_retailer_a": 0.3165348361130242,
  "eval/bullwhip_retailer_b": 0.332345899545204,
  "eval/bullwhip_wholesaler": 1.1779364065875542,
  "eval/bullwhip_distributor": 1.3052587355072873,
  "eval/bullwhip_factory": 1.4324121132024665
}