{
  "eval/mean_system_cost": 45.154807692307685,
  "eval/std_system_cost": 11.592805079996001,
  "eval/frac_actions_at_cap": 0.0,
  "eval/frac_capacity_binds": 0.0,
  "eval/frac_allocation_triggers": 0.6673076923076923,
  "eval/retailer_cost": 12.516346153846152,
  "eval/wholesaler_cost": 12.634615384615383,
  "eval/distributor_cost": 11.897596153846154,
  "eval/factory_cost": 8.10625,
  "eval/bullwhip_retailer": 2.159925435732264,
  "eval/bullwhip_wholesaler": 2.659009151833492,
  "eval/bullwhip_distributor": 3.9476660172575335,
  "eval/bullwhip_factory": 3.036937651679033
}