{
  "eval/mean_system_cost": 956.8201923076922,
  "eval/std_system_cost": 193.1360302354559,
  "eval/frac_actions_at_cap": 0.0,
  "eval/frac_capacity_binds": 0.7980769230769231,
  "eval/frac_allocation_triggers": 0.95,
  "eval/retailer_a_cost": 47.56442307692308,
  "eval/retailer_b_cost": 53.34855769230769,
  "eval/wholesaler_cost": 212.40673076923082,
  "eval/distributor_cost": 281.2913461538462,
  "eval/factory_cost": 362.20913461538464,
  "eval/bullwhip_retailer_a": 0.503820178954223,
  "eval/bullwhip_retailer_b": 0.33255525859652174,
  "eval/bullwhip_wholesaler": 2.532625825468989,
  "eval/bullwhip_distributor": 4.813729021268113,
  "eval/bullwhip_factory": 7.580492320971618
}