{
  "eval/mean_system_cost": 774.4658653846153,
  "eval/std_system_cost": 192.34487605600037,
  "eval/frac_actions_at_cap": 0.0,
  "eval/frac_capacity_binds": 0.7836538461538461,
  "eval/frac_allocation_triggers": 0.9490384615384615,
  "eval/retailer_a_cost": 45.91201923076923,
  "eval/retailer_b_cost": 63.148557692307705,
  "eval/wholesaler_cost": 171.0841346153846,
  "eval/distributor_cost": 219.3975961538462,
  "eval/factory_cost": 274.9235576923077,
  "eval/bullwhip_retailer_a": 0.33842707160358737,
  "eval/bullwhip_retailer_b": 0.3888041244252872,
  "eval/bullwhip_wholesaler": 2.0117212860104106,
  "eval/bullwhip_distributor": 3.4493257816995815,
  "eval/bullwhip_factory": 4.00612512510538
}