{
  "eval/mean_system_cost": 513.8745192307692,
  "eval/std_system_cost": 149.39361219104808,
  "eval/frac_actions_at_cap": 0.0,
  "eval/frac_capacity_binds": 0.8,
  "eval/frac_allocation_triggers": 0.9221153846153847,
  "eval/retailer_cost": 55.037019230769225,
  "eval/wholesaler_cost": 134.34423076923076,
  "eval/distributor_cost": 125.29567307692307,
  "eval/factory_cost": 199.19759615384618,
  "eval/bullwhip_retailer": 2.213390763962864,
  "eval/bullwhip_wholesaler": 2.653006970789961,
  "eval/bullwhip_distributor": 7.637852069537627,
  "eval/bullwhip_factory": 11.241067312663914
}