{
  "eval/mean_system_cost": 1369.8317307692307,
  "eval/std_system_cost": 249.0257424636626,
  "eval/frac_actions_at_cap": 0.0,
  "eval/frac_capacity_binds": 0.8653846153846154,
  "eval/frac_allocation_triggers": 0.9807692307692307,
  "eval/retailer_a_cost": 58.71009615384615,
  "eval/retailer_b_cost": 46.87548076923077,
  "eval/wholesaler_cost": 487.02692307692314,
  "eval/distributor_cost": 421.0009615384615,
  "eval/factory_cost": 356.2182692307693,
  "eval/bullwhip_retailer_a": 0.546063510783593,
  "eval/bullwhip_retailer_b": 0.5332587579514025,
  "eval/bullwhip_wholesaler": 1.8780300079371413,
  "eval/bullwhip_distributor": 2.689667943889134,
  "eval/bullwhip_factory": 4.840507430069216
}