{
  "eval/mean_system_cost": 1392.883653846154,
  "eval/std_system_cost": 179.83863670636475,
  "eval/frac_actions_at_cap": 0.0,
  "eval/frac_capacity_binds": 0.8653846153846154,
  "eval/frac_allocation_triggers": 0.9807692307692307,
  "eval/retailer_a_cost": 38.245673076923076,
  "eval/retailer_b_cost": 41.42740384615385,
  "eval/wholesaler_cost": 473.52403846153845,
  "eval/distributor_cost": 409.22596153846155,
  "eval/factory_cost": 430.4605769230769,
  "eval/bullwhip_retailer_a": 0.3152402978910084,
  "eval/bullwhip_retailer_b": 0.30707440986538254,
  "eval/bullwhip_wholesaler": 1.8641886228123001,
  "eval/bullwhip_distributor": 3.734555703226067,
  "eval/bullwhip_factory": 6.078031945802224
}