{
  "eval/mean_system_cost": 566.8072115384615,
  "eval/std_system_cost": 135.50456206139634,
  "eval/frac_actions_at_cap": 0.0,
  "eval/frac_capacity_binds": 0.6269230769230769,
  "eval/frac_allocation_triggers": 0.9596153846153846,
  "eval/retailer_a_cost": 42.94423076923077,
  "eval/retailer_b_cost": 60.59567307692307,
  "eval/wholesaler_cost": 153.11682692307693,
  "eval/distributor_cost": 153.11249999999998,
  "eval/factory_cost": 157.03798076923076,
  "eval/bullwhip_retailer_a": 0.841464468356808,
  "eval/bullwhip_retailer_b": 0.8202864966805804,
  "eval/bullwhip_wholesaler": 2.6108246867326987,
  "eval/bullwhip_distributor": 3.2363475135868525,
  "eval/bullwhip_factory": 4.100509871425547,
  "eval/sharing_rate": 0.4828846153846153,
  "eval/honesty_score": -0.039582733739210445,
  "eval/inflation_rate": 0.2745490981963928
}