{
  "eval/mean_system_cost": 1714.3971153846155,
  "eval/std_system_cost": 195.633207479017,
  "eval/frac_actions_at_cap": 0.0,
  "eval/frac_capacity_binds": 0.8653846153846154,
  "eval/frac_allocation_triggers": 0.9615384615384616,
  "eval/retailer_a_cost": 87.36442307692307,
  "eval/retailer_b_cost": 103.04134615384616,
  "eval/wholesaler_cost": 558.1192307692307,
  "eval/distributor_cost": 507.5,
  "eval/factory_cost": 458.3721153846153,
  "eval/bullwhip_retailer_a": 0.410970552972483,
  "eval/bullwhip_retailer_b": 0.39329755135352124,
  "eval/bullwhip_wholesaler": 2.157116360552627,
  "eval/bullwhip_distributor": 2.8831885572099627,
  "eval/bullwhip_factory": 3.5520690544359295
}