{
  "eval/mean_system_cost": 74.1110576923077,
  "eval/std_system_cost": 28.490256346416775,
  "eval/frac_actions_at_cap": 0.0,
  "eval/frac_capacity_binds": 0.4096153846153846,
  "eval/frac_allocation_triggers": 0.7201923076923077,
  "eval/retailer_cost": 17.43028846153846,
  "eval/wholesaler_cost": 18.92932692307692,
  "eval/distributor_cost": 19.35432692307692,
  "eval/factory_cost": 18.397115384615386,
  "eval/bullwhip_retailer": 2.16095143379576,
  "eval/bullwhip_wholesaler": 2.9820880423576672,
  "eval/bullwhip_distributor": 3.522915638440788,
  "eval/bullwhip_factory": 4.29352466589103,
  "eval/sharing_rate": 0.4834134615384615,
  "eval/honesty_score": -0.043561604781486685,
  "eval/inflation_rate": 0.3591989987484355
}