{
  "eval/mean_system_cost": 105.39278846153847,
  "eval/std_system_cost": 21.89792591427926,
  "eval/frac_actions_at_cap": 0.0,
  "eval/frac_capacity_binds": 0.0,
  "eval/frac_allocation_triggers": 0.7875,
  "eval/retailer_a_cost": 14.430769230769233,
  "eval/retailer_b_cost": 12.266826923076923,
  "eval/wholesaler_cost": 31.805288461538463,
  "eval/distributor_cost": 26.71153846153846,
  "eval/factory_cost": 20.178365384615383,
  "eval/bullwhip_retailer_a": 1.5210054897884675,
  "eval/bullwhip_retailer_b": 1.5982938150189625,
  "eval/bullwhip_wholesaler": 4.365476754116476,
  "eval/bullwhip_distributor": 6.376535783959801,
  "eval/bullwhip_factory": 8.466626086263854
}