{
  "eval/mean_system_cost": 393.1865384615385,
  "eval/std_system_cost": 180.77023123700235,
  "eval/frac_actions_at_cap": 0.0,
  "eval/frac_capacity_binds": 0.6096153846153847,
  "eval/frac_allocation_triggers": 0.9519230769230769,
  "eval/retailer_a_cost": 36.56346153846154,
  "eval/retailer_b_cost": 37.72836538461539,
  "eval/wholesaler_cost": 97.85913461538462,
  "eval/distributor_cost": 103.80865384615383,
  "eval/factory_cost": 117.2269230769231,
  "eval/bullwhip_retailer_a": 1.0225815946087795,
  "eval/bullwhip_retailer_b": 1.0708007977305098,
  "eval/bullwhip_wholesaler": 2.7631640511614095,
  "eval/bullwhip_distributor": 3.5647316192478007,
  "eval/bullwhip_factory": 4.386173627471496,
  "eval/sharing_rate": 0.4834615384615385,
  "eval/honesty_score": -0.0425263767741437,
  "eval/inflation_rate": 0.28128128128128127
}