{
  "eval/mean_system_cost": 48.88653846153846,
  "eval/std_system_cost": 16.871231389399963,
  "eval/frac_actions_at_cap": 0.0,
  "eval/frac_capacity_binds": 0.0,
  "eval/frac_allocation_triggers": 0.6875,
  "eval/retailer_cost": 14.266826923076923,
  "eval/wholesaler_cost": 15.527403846153849,
  "eval/distributor_cost": 12.172596153846152,
  "eval/factory_cost": 6.919711538461539,
  "eval/bullwhip_retailer": 2.395082160339526,
  "eval/bullwhip_wholesaler": 2.567190202014855,
  "eval/bullwhip_distributor": 2.7914056253587307,
  "eval/bullwhip_factory": 2.560226515557226
}