{
  "eval/mean_system_cost": 917.3581730769231,
  "eval/std_system_cost": 171.36061834276487,
  "eval/frac_actions_at_cap": 0.0,
  "eval/frac_capacity_binds": 0.7326923076923076,
  "eval/frac_allocation_triggers": 0.9596153846153846,
  "eval/retailer_a_cost": 40.62019230769231,
  "eval/retailer_b_cost": 47.0091346153846,
  "eval/wholesaler_cost": 307.6639423076923,
  "eval/distributor_cost": 273.2745192307692,
  "eval/factory_cost": 248.79038461538457,
  "eval/bullwhip_retailer_a": 0.6784037367227757,
  "eval/bullwhip_retailer_b": 0.7462040652931708,
  "eval/bullwhip_wholesaler": 2.979485970643129,
  "eval/bullwhip_distributor": 3.9728110204120375,
  "eval/bullwhip_factory": 4.911209379458694,
  "eval/sharing_rate": 0.4907692307692308,
  "eval/honesty_score": -0.039011740061324976,
  "eval/inflation_rate": 0.21342685370741482
}