{
  "eval/mean_system_cost": 1375.6120192307692,
  "eval/std_system_cost": 206.90211200528302,
  "eval/frac_actions_at_cap": 0.0,
  "eval/frac_capacity_binds": 0.8471153846153846,
  "eval/frac_allocation_triggers": 0.9538461538461539,
  "eval/retailer_a_cost": 98.90240384615385,
  "eval/retailer_b_cost": 80.61682692307691,
  "eval/wholesaler_cost": 438.16105769230774,
  "eval/distributor_cost": 393.26490384615386,
  "eval/factory_cost": 364.66682692307694,
  "eval/bullwhip_retailer_a": 0.5359489264623434,
  "eval/bullwhip_retailer_b": 0.575684291229184,
  "eval/bullwhip_wholesaler": 2.424317375402045,
  "eval/bullwhip_distributor": 3.1457877065033384,
  "eval/bullwhip_factory": 3.889094831343775
}