{
  "eval/mean_system_cost": 86.44134615384615,
  "eval/std_system_cost": 29.153512832349662,
  "eval/frac_actions_at_cap": 0.0,
  "eval/frac_capacity_binds": 0.0,
  "eval/frac_allocation_triggers": 0.8692307692307693,
  "eval/retailer_cost": 51.73557692307692,
  "eval/wholesaler_cost": 16.224038461538463,
  "eval/distributor_cost": 10.752403846153848,
  "eval/factory_cost": 7.729326923076923,
  "eval/bullwhip_retailer": 1.1864818594358593,
  "eval/bullwhip_wholesaler": 1.1901656686179078,
  "eval/bullwhip_distributor": 1.2895416597098137,
  "eval/bullwhip_factory": 1.3144941246784272
}