{
  "eval/mean_system_cost": 908.2557692307691,
  "eval/std_system_cost": 63.02911198089809,
  "eval/frac_actions_at_cap": 0.0,
  "eval/frac_capacity_binds": 0.9807692307692307,
  "eval/frac_allocation_triggers": 0.9451923076923077,
  "eval/retailer_cost": 16.042788461538464,
  "eval/wholesaler_cost": 142.73701923076922,
  "eval/distributor_cost": 322.2711538461539,
  "eval/factory_cost": 427.2048076923076,
  "eval/bullwhip_retailer": 1.1235012593424323,
  "eval/bullwhip_wholesaler": 2.495152378381596,
  "eval/bullwhip_distributor": 6.348691982494421,
  "eval/bullwhip_factory": 10.344735497034849
}