{
  "eval/mean_system_cost": 1285.7634615384613,
  "eval/std_system_cost": 182.56668731233043,
  "eval/frac_actions_at_cap": 0.0,
  "eval/frac_capacity_binds": 0.9038461538461539,
  "eval/frac_allocation_triggers": 0.9807692307692307,
  "eval/retailer_a_cost": 40.76346153846154,
  "eval/retailer_b_cost": 45.61057692307693,
  "eval/wholesaler_cost": 459.223076923077,
  "eval/distributor_cost": 399.3817307692308,
  "eval/factory_cost": 340.7846153846154,
  "eval/bullwhip_retailer_a": 0.31691470742152966,
  "eval/bullwhip_retailer_b": 0.30531120462567246,
  "eval/bullwhip_wholesaler": 1.8014629326401859,
  "eval/bullwhip_distributor": 2.551043019575136,
  "eval/bullwhip_factory": 3.9122207916540384
}