{
  "eval/mean_system_cost": 1580.4211538461539,
  "eval/std_system_cost": 179.73192188493582,
  "eval/frac_actions_at_cap": 0.0,
  "eval/frac_capacity_binds": 0.8653846153846154,
  "eval/frac_allocation_triggers": 0.9807692307692307,
  "eval/retailer_a_cost": 32.22596153846153,
  "eval/retailer_b_cost": 32.994230769230775,
  "eval/wholesaler_cost": 454.28076923076924,
  "eval/distributor_cost": 498.4375,
  "eval/factory_cost": 562.4826923076923,
  "eval/bullwhip_retailer_a": 0.31691470742152966,
  "eval/bullwhip_retailer_b": 0.30531120462567246,
  "eval/bullwhip_wholesaler": 2.4377368893600786,
  "eval/bullwhip_distributor": 5.227847262518131,
  "eval/bullwhip_factory": 6.745717687133665
}