{
  "eval/mean_system_cost": 1159.6399038461539,
  "eval/std_system_cost": 83.85395200564852,
  "eval/frac_actions_at_cap": 0.0,
  "eval/frac_capacity_binds": 0.9423076923076923,
  "eval/frac_allocation_triggers": 0.9471153846153846,
  "eval/retailer_cost": 39.56009615384615,
  "eval/wholesaler_cost": 220.61730769230772,
  "eval/distributor_cost": 379.46057692307687,
  "eval/factory_cost": 520.0019230769232,
  "eval/bullwhip_retailer": 1.8543121594947458,
  "eval/bullwhip_wholesaler": 2.7764765491775676,
  "eval/bullwhip_distributor": 5.7384290752897344,
  "eval/bullwhip_factory": 11.868877302577767
}