{
  "eval/mean_system_cost": 52.29663461538462,
  "eval/std_system_cost": 7.059484992273803,
  "eval/frac_actions_at_cap": 0.0,
  "eval/frac_capacity_binds": 0.0,
  "eval/frac_allocation_triggers": 0.8115384615384615,
  "eval/retailer_cost": 9.256730769230769,
  "eval/wholesaler_cost": 25.718269230769227,
  "eval/distributor_cost": 10.171153846153846,
  "eval/factory_cost": 7.15048076923077,
  "eval/bullwhip_retailer": 1.7783025409705735,
  "eval/bullwhip_wholesaler": 2.868013086206157,
  "eval/bullwhip_distributor": 3.082891503068471,
  "eval/bullwhip_factory": 3.2390696412179807
}