{
  "eval/mean_system_cost": 354.5168269230769,
  "eval/std_system_cost": 81.81533684101896,
  "eval/frac_actions_at_cap": 0.0,
  "eval/frac_capacity_binds": 0.3,
  "eval/frac_allocation_triggers": 0.95,
  "eval/retailer_a_cost": 70.62163461538461,
  "eval/retailer_b_cost": 58.94375,
  "eval/wholesaler_cost": 100.2528846153846,
  "eval/distributor_cost": 74.98173076923077,
  "eval/factory_cost": 49.71682692307693,
  "eval/bullwhip_retailer_a": 0.38141359511464096,
  "eval/bullwhip_retailer_b": 0.30707440986538254,
  "eval/bullwhip_wholesaler": 1.0886602315115494,
  "eval/bullwhip_distributor": 1.1994780241146268,
  "eval/bullwhip_factory": 1.3090493546345618
}