{
  "eval/mean_system_cost": 37.93653846153846,
  "eval/std_system_cost": 4.854810834589229,
  "eval/retailer_cost": 8.132692307692308,
  "eval/wholesaler_cost": 10.109615384615385,
  "eval/distributor_cost": 10.867788461538462,
  "eval/factory_cost": 8.826442307692309,
  "eval/bullwhip_retailer": 1.7878322726099154,
  "eval/bullwhip_wholesaler": 2.2941429567588845,
  "eval/bullwhip_distributor": 2.7302534026154324,
  "eval/bullwhip_factory": 3.3228714166195203,
  "eval/sharing_rate": 0.4283653846153846,
  "eval/honesty_score": -0.09967724286238747,
  "eval/inflation_rate": 0.21727748691099477
}