{
  "eval/mean_system_cost": 48.148076923076914,
  "eval/std_system_cost": 13.244670134897603,
  "eval/frac_actions_at_cap": 0.0,
  "eval/frac_capacity_binds": 0.0,
  "eval/frac_allocation_triggers": 0.6653846153846154,
  "eval/retailer_cost": 13.391826923076923,
  "eval/wholesaler_cost": 14.965865384615388,
  "eval/distributor_cost": 11.823557692307691,
  "eval/factory_cost": 7.966826923076923,
  "eval/bullwhip_retailer": 2.4788324849746775,
  "eval/bullwhip_wholesaler": 3.2552486502224713,
  "eval/bullwhip_distributor": 3.9153330842531293,
  "eval/bullwhip_factory": 3.618059731475176
}