{
  "eval/mean_system_cost": 900.1490384615383,
  "eval/std_system_cost": 268.6499992755664,
  "eval/frac_actions_at_cap": 0.0,
  "eval/frac_capacity_binds": 0.7298076923076923,
  "eval/frac_allocation_triggers": 0.975,
  "eval/retailer_a_cost": 77.44807692307691,
  "eval/retailer_b_cost": 73.14615384615385,
  "eval/wholesaler_cost": 274.0875,
  "eval/distributor_cost": 245.4110576923077,
  "eval/factory_cost": 230.05625,
  "eval/bullwhip_retailer_a": 1.1307234460421298,
  "eval/bullwhip_retailer_b": 1.1337722640665933,
  "eval/bullwhip_wholesaler": 3.0762419966536765,
  "eval/bullwhip_distributor": 3.8675504028791448,
  "eval/bullwhip_factory": 4.52599235444534,
  "eval/sharing_rate": 0.4288461538461538,
  "eval/honesty_score": -0.03917453894585052,
  "eval/inflation_rate": 0.2445759368836292
}