{
  "eval/mean_system_cost": 487.1480769230769,
  "eval/std_system_cost": 158.2308189671213,
  "eval/frac_actions_at_cap": 0.0,
  "eval/frac_capacity_binds": 0.5336538461538461,
  "eval/frac_allocation_triggers": 0.95,
  "eval/retailer_a_cost": 64.20817307692309,
  "eval/retailer_b_cost": 79.5764423076923,
  "eval/wholesaler_cost": 140.09951923076923,
  "eval/distributor_cost": 114.40048076923078,
  "eval/factory_cost": 88.86346153846154,
  "eval/bullwhip_retailer_a": 0.31210175462166445,
  "eval/bullwhip_retailer_b": 0.30611994321155944,
  "eval/bullwhip_wholesaler": 1.1966803227764273,
  "eval/bullwhip_distributor": 1.3232302895386383,
  "eval/bullwhip_factory": 1.4522770328551173
}