{
  "eval/mean_system_cost": 1004.7927884615383,
  "eval/std_system_cost": 276.02131199800266,
  "eval/frac_actions_at_cap": 0.0,
  "eval/frac_capacity_binds": 0.8346153846153846,
  "eval/frac_allocation_triggers": 0.9644230769230769,
  "eval/retailer_a_cost": 48.33653846153847,
  "eval/retailer_b_cost": 46.468269230769224,
  "eval/wholesaler_cost": 222.05865384615385,
  "eval/distributor_cost": 299.46346153846156,
  "eval/factory_cost": 388.4658653846153,
  "eval/bullwhip_retailer_a": 0.5550711845503592,
  "eval/bullwhip_retailer_b": 0.8131711874090101,
  "eval/bullwhip_wholesaler": 2.6689404420800042,
  "eval/bullwhip_distributor": 4.861069566305373,
  "eval/bullwhip_factory": 8.203283119127855
}