{
  "eval/mean_system_cost": 354.9740384615385,
  "eval/std_system_cost": 133.09471778606306,
  "eval/frac_actions_at_cap": 0.0,
  "eval/frac_capacity_binds": 0.24711538461538463,
  "eval/frac_allocation_triggers": 0.9673076923076923,
  "eval/retailer_a_cost": 62.68894230769231,
  "eval/retailer_b_cost": 56.487019230769235,
  "eval/wholesaler_cost": 109.32932692307693,
  "eval/distributor_cost": 78.61682692307691,
  "eval/factory_cost": 47.85192307692308,
  "eval/bullwhip_retailer_a": 0.5545494725594912,
  "eval/bullwhip_retailer_b": 0.5432994323106515,
  "eval/bullwhip_wholesaler": 1.2203368285754277,
  "eval/bullwhip_distributor": 1.3652158290636704,
  "eval/bullwhip_factory": 1.4788930090558248
}