{
  "run_dir": "artifacts/runs/ippo/regimeA_seed0",
  "git_sha": "0dbb854a9a2ba7610ec9962d3e0e38d19ceadca7",
  "regime": "A",
  "ippo": {
    "eval/mean_system_cost": 10.86538461538462,
    "eval/std_system_cost": 5.329070518200751e-15,
    "eval/retailer_cost": 1.4807692307692313,
    "eval/wholesaler_cost": 2.778846153846155,
    "eval/distributor_cost": 3.0384615384615374,
    "eval/factory_cost": 3.5673076923076925
  },
  "base_stock": {
    "mean": 53.23076923076925,
    "std": 1.4210854715202004e-14
  },
  "sterman": {
    "mean": 404.028846153846,
    "std": 1.1368683772161603e-13
  },
  "beats_sterman": true
}