{
  "eval/mean_system_cost": 951.2788461538463,
  "eval/std_system_cost": 211.74543770802416,
  "eval/frac_actions_at_cap": 0.0,
  "eval/frac_capacity_binds": 0.7019230769230769,
  "eval/frac_allocation_triggers": 0.9586538461538462,
  "eval/retailer_a_cost": 53.802884615384606,
  "eval/retailer_b_cost": 91.3908653846154,
  "eval/wholesaler_cost": 306.69855769230765,
  "eval/distributor_cost": 264.24134615384617,
  "eval/factory_cost": 235.1451923076923,
  "eval/bullwhip_retailer_a": 0.7553617609905124,
  "eval/bullwhip_retailer_b": 0.8673555086503405,
  "eval/bullwhip_wholesaler": 2.9664362513151943,
  "eval/bullwhip_distributor": 3.7141609166321228,
  "eval/bullwhip_factory": 4.6336771441230935,
  "eval/sharing_rate": 0.34038461538461534,
  "eval/honesty_score": -0.04703623146483432,
  "eval/inflation_rate": 0.23570712136409228
}