{
  "eval/mean_system_cost": 1040.966826923077,
  "eval/std_system_cost": 88.27064056791667,
  "eval/frac_actions_at_cap": 0.0,
  "eval/frac_capacity_binds": 0.9807692307692307,
  "eval/frac_allocation_triggers": 0.9471153846153846,
  "eval/retailer_cost": 33.86730769230768,
  "eval/wholesaler_cost": 196.3875,
  "eval/distributor_cost": 347.1774038461538,
  "eval/factory_cost": 463.53461538461534,
  "eval/bullwhip_retailer": 1.5398131050236918,
  "eval/bullwhip_wholesaler": 3.5891691144772775,
  "eval/bullwhip_distributor": 6.10444108138608,
  "eval/bullwhip_factory": 9.941937060815349
}