{
  "eval/mean_system_cost": 501.7201923076924,
  "eval/std_system_cost": 139.31876346083436,
  "eval/frac_actions_at_cap": 0.0,
  "eval/frac_capacity_binds": 0.6605769230769231,
  "eval/frac_allocation_triggers": 0.9596153846153846,
  "eval/retailer_a_cost": 23.14230769230769,
  "eval/retailer_b_cost": 36.715865384615384,
  "eval/wholesaler_cost": 146.23701923076925,
  "eval/distributor_cost": 142.68653846153845,
  "eval/factory_cost": 152.93846153846152,
  "eval/bullwhip_retailer_a": 0.8769110906480713,
  "eval/bullwhip_retailer_b": 0.8538463688050928,
  "eval/bullwhip_wholesaler": 3.0766479027397398,
  "eval/bullwhip_distributor": 3.945631721175915,
  "eval/bullwhip_factory": 4.902625528023748,
  "eval/sharing_rate": 0.45576923076923076,
  "eval/honesty_score": -0.04193791325366138,
  "eval/inflation_rate": 0.2865731462925852
}