{
  "eval/mean_system_cost": 400.09182692307695,
  "eval/std_system_cost": 150.95622021729034,
  "eval/frac_actions_at_cap": 0.0,
  "eval/frac_capacity_binds": 0.3298076923076923,
  "eval/frac_allocation_triggers": 0.9673076923076923,
  "eval/retailer_a_cost": 65.6235576923077,
  "eval/retailer_b_cost": 65.47788461538461,
  "eval/wholesaler_cost": 120.97067307692308,
  "eval/distributor_cost": 89.65240384615383,
  "eval/factory_cost": 58.36730769230769,
  "eval/bullwhip_retailer_a": 0.5573365340431482,
  "eval/bullwhip_retailer_b": 0.5481179625308663,
  "eval/bullwhip_wholesaler": 1.226687932228615,
  "eval/bullwhip_distributor": 1.3832700095152122,
  "eval/bullwhip_factory": 1.514297053416347
}