{
  "eval/mean_system_cost": 352.19326923076926,
  "eval/std_system_cost": 113.69836971598355,
  "eval/frac_actions_at_cap": 0.0,
  "eval/frac_capacity_binds": 0.6817307692307693,
  "eval/frac_allocation_triggers": 0.9509615384615384,
  "eval/retailer_cost": 64.8389423076923,
  "eval/wholesaler_cost": 70.80336538461538,
  "eval/distributor_cost": 92.49567307692305,
  "eval/factory_cost": 124.05528846153845,
  "eval/bullwhip_retailer": 1.8666352787665206,
  "eval/bullwhip_wholesaler": 2.634697878565003,
  "eval/bullwhip_distributor": 3.222342500373175,
  "eval/bullwhip_factory": 4.118556280259171,
  "eval/sharing_rate": 0.4802884615384616,
  "eval/honesty_score": -0.034876828739667666,
  "eval/inflation_rate": 0.3066933066933067
}