{
  "eval/mean_system_cost": 114.73942307692307,
  "eval/std_system_cost": 27.310913931714243,
  "eval/frac_actions_at_cap": 0.0,
  "eval/frac_capacity_binds": 0.3230769230769231,
  "eval/frac_allocation_triggers": 0.9259615384615385,
  "eval/retailer_cost": 69.50048076923079,
  "eval/wholesaler_cost": 9.22355769230769,
  "eval/distributor_cost": 13.878846153846155,
  "eval/factory_cost": 22.136538461538457,
  "eval/bullwhip_retailer": 1.6626976474618733,
  "eval/bullwhip_wholesaler": 1.6396567297345015,
  "eval/bullwhip_distributor": 1.6234771188186237,
  "eval/bullwhip_factory": 1.6187428276276628
}