{
  "eval/mean_system_cost": 905.4264423076924,
  "eval/std_system_cost": 238.09853541603624,
  "eval/frac_actions_at_cap": 0.0,
  "eval/frac_capacity_binds": 0.8067307692307693,
  "eval/frac_allocation_triggers": 0.9644230769230769,
  "eval/retailer_a_cost": 53.52067307692308,
  "eval/retailer_b_cost": 53.597596153846155,
  "eval/wholesaler_cost": 203.84182692307695,
  "eval/distributor_cost": 272.81586538461545,
  "eval/factory_cost": 321.65048076923074,
  "eval/bullwhip_retailer_a": 0.6636143679635246,
  "eval/bullwhip_retailer_b": 0.7709661541494436,
  "eval/bullwhip_wholesaler": 2.3643205745315132,
  "eval/bullwhip_distributor": 4.049546455745632,
  "eval/bullwhip_factory": 4.759934839081724
}