{
  "eval/mean_system_cost": 980.1394230769232,
  "eval/std_system_cost": 198.44241677270816,
  "eval/frac_actions_at_cap": 0.0,
  "eval/frac_capacity_binds": 0.7317307692307692,
  "eval/frac_allocation_triggers": 0.9586538461538462,
  "eval/retailer_a_cost": 83.45576923076922,
  "eval/retailer_b_cost": 107.64759615384617,
  "eval/wholesaler_cost": 283.0274038461538,
  "eval/distributor_cost": 261.74134615384617,
  "eval/factory_cost": 244.26730769230772,
  "eval/bullwhip_retailer_a": 0.8757025204231101,
  "eval/bullwhip_retailer_b": 0.8587387782554027,
  "eval/bullwhip_wholesaler": 2.8054321617792097,
  "eval/bullwhip_distributor": 3.306419515800164,
  "eval/bullwhip_factory": 3.9374825542910465,
  "eval/sharing_rate": 0.3698076923076923,
  "eval/honesty_score": -0.046177099341297274,
  "eval/inflation_rate": 0.24575424575424576
}