{
  "eval/mean_system_cost": 842.660576923077,
  "eval/std_system_cost": 39.64203350083547,
  "eval/frac_actions_at_cap": 0.0,
  "eval/frac_capacity_binds": 0.8653846153846154,
  "eval/frac_allocation_triggers": 0.9471153846153846,
  "eval/retailer_cost": 45.760576923076925,
  "eval/wholesaler_cost": 139.57884615384614,
  "eval/distributor_cost": 297.04038461538465,
  "eval/factory_cost": 360.28076923076924,
  "eval/bullwhip_retailer": 4.904960700251176,
  "eval/bullwhip_wholesaler": 6.09268915835242,
  "eval/bullwhip_distributor": 8.98987089787781,
  "eval/bullwhip_factory": 17.25205053667399
}