{
  "eval/mean_system_cost": 894.1879807692306,
  "eval/std_system_cost": 220.9716568630196,
  "eval/frac_actions_at_cap": 0.0,
  "eval/frac_capacity_binds": 0.7,
  "eval/frac_allocation_triggers": 0.9730769230769231,
  "eval/retailer_a_cost": 48.319230769230764,
  "eval/retailer_b_cost": 43.1798076923077,
  "eval/wholesaler_cost": 306.90865384615387,
  "eval/distributor_cost": 262.4846153846154,
  "eval/factory_cost": 233.2956730769231,
  "eval/bullwhip_retailer_a": 1.0052461160033002,
  "eval/bullwhip_retailer_b": 0.9634567903012482,
  "eval/bullwhip_wholesaler": 2.9783577913347585,
  "eval/bullwhip_distributor": 4.009638323762044,
  "eval/bullwhip_factory": 4.836161765632802,
  "eval/sharing_rate": 0.44557692307692304,
  "eval/honesty_score": -0.04008612382709158,
  "eval/inflation_rate": 0.20948616600790515
}