{
  "eval/mean_system_cost": 55.54230769230769,
  "eval/std_system_cost": 20.410160064922067,
  "eval/frac_actions_at_cap": 0.0,
  "eval/frac_capacity_binds": 0.0,
  "eval/frac_allocation_triggers": 0.7269230769230769,
  "eval/retailer_cost": 13.927403846153846,
  "eval/wholesaler_cost": 18.650961538461537,
  "eval/distributor_cost": 14.59375,
  "eval/factory_cost": 8.370192307692308,
  "eval/bullwhip_retailer": 2.2868401688266244,
  "eval/bullwhip_wholesaler": 3.294869549017337,
  "eval/bullwhip_distributor": 4.220693674573979,
  "eval/bullwhip_factory": 2.897879967505512
}