{
  "eval/mean_system_cost": 810.7466346153844,
  "eval/std_system_cost": 170.02309861117197,
  "eval/frac_actions_at_cap": 0.0,
  "eval/frac_capacity_binds": 0.7009615384615384,
  "eval/frac_allocation_triggers": 0.9596153846153846,
  "eval/retailer_a_cost": 75.17211538461538,
  "eval/retailer_b_cost": 40.30048076923076,
  "eval/wholesaler_cost": 259.01634615384614,
  "eval/distributor_cost": 224.7524038461538,
  "eval/factory_cost": 211.50528846153847,
  "eval/bullwhip_retailer_a": 0.8149239746240793,
  "eval/bullwhip_retailer_b": 0.7915549557530777,
  "eval/bullwhip_wholesaler": 2.8316332593064435,
  "eval/bullwhip_distributor": 3.6028527820355203,
  "eval/bullwhip_factory": 4.480397628718637,
  "eval/sharing_rate": 0.3026923076923077,
  "eval/honesty_score": -0.048284192076984075,
  "eval/inflation_rate": 0.251503006012024
}