{
  "eval/mean_system_cost": 724.8985576923077,
  "eval/std_system_cost": 294.79668125535227,
  "eval/frac_actions_at_cap": 0.0,
  "eval/frac_capacity_binds": 0.7951923076923076,
  "eval/frac_allocation_triggers": 0.9625,
  "eval/retailer_a_cost": 44.981730769230765,
  "eval/retailer_b_cost": 47.15721153846154,
  "eval/wholesaler_cost": 180.0177884615385,
  "eval/distributor_cost": 186.04855769230767,
  "eval/factory_cost": 266.69326923076926,
  "eval/bullwhip_retailer_a": 0.7999085469340071,
  "eval/bullwhip_retailer_b": 0.6669395786106739,
  "eval/bullwhip_wholesaler": 2.3220655995050894,
  "eval/bullwhip_distributor": 4.098794282677563,
  "eval/bullwhip_factory": 6.28510593710845
}