{
  "eval/mean_system_cost": 67.75240384615384,
  "eval/std_system_cost": 9.33402429658059,
  "eval/frac_actions_at_cap": 0.0,
  "eval/frac_capacity_binds": 0.6759615384615385,
  "eval/frac_allocation_triggers": 0.7326923076923076,
  "eval/retailer_cost": 7.959134615384615,
  "eval/wholesaler_cost": 10.802403846153847,
  "eval/distributor_cost": 10.01875,
  "eval/factory_cost": 38.972115384615385,
  "eval/bullwhip_retailer": 2.9062904866385706,
  "eval/bullwhip_wholesaler": 3.809672999809485,
  "eval/bullwhip_distributor": 4.002919563169801,
  "eval/bullwhip_factory": 4.086876797950211
}