{
  "eval/mean_system_cost": 481.69375,
  "eval/std_system_cost": 173.97872902579243,
  "eval/frac_actions_at_cap": 0.0,
  "eval/frac_capacity_binds": 0.5413461538461538,
  "eval/frac_allocation_triggers": 0.9644230769230769,
  "eval/retailer_a_cost": 76.80913461538461,
  "eval/retailer_b_cost": 70.22740384615385,
  "eval/wholesaler_cost": 139.62451923076924,
  "eval/distributor_cost": 111.52451923076924,
  "eval/factory_cost": 83.50817307692307,
  "eval/bullwhip_retailer_a": 0.5527441333479923,
  "eval/bullwhip_retailer_b": 0.5577372745810919,
  "eval/bullwhip_wholesaler": 1.230676453652091,
  "eval/bullwhip_distributor": 1.384408321043788,
  "eval/bullwhip_factory": 1.508972289655004
}