{
  "eval/mean_system_cost": 382.0798076923078,
  "eval/std_system_cost": 96.45844183530221,
  "eval/frac_actions_at_cap": 0.0,
  "eval/frac_capacity_binds": 0.7115384615384616,
  "eval/frac_allocation_triggers": 0.9384615384615385,
  "eval/retailer_cost": 46.63317307692307,
  "eval/wholesaler_cost": 79.64999999999999,
  "eval/distributor_cost": 113.13221153846152,
  "eval/factory_cost": 142.6644230769231,
  "eval/bullwhip_retailer": 3.665198770813314,
  "eval/bullwhip_wholesaler": 6.252537825700399,
  "eval/bullwhip_distributor": 8.154349750839822,
  "eval/bullwhip_factory": 10.285563369306995,
  "eval/sharing_rate": 0.42235576923076923,
  "eval/honesty_score": -0.03788561229554361,
  "eval/inflation_rate": 0.26104417670682734
}