{
  "eval/mean_system_cost": 185.03269230769232,
  "eval/std_system_cost": 59.13114220569645,
  "eval/retailer_cost": 14.603365384615383,
  "eval/wholesaler_cost": 37.68798076923077,
  "eval/distributor_cost": 57.43509615384615,
  "eval/factory_cost": 75.30625,
  "eval/bullwhip_retailer": 1.7748193054953987,
  "eval/bullwhip_wholesaler": 2.400110778111522,
  "eval/bullwhip_distributor": 2.853751200985337,
  "eval/bullwhip_factory": 3.5457985882338003,
  "eval/sharing_rate": 0.5067307692307693,
  "eval/honesty_score": -0.08252754171142443,
  "eval/inflation_rate": 0.3034274193548387
}