{
  "eval/mean_system_cost": 880.5793269230771,
  "eval/std_system_cost": 213.87442710670217,
  "eval/frac_actions_at_cap": 0.0,
  "eval/frac_capacity_binds": 0.7375,
  "eval/frac_allocation_triggers": 0.9625,
  "eval/retailer_a_cost": 36.237980769230774,
  "eval/retailer_b_cost": 36.989423076923075,
  "eval/wholesaler_cost": 301.44326923076926,
  "eval/distributor_cost": 263.8639423076923,
  "eval/factory_cost": 242.0447115384615,
  "eval/bullwhip_retailer_a": 0.6622302761251847,
  "eval/bullwhip_retailer_b": 0.6636939489981929,
  "eval/bullwhip_wholesaler": 2.832928310390214,
  "eval/bullwhip_distributor": 3.835267231207972,
  "eval/bullwhip_factory": 4.860884009794874,
  "eval/sharing_rate": 0.546346153846154,
  "eval/honesty_score": -0.039065229346154605,
  "eval/inflation_rate": 0.21578421578421578
}