{
  "eval/mean_system_cost": 712.1206730769231,
  "eval/std_system_cost": 225.33558123894028,
  "eval/frac_actions_at_cap": 0.0,
  "eval/frac_capacity_binds": 0.6586538461538461,
  "eval/frac_allocation_triggers": 0.975,
  "eval/retailer_a_cost": 84.63846153846154,
  "eval/retailer_b_cost": 72.22163461538462,
  "eval/wholesaler_cost": 198.41538461538465,
  "eval/distributor_cost": 180.80096153846154,
  "eval/factory_cost": 176.04423076923078,
  "eval/bullwhip_retailer_a": 1.088566518469522,
  "eval/bullwhip_retailer_b": 1.0464286161582155,
  "eval/bullwhip_wholesaler": 2.6723825592112833,
  "eval/bullwhip_distributor": 3.312761391700252,
  "eval/bullwhip_factory": 3.8842699457973753,
  "eval/sharing_rate": 0.4492307692307692,
  "eval/honesty_score": -0.040082217745482374,
  "eval/inflation_rate": 0.26528599605522685
}