{
  "eval/mean_system_cost": 288.379326923077,
  "eval/std_system_cost": 66.33592071828451,
  "eval/retailer_cost": 33.424519230769235,
  "eval/wholesaler_cost": 51.32307692307692,
  "eval/distributor_cost": 95.39711538461539,
  "eval/factory_cost": 108.23461538461538,
  "eval/bullwhip_retailer": 1.8392007768047711,
  "eval/bullwhip_wholesaler": 2.581350929042048,
  "eval/bullwhip_distributor": 2.9980923767644407,
  "eval/bullwhip_factory": 3.5416226323673246,
  "eval/sharing_rate": 0.6223557692307692,
  "eval/honesty_score": -0.08257935912740602,
  "eval/inflation_rate": 0.27972027972027974
}