{
  "eval/mean_system_cost": 315.2778846153846,
  "eval/std_system_cost": 73.64032261241161,
  "eval/frac_actions_at_cap": 0.0,
  "eval/frac_capacity_binds": 0.698076923076923,
  "eval/frac_allocation_triggers": 0.9413461538461538,
  "eval/retailer_cost": 29.543750000000006,
  "eval/wholesaler_cost": 64.47980769230769,
  "eval/distributor_cost": 89.5653846153846,
  "eval/factory_cost": 131.68894230769232,
  "eval/bullwhip_retailer": 3.9401940116139227,
  "eval/bullwhip_wholesaler": 6.194523904802446,
  "eval/bullwhip_distributor": 8.520831838500495,
  "eval/bullwhip_factory": 11.02835935004429,
  "eval/sharing_rate": 0.3646634615384615,
  "eval/honesty_score": -0.03699252348309343,
  "eval/inflation_rate": 0.29979879275653926
}