{
  "eval/mean_system_cost": 1083.3980769230768,
  "eval/std_system_cost": 77.29317400987432,
  "eval/frac_actions_at_cap": 0.0,
  "eval/frac_capacity_binds": 0.9423076923076923,
  "eval/frac_allocation_triggers": 0.9461538461538461,
  "eval/retailer_cost": 47.058173076923076,
  "eval/wholesaler_cost": 188.9235576923077,
  "eval/distributor_cost": 361.09230769230766,
  "eval/factory_cost": 486.32403846153846,
  "eval/bullwhip_retailer": 1.5023342074568344,
  "eval/bullwhip_wholesaler": 3.7813907147818626,
  "eval/bullwhip_distributor": 8.740619348296272,
  "eval/bullwhip_factory": 12.568643348132868
}