{
  "eval/mean_system_cost": 717.1057692307693,
  "eval/std_system_cost": 237.11937096982868,
  "eval/frac_actions_at_cap": 0.0,
  "eval/frac_capacity_binds": 0.6259615384615385,
  "eval/frac_allocation_triggers": 0.9740384615384615,
  "eval/retailer_a_cost": 84.65480769230768,
  "eval/retailer_b_cost": 85.27163461538463,
  "eval/wholesaler_cost": 191.89375,
  "eval/distributor_cost": 180.14471153846154,
  "eval/factory_cost": 175.14086538461535,
  "eval/bullwhip_retailer_a": 1.1066159404356166,
  "eval/bullwhip_retailer_b": 0.9565288921211694,
  "eval/bullwhip_wholesaler": 2.6863174866647377,
  "eval/bullwhip_distributor": 3.217330739154556,
  "eval/bullwhip_factory": 3.741550516245158,
  "eval/sharing_rate": 0.5192307692307692,
  "eval/honesty_score": -0.04020602905931879,
  "eval/inflation_rate": 0.26258637709772953
}