{
  "eval/mean_system_cost": 114.44374999999998,
  "eval/std_system_cost": 48.596257655192616,
  "eval/frac_actions_at_cap": 0.0,
  "eval/frac_capacity_binds": 0.0,
  "eval/frac_allocation_triggers": 0.8451923076923077,
  "eval/retailer_cost": 41.00769230769231,
  "eval/wholesaler_cost": 48.10480769230769,
  "eval/distributor_cost": 16.95576923076923,
  "eval/factory_cost": 8.37548076923077,
  "eval/bullwhip_retailer": 1.1260590771865726,
  "eval/bullwhip_wholesaler": 0.9887736044769626,
  "eval/bullwhip_distributor": 1.0299914746637264,
  "eval/bullwhip_factory": 1.0736250694390046
}