{
  "eval/mean_system_cost": 1583.3749999999998,
  "eval/std_system_cost": 191.09709351376407,
  "eval/frac_actions_at_cap": 0.0,
  "eval/frac_capacity_binds": 0.8653846153846154,
  "eval/frac_allocation_triggers": 0.9807692307692307,
  "eval/retailer_a_cost": 43.191346153846155,
  "eval/retailer_b_cost": 46.15865384615385,
  "eval/wholesaler_cost": 481.50288461538446,
  "eval/distributor_cost": 533.7432692307692,
  "eval/factory_cost": 478.7788461538462,
  "eval/bullwhip_retailer_a": 0.30804804661277235,
  "eval/bullwhip_retailer_b": 0.31386620246865177,
  "eval/bullwhip_wholesaler": 2.5635454633209283,
  "eval/bullwhip_distributor": 3.8929923828770203,
  "eval/bullwhip_factory": 5.2848420346760925
}