{
  "eval/mean_system_cost": 564.8908653846154,
  "eval/std_system_cost": 98.29602441606714,
  "eval/frac_actions_at_cap": 0.0,
  "eval/frac_capacity_binds": 0.864423076923077,
  "eval/frac_allocation_triggers": 0.9596153846153846,
  "eval/retailer_cost": 26.287019230769232,
  "eval/wholesaler_cost": 108.88076923076922,
  "eval/distributor_cost": 174.12980769230768,
  "eval/factory_cost": 255.59326923076924,
  "eval/bullwhip_retailer": 1.1100287961862885,
  "eval/bullwhip_wholesaler": 2.516546713373084,
  "eval/bullwhip_distributor": 8.497356651676027,
  "eval/bullwhip_factory": 17.355616788319242
}