{
  "eval/mean_system_cost": 457.8153846153846,
  "eval/std_system_cost": 182.9864514811566,
  "eval/frac_actions_at_cap": 0.0,
  "eval/frac_capacity_binds": 0.635576923076923,
  "eval/frac_allocation_triggers": 0.9682692307692308,
  "eval/retailer_a_cost": 46.699999999999996,
  "eval/retailer_b_cost": 38.589903846153845,
  "eval/wholesaler_cost": 131.22259615384615,
  "eval/distributor_cost": 114.08173076923075,
  "eval/factory_cost": 127.22115384615384,
  "eval/bullwhip_retailer_a": 1.075409016922912,
  "eval/bullwhip_retailer_b": 1.0966108834176753,
  "eval/bullwhip_wholesaler": 2.7736199182143575,
  "eval/bullwhip_distributor": 3.4624217513272257,
  "eval/bullwhip_factory": 4.341751642645502,
  "eval/sharing_rate": 0.5525,
  "eval/honesty_score": -0.041749386769740125,
  "eval/inflation_rate": 0.29096325719960275
}