{
  "eval/mean_system_cost": 465.9663461538461,
  "eval/std_system_cost": 148.59725840733412,
  "eval/frac_actions_at_cap": 0.0,
  "eval/frac_capacity_binds": 0.7096153846153846,
  "eval/frac_allocation_triggers": 0.9509615384615384,
  "eval/retailer_cost": 78.2485576923077,
  "eval/wholesaler_cost": 102.45288461538462,
  "eval/distributor_cost": 127.69615384615388,
  "eval/factory_cost": 157.56875000000002,
  "eval/bullwhip_retailer": 2.0114795547857702,
  "eval/bullwhip_wholesaler": 2.7485038873596137,
  "eval/bullwhip_distributor": 3.9160259444496033,
  "eval/bullwhip_factory": 4.8082097526408045,
  "eval/sharing_rate": 0.4240384615384616,
  "eval/honesty_score": -0.03751772735987908,
  "eval/inflation_rate": 0.26216484607745777
}