{
  "eval/mean_system_cost": 362.91346153846155,
  "eval/std_system_cost": 97.45197625325862,
  "eval/frac_actions_at_cap": 0.0,
  "eval/frac_capacity_binds": 0.6990384615384615,
  "eval/frac_allocation_triggers": 0.9317307692307693,
  "eval/retailer_cost": 59.910096153846155,
  "eval/wholesaler_cost": 74.09374999999997,
  "eval/distributor_cost": 92.1,
  "eval/factory_cost": 136.80961538461537,
  "eval/bullwhip_retailer": 3.470915373362702,
  "eval/bullwhip_wholesaler": 5.719767268340255,
  "eval/bullwhip_distributor": 7.464109764094631,
  "eval/bullwhip_factory": 10.224494728700417,
  "eval/sharing_rate": 0.5194711538461539,
  "eval/honesty_score": -0.03566812189172218,
  "eval/inflation_rate": 0.2854251012145749
}