{
  "eval/mean_system_cost": 1001.4504807692308,
  "eval/std_system_cost": 85.95517116728671,
  "eval/frac_actions_at_cap": 0.0,
  "eval/frac_capacity_binds": 0.9615384615384616,
  "eval/frac_allocation_triggers": 0.9442307692307692,
  "eval/retailer_cost": 42.3528846153846,
  "eval/wholesaler_cost": 183.26971153846154,
  "eval/distributor_cost": 341.6557692307693,
  "eval/factory_cost": 434.17211538461544,
  "eval/bullwhip_retailer": 1.4690280555088344,
  "eval/bullwhip_wholesaler": 2.747580235723585,
  "eval/bullwhip_distributor": 5.432193130542941,
  "eval/bullwhip_factory": 8.112074604272179
}