{
  "eval/mean_system_cost": 961.2677884615387,
  "eval/std_system_cost": 177.66767757400214,
  "eval/frac_actions_at_cap": 0.0,
  "eval/frac_capacity_binds": 0.7115384615384616,
  "eval/frac_allocation_triggers": 0.9596153846153846,
  "eval/retailer_a_cost": 25.290384615384617,
  "eval/retailer_b_cost": 141.68028846153842,
  "eval/wholesaler_cost": 283.94519230769237,
  "eval/distributor_cost": 260.92451923076925,
  "eval/factory_cost": 249.42740384615385,
  "eval/bullwhip_retailer_a": 0.7821064115273975,
  "eval/bullwhip_retailer_b": 0.887589681839817,
  "eval/bullwhip_wholesaler": 2.902577925217575,
  "eval/bullwhip_distributor": 3.676488410714332,
  "eval/bullwhip_factory": 4.387197049816509,
  "eval/sharing_rate": 0.34480769230769226,
  "eval/honesty_score": -0.04181625365074157,
  "eval/inflation_rate": 0.26426426426426425
}