{
  "eval/mean_system_cost": 921.1807692307691,
  "eval/std_system_cost": 262.6870888059971,
  "eval/frac_actions_at_cap": 0.0,
  "eval/frac_capacity_binds": 0.8201923076923077,
  "eval/frac_allocation_triggers": 0.9519230769230769,
  "eval/retailer_a_cost": 85.94375,
  "eval/retailer_b_cost": 103.54182692307693,
  "eval/wholesaler_cost": 236.13653846153846,
  "eval/distributor_cost": 264.09326923076924,
  "eval/factory_cost": 231.46538461538458,
  "eval/bullwhip_retailer_a": 0.6370947033500016,
  "eval/bullwhip_retailer_b": 0.3083890998557286,
  "eval/bullwhip_wholesaler": 2.041951460686133,
  "eval/bullwhip_distributor": 2.3473797191840653,
  "eval/bullwhip_factory": 2.617228494558904
}