{
  "eval/mean_system_cost": 102.7716346153846,
  "eval/std_system_cost": 23.590990571029682,
  "eval/frac_actions_at_cap": 0.0,
  "eval/frac_capacity_binds": 0.0,
  "eval/frac_allocation_triggers": 0.7192307692307692,
  "eval/retailer_a_cost": 10.964423076923076,
  "eval/retailer_b_cost": 11.307692307692307,
  "eval/wholesaler_cost": 37.36971153846154,
  "eval/distributor_cost": 26.557211538461537,
  "eval/factory_cost": 16.572596153846156,
  "eval/bullwhip_retailer_a": 0.9938244523806121,
  "eval/bullwhip_retailer_b": 1.0576910163958944,
  "eval/bullwhip_wholesaler": 3.546652223347553,
  "eval/bullwhip_distributor": 4.5153809745485525,
  "eval/bullwhip_factory": 5.660692301651105,
  "eval/sharing_rate": 0.4361538461538461,
  "eval/honesty_score": -0.05751527586642609,
  "eval/inflation_rate": 0.2393048128342246
}