{
  "eval/mean_system_cost": 528.1379807692308,
  "eval/std_system_cost": 208.906618608412,
  "eval/frac_actions_at_cap": 0.0,
  "eval/frac_capacity_binds": 0.6192307692307693,
  "eval/frac_allocation_triggers": 0.9653846153846154,
  "eval/retailer_a_cost": 59.07980769230768,
  "eval/retailer_b_cost": 54.90432692307693,
  "eval/wholesaler_cost": 142.04375,
  "eval/distributor_cost": 136.45625,
  "eval/factory_cost": 135.65384615384613,
  "eval/bullwhip_retailer_a": 1.0216118814086768,
  "eval/bullwhip_retailer_b": 1.0675370502956685,
  "eval/bullwhip_wholesaler": 2.68403743169422,
  "eval/bullwhip_distributor": 3.435077866058229,
  "eval/bullwhip_factory": 4.078072367843713,
  "eval/sharing_rate": 0.485,
  "eval/honesty_score": -0.039617719025217,
  "eval/inflation_rate": 0.26693227091633465
}