{
  "eval/mean_system_cost": 849.8754807692309,
  "eval/std_system_cost": 251.38882600577193,
  "eval/frac_actions_at_cap": 0.0,
  "eval/frac_capacity_binds": 0.6951923076923077,
  "eval/frac_allocation_triggers": 0.9740384615384615,
  "eval/retailer_a_cost": 68.05625,
  "eval/retailer_b_cost": 54.62548076923076,
  "eval/wholesaler_cost": 265.9951923076923,
  "eval/distributor_cost": 241.61298076923072,
  "eval/factory_cost": 219.58557692307696,
  "eval/bullwhip_retailer_a": 1.1102592062069894,
  "eval/bullwhip_retailer_b": 0.9970960025173032,
  "eval/bullwhip_wholesaler": 2.972077141698144,
  "eval/bullwhip_distributor": 3.6966479975096567,
  "eval/bullwhip_factory": 4.445744552687924,
  "eval/sharing_rate": 0.4626923076923076,
  "eval/honesty_score": -0.039958233756416175,
  "eval/inflation_rate": 0.24975320829220138
}