{
  "eval/mean_system_cost": 251.0649038461538,
  "eval/std_system_cost": 79.02464066387373,
  "eval/frac_actions_at_cap": 0.0,
  "eval/frac_capacity_binds": 0.3798076923076923,
  "eval/frac_allocation_triggers": 0.9259615384615385,
  "eval/retailer_cost": 96.34038461538462,
  "eval/wholesaler_cost": 48.45,
  "eval/distributor_cost": 51.56346153846154,
  "eval/factory_cost": 54.71105769230769,
  "eval/bullwhip_retailer": 0.9264944669140398,
  "eval/bullwhip_wholesaler": 0.9428209019569732,
  "eval/bullwhip_distributor": 0.958329854907052,
  "eval/bullwhip_factory": 0.9707643981927966
}