{
  "eval/mean_system_cost": 937.6889423076924,
  "eval/std_system_cost": 176.41605700435164,
  "eval/frac_actions_at_cap": 0.0,
  "eval/frac_capacity_binds": 0.7201923076923077,
  "eval/frac_allocation_triggers": 0.9576923076923077,
  "eval/retailer_a_cost": 80.72163461538462,
  "eval/retailer_b_cost": 73.50817307692307,
  "eval/wholesaler_cost": 288.01875,
  "eval/distributor_cost": 255.14711538461538,
  "eval/factory_cost": 240.29326923076923,
  "eval/bullwhip_retailer_a": 0.9064038917996249,
  "eval/bullwhip_retailer_b": 0.8454617856549275,
  "eval/bullwhip_wholesaler": 3.0865807075919225,
  "eval/bullwhip_distributor": 3.7951157025139666,
  "eval/bullwhip_factory": 4.48717519318848,
  "eval/sharing_rate": 0.4661538461538461,
  "eval/honesty_score": -0.042352340096600036,
  "eval/inflation_rate": 0.255
}