{
  "eval/mean_system_cost": 1580.7394230769232,
  "eval/std_system_cost": 189.46782285587201,
  "eval/frac_actions_at_cap": 0.0,
  "eval/frac_capacity_binds": 0.8846153846153846,
  "eval/frac_allocation_triggers": 0.9807692307692307,
  "eval/retailer_a_cost": 81.56586538461536,
  "eval/retailer_b_cost": 70.00721153846156,
  "eval/wholesaler_cost": 530.3067307692307,
  "eval/distributor_cost": 475.94615384615383,
  "eval/factory_cost": 422.91346153846155,
  "eval/bullwhip_retailer_a": 0.31017230082473324,
  "eval/bullwhip_retailer_b": 0.3083890998557286,
  "eval/bullwhip_wholesaler": 1.8057498919074364,
  "eval/bullwhip_distributor": 2.5547744751101824,
  "eval/bullwhip_factory": 3.2493646256538886
}