{
  "eval/mean_system_cost": 1445.6783653846155,
  "eval/std_system_cost": 151.73640072160623,
  "eval/frac_actions_at_cap": 0.0,
  "eval/frac_capacity_binds": 0.8653846153846154,
  "eval/frac_allocation_triggers": 0.9807692307692307,
  "eval/retailer_a_cost": 24.546634615384615,
  "eval/retailer_b_cost": 35.5625,
  "eval/wholesaler_cost": 421.98942307692306,
  "eval/distributor_cost": 456.32499999999993,
  "eval/factory_cost": 507.2548076923076,
  "eval/bullwhip_retailer_a": 0.3121773808583737,
  "eval/bullwhip_retailer_b": 0.30310629539316364,
  "eval/bullwhip_wholesaler": 2.2026413180567057,
  "eval/bullwhip_distributor": 4.696134680617613,
  "eval/bullwhip_factory": 7.2361374305898964
}