{
  "config": {
    "regime": "A",
    "horizon": 52,
    "total_timesteps": 400000,
    "n_envs": 64,
    "rollout_steps": 128,
    "update_epochs": 4,
    "minibatch_size": 2048,
    "gamma": 0.99,
    "gae_lambda": 0.95,
    "clip_coef": 0.2,
    "ent_coef": 0.01,
    "vf_coef": 0.5,
    "max_grad_norm": 0.5,
    "learning_rate": 0.0003,
    "hidden": 256,
    "order_cap": 128,
    "action_mode": "relative",
    "action_delta_max": 8,
    "claim_delta_max": 8,
    "reward_scale": 0.1,
    "demand": "ar1",
    "topology": "y",
    "capacity_mult": 1.2,
    "rationing": "honesty_weighted",
    "seed": 9,
    "device": "cpu",
    "log_every": 10,
    "eval_every": 10,
    "eval_episodes": 8,
    "out_dir": "artifacts/runs/ippo/tier1_v11",
    "run_name": "regimeA_topoy_cap1p2mu_rathonesty_weighted_demar1_seed9",
    "boundary_warn_frac": 0.05
  },
  "git_sha": "e194e5f6e05933b55bb6b639c0adda72f279d908",
  "obs_dim": 12,
  "n_order": 17,
  "signaling": false,
  "capacity": 17.26153846153846,
  "topology": "y",
  "roles": [
    "retailer_a",
    "retailer_b",
    "wholesaler",
    "distributor",
    "factory"
  ],
  "independent_policies": true,
  "shared_critic": false,
  "demand_info_value": {
    "uniform": {
      "process": "uniform",
      "mse_blind": 21.201294055777932,
      "mse_informed": 21.20129411764706,
      "mse_reduction": -6.186912671068967e-08,
      "relative_mse_reduction": -2.918176906934067e-09,
      "lag1_r2": 0.00033067651328511083,
      "mean": 7.499961538461538,
      "var": 21.209384613905325,
      "n_pairs": 25500.0
    },
    "ar1": {
      "process": "ar1",
      "mse_blind": 7.971489270071934,
      "mse_informed": 4.137492156862745,
      "mse_reduction": 3.833997113209189,
      "relative_mse_reduction": 0.480963717482943,
      "lag1_r2": 0.48097656887665086,
      "mean": 7.518730769230769,
      "var": 7.899264542899408,
      "n_pairs": 25500.0
    },
    "regime_switch": {
      "process": "regime_switch",
      "mse_blind": 18.42537812402831,
      "mse_informed": 8.30070308407167,
      "mse_reduction": 10.12467503995664,
      "relative_mse_reduction": 0.5494961879101508,
      "lag1_r2": 0.49003014566430936,
      "mean": 8.021461538461539,
      "var": 18.433616325443786,
      "n_pairs": 25500.0
    },
    "classic_step": {
      "process": "classic_step",
      "mse_blind": 0.8910546467107553,
      "mse_informed": 0.3137254901960784,
      "mse_reduction": 0.5773291565146769,
      "relative_mse_reduction": 0.6479166666666667,
      "lag1_r2": 0.734375,
      "mean": 7.6923076923076925,
      "var": 1.136094674556213,
      "n_pairs": 25500.0
    }
  },
  "order_cap_recommendation": {
    "suggested_hard_cap": 128,
    "d_hi_approx": 16.0,
    "max_plausible_need_abs": 176.0,
    "relative_ratchet_horizon": 432.0,
    "rationale": "Fallback d_hi=16.0; cap=128."
  }
}