{
  "eval/mean_system_cost": 711.3240384615385,
  "eval/std_system_cost": 271.3878367288617,
  "eval/frac_actions_at_cap": 0.0,
  "eval/frac_capacity_binds": 0.825,
  "eval/frac_allocation_triggers": 0.9673076923076923,
  "eval/retailer_a_cost": 41.83125,
  "eval/retailer_b_cost": 44.20432692307692,
  "eval/wholesaler_cost": 170.20625,
  "eval/distributor_cost": 187.72451923076923,
  "eval/factory_cost": 267.35769230769233,
  "eval/bullwhip_retailer_a": 0.889566663454219,
  "eval/bullwhip_retailer_b": 0.5583068801713154,
  "eval/bullwhip_wholesaler": 2.389704191947002,
  "eval/bullwhip_distributor": 3.8531625291189977,
  "eval/bullwhip_factory": 6.304339410024789
}