{
  "eval/mean_system_cost": 707.8870192307692,
  "eval/std_system_cost": 111.65598474805245,
  "eval/frac_actions_at_cap": 0.0,
  "eval/frac_capacity_binds": 0.8519230769230769,
  "eval/frac_allocation_triggers": 0.9576923076923077,
  "eval/retailer_cost": 40.00961538461539,
  "eval/wholesaler_cost": 170.90480769230768,
  "eval/distributor_cost": 203.88846153846154,
  "eval/factory_cost": 293.0841346153846,
  "eval/bullwhip_retailer": 1.0734971356064382,
  "eval/bullwhip_wholesaler": 1.7543800135598595,
  "eval/bullwhip_distributor": 3.435155742896818,
  "eval/bullwhip_factory": 7.322463223197432
}