{
  "eval/mean_system_cost": 822.441826923077,
  "eval/std_system_cost": 382.4086467014954,
  "eval/frac_actions_at_cap": 0.0,
  "eval/frac_capacity_binds": 0.7240384615384615,
  "eval/frac_allocation_triggers": 0.926923076923077,
  "eval/retailer_cost": 75.90721153846155,
  "eval/wholesaler_cost": 173.51923076923077,
  "eval/distributor_cost": 266.9451923076923,
  "eval/factory_cost": 306.0701923076923,
  "eval/bullwhip_retailer": 2.1754797224237175,
  "eval/bullwhip_wholesaler": 4.949970907815838,
  "eval/bullwhip_distributor": 7.866673931277257,
  "eval/bullwhip_factory": 10.295675589552001
}