{
  "config": {
    "regime": "A",
    "horizon": 52,
    "total_timesteps": 400000,
    "n_envs": 64,
    "rollout_steps": 128,
    "update_epochs": 4,
    "minibatch_size": 2048,
    "gamma": 0.99,
    "gae_lambda": 0.95,
    "clip_coef": 0.2,
    "ent_coef": 0.01,
    "vf_coef": 0.5,
    "max_grad_norm": 0.5,
    "learning_rate": 0.0003,
    "hidden": 256,
    "order_cap": 128,
    "action_mode": "relative",
    "action_delta_max": 8,
    "claim_delta_max": 8,
    "reward_scale": 0.1,
    "demand": "regime_switch",
    "topology": "serial",
    "capacity_mult": 1.2,
    "rationing": "proportional",
    "seed": 6,
    "device": "cpu",
    "log_every": 10,
    "eval_every": 10,
    "eval_episodes": 8,
    "out_dir": "artifacts/runs/ippo/tier1_v11",
    "run_name": "regimeA_toposerial_cap1p2mu_ratproportional_demregime_switch_seed6",
    "boundary_warn_frac": 0.05
  },
  "git_sha": "e194e5f6e05933b55bb6b639c0adda72f279d908",
  "obs_dim": 12,
  "n_order": 17,
  "signaling": false,
  "capacity": 6.692307692307692,
  "topology": "serial",
  "roles": [
    "retailer",
    "wholesaler",
    "distributor",
    "factory"
  ],
  "independent_policies": true,
  "shared_critic": false,
  "demand_info_value": {
    "uniform": {
      "process": "uniform",
      "mse_blind": 21.20082347612832,
      "mse_informed": 21.200823529411764,
      "mse_reduction": -5.3283443435248046e-08,
      "relative_mse_reduction": -2.5132723497860393e-09,
      "lag1_r2": 0.00030746923401170356,
      "mean": 7.499576923076923,
      "var": 21.20484597485207,
      "n_pairs": 25500.0
    },
    "ar1": {
      "process": "ar1",
      "mse_blind": 7.978023339453533,
      "mse_informed": 4.141067843137255,
      "mse_reduction": 3.8369554963162784,
      "relative_mse_reduction": 0.48094062063487225,
      "lag1_r2": 0.48095449748789876,
      "mean": 7.522269230769231,
      "var": 7.905196389053255,
      "n_pairs": 25500.0
    },
    "regime_switch": {
      "process": "regime_switch",
      "mse_blind": 18.430082222879683,
      "mse_informed": 8.304649363639545,
      "mse_reduction": 10.125432859240139,
      "relative_mse_reduction": 0.5493970529697425,
      "lag1_r2": 0.48979628268998654,
      "mean": 8.000692307692308,
      "var": 18.43676875147929,
      "n_pairs": 25500.0
    },
    "classic_step": {
      "process": "classic_step",
      "mse_blind": 0.8910546467107553,
      "mse_informed": 0.3137254901960784,
      "mse_reduction": 0.5773291565146769,
      "relative_mse_reduction": 0.6479166666666667,
      "lag1_r2": 0.734375,
      "mean": 7.6923076923076925,
      "var": 1.136094674556213,
      "n_pairs": 25500.0
    }
  },
  "order_cap_recommendation": {
    "suggested_hard_cap": 128,
    "d_hi_approx": 16.5,
    "max_plausible_need_abs": 181.5,
    "relative_ratchet_horizon": 432.5,
    "rationale": "Regime-switch high\u224816.5; cap=128 matches AR(1) headroom."
  }
}