{
  "eval/mean_system_cost": 1478.8403846153847,
  "eval/std_system_cost": 236.40017264633906,
  "eval/frac_actions_at_cap": 0.0,
  "eval/frac_capacity_binds": 0.864423076923077,
  "eval/frac_allocation_triggers": 0.9807692307692307,
  "eval/retailer_a_cost": 43.119711538461544,
  "eval/retailer_b_cost": 36.61971153846154,
  "eval/wholesaler_cost": 429.525,
  "eval/distributor_cost": 456.01538461538456,
  "eval/factory_cost": 513.560576923077,
  "eval/bullwhip_retailer_a": 0.5260327392144425,
  "eval/bullwhip_retailer_b": 0.5350166327709647,
  "eval/bullwhip_wholesaler": 2.225558421379794,
  "eval/bullwhip_distributor": 4.439937227172898,
  "eval/bullwhip_factory": 6.496674063858428
}