{
  "eval/mean_system_cost": 704.7918269230769,
  "eval/std_system_cost": 199.0056819504118,
  "eval/frac_actions_at_cap": 0.0,
  "eval/frac_capacity_binds": 0.6365384615384615,
  "eval/frac_allocation_triggers": 0.9692307692307692,
  "eval/retailer_a_cost": 84.3423076923077,
  "eval/retailer_b_cost": 71.9341346153846,
  "eval/wholesaler_cost": 193.55624999999998,
  "eval/distributor_cost": 179.00673076923076,
  "eval/factory_cost": 175.95240384615386,
  "eval/bullwhip_retailer_a": 1.0333146315867636,
  "eval/bullwhip_retailer_b": 1.0746412859126433,
  "eval/bullwhip_wholesaler": 2.5735957360543518,
  "eval/bullwhip_distributor": 3.0397858301742104,
  "eval/bullwhip_factory": 3.7179633627133435,
  "eval/sharing_rate": 0.5246153846153845,
  "eval/honesty_score": -0.03968969595456915,
  "eval/inflation_rate": 0.2748015873015873
}