{
  "eval/mean_system_cost": 1219.1365384615383,
  "eval/std_system_cost": 218.1547518662711,
  "eval/frac_actions_at_cap": 0.0,
  "eval/frac_capacity_binds": 0.8557692307692307,
  "eval/frac_allocation_triggers": 0.9807692307692307,
  "eval/retailer_a_cost": 32.948076923076925,
  "eval/retailer_b_cost": 33.24903846153846,
  "eval/wholesaler_cost": 307.57788461538456,
  "eval/distributor_cost": 398.5836538461539,
  "eval/factory_cost": 446.77788461538466,
  "eval/bullwhip_retailer_a": 0.5940589387905684,
  "eval/bullwhip_retailer_b": 0.5591658295808255,
  "eval/bullwhip_wholesaler": 2.3352595363475115,
  "eval/bullwhip_distributor": 4.6478359516709205,
  "eval/bullwhip_factory": 6.739825438583833
}