{
  "eval/mean_system_cost": 118.20000000000002,
  "eval/std_system_cost": 20.278656854352267,
  "eval/frac_actions_at_cap": 0.0,
  "eval/frac_capacity_binds": 0.0,
  "eval/frac_allocation_triggers": 0.6557692307692308,
  "eval/retailer_a_cost": 19.968749999999996,
  "eval/retailer_b_cost": 13.64375,
  "eval/wholesaler_cost": 26.813461538461535,
  "eval/distributor_cost": 44.11778846153846,
  "eval/factory_cost": 13.656249999999996,
  "eval/bullwhip_retailer_a": 0.3105167716499236,
  "eval/bullwhip_retailer_b": 0.3548690128037976,
  "eval/bullwhip_wholesaler": 1.6405597570842245,
  "eval/bullwhip_distributor": 1.7138439882519563,
  "eval/bullwhip_factory": 1.8861530559689885
}