{
  "eval/mean_system_cost": 577.4274038461538,
  "eval/std_system_cost": 74.97698947275464,
  "eval/frac_actions_at_cap": 0.0,
  "eval/frac_capacity_binds": 0.9423076923076923,
  "eval/frac_allocation_triggers": 0.9432692307692307,
  "eval/retailer_cost": 19.034134615384616,
  "eval/wholesaler_cost": 121.96923076923073,
  "eval/distributor_cost": 229.74134615384614,
  "eval/factory_cost": 206.6826923076923,
  "eval/bullwhip_retailer": 1.4019308704217905,
  "eval/bullwhip_wholesaler": 2.347992917519996,
  "eval/bullwhip_distributor": 3.494037358688649,
  "eval/bullwhip_factory": 4.886216341193537
}