{
  "eval/mean_system_cost": 783.1822115384615,
  "eval/std_system_cost": 92.4296755840787,
  "eval/frac_actions_at_cap": 0.0,
  "eval/frac_capacity_binds": 0.864423076923077,
  "eval/frac_allocation_triggers": 0.9653846153846154,
  "eval/retailer_cost": 43.29567307692308,
  "eval/wholesaler_cost": 178.3754807692308,
  "eval/distributor_cost": 244.8014423076923,
  "eval/factory_cost": 316.7096153846154,
  "eval/bullwhip_retailer": 1.7409882398331984,
  "eval/bullwhip_wholesaler": 2.1951446666124,
  "eval/bullwhip_distributor": 3.4352124712324126,
  "eval/bullwhip_factory": 5.950401936050026
}