{
  "eval/mean_system_cost": 337.58653846153845,
  "eval/std_system_cost": 77.5863790788376,
  "eval/frac_actions_at_cap": 0.0,
  "eval/frac_capacity_binds": 0.28557692307692306,
  "eval/frac_allocation_triggers": 0.948076923076923,
  "eval/retailer_a_cost": 49.19615384615385,
  "eval/retailer_b_cost": 63.599519230769225,
  "eval/wholesaler_cost": 102.92211538461538,
  "eval/distributor_cost": 74.92500000000001,
  "eval/factory_cost": 46.943749999999994,
  "eval/bullwhip_retailer_a": 0.3168000763558939,
  "eval/bullwhip_retailer_b": 0.30238874509905767,
  "eval/bullwhip_wholesaler": 1.1665719908072356,
  "eval/bullwhip_distributor": 1.2891964715456308,
  "eval/bullwhip_factory": 1.4131050021415774
}