{
  "eval/mean_system_cost": 185.70673076923077,
  "eval/std_system_cost": 48.12717253799021,
  "eval/retailer_cost": 11.190865384615384,
  "eval/wholesaler_cost": 18.521153846153844,
  "eval/distributor_cost": 57.13846153846155,
  "eval/factory_cost": 98.85625,
  "eval/bullwhip_retailer": 1.6646811480075336,
  "eval/bullwhip_wholesaler": 2.25920425314577,
  "eval/bullwhip_distributor": 2.983046527748106,
  "eval/bullwhip_factory": 3.8293683399310905,
  "eval/sharing_rate": 0.4793269230769231,
  "eval/honesty_score": -0.08145500621766204,
  "eval/inflation_rate": 0.33768844221105526
}