{
  "eval/mean_system_cost": 389.3120192307692,
  "eval/std_system_cost": 56.362252760126395,
  "eval/retailer_cost": 59.46634615384615,
  "eval/wholesaler_cost": 85.0360576923077,
  "eval/distributor_cost": 107.2951923076923,
  "eval/factory_cost": 137.51442307692304,
  "eval/bullwhip_retailer": 1.5928089892436574,
  "eval/bullwhip_wholesaler": 2.248879205804479,
  "eval/bullwhip_distributor": 2.8818251816723275,
  "eval/bullwhip_factory": 3.5005451070225226,
  "eval/sharing_rate": 0.42860576923076915,
  "eval/honesty_score": -0.08062510424359862,
  "eval/inflation_rate": 0.2852882703777336
}