{
  "eval/mean_system_cost": 484.5908653846154,
  "eval/std_system_cost": 84.12336273514019,
  "eval/frac_actions_at_cap": 0.0,
  "eval/frac_capacity_binds": 0.8134615384615385,
  "eval/frac_allocation_triggers": 0.9298076923076923,
  "eval/retailer_cost": 85.5889423076923,
  "eval/wholesaler_cost": 23.402884615384615,
  "eval/distributor_cost": 157.9591346153846,
  "eval/factory_cost": 217.6399038461538,
  "eval/bullwhip_retailer": 1.0735011584530476,
  "eval/bullwhip_wholesaler": 1.4935362935864973,
  "eval/bullwhip_distributor": 2.291958237887185,
  "eval/bullwhip_factory": 3.467058733143276
}