{
  "eval/mean_system_cost": 102.63365384615386,
  "eval/std_system_cost": 21.93168583078322,
  "eval/frac_actions_at_cap": 0.0,
  "eval/frac_capacity_binds": 0.0,
  "eval/frac_allocation_triggers": 0.7557692307692307,
  "eval/retailer_a_cost": 14.668269230769232,
  "eval/retailer_b_cost": 15.085096153846155,
  "eval/wholesaler_cost": 33.966346153846146,
  "eval/distributor_cost": 24.34759615384615,
  "eval/factory_cost": 14.566346153846155,
  "eval/bullwhip_retailer_a": 1.1702365186100778,
  "eval/bullwhip_retailer_b": 1.0922723147781253,
  "eval/bullwhip_wholesaler": 3.161400541338679,
  "eval/bullwhip_distributor": 3.879543929719283,
  "eval/bullwhip_factory": 4.668500541798667,
  "eval/sharing_rate": 0.5342307692307692,
  "eval/honesty_score": -0.05852680939177183,
  "eval/inflation_rate": 0.27353689567430023
}