{
  "eval/mean_system_cost": 874.6995192307692,
  "eval/std_system_cost": 209.418172398665,
  "eval/frac_actions_at_cap": 0.0,
  "eval/frac_capacity_binds": 0.7990384615384616,
  "eval/frac_allocation_triggers": 0.9490384615384615,
  "eval/retailer_a_cost": 69.29134615384616,
  "eval/retailer_b_cost": 75.71394230769232,
  "eval/wholesaler_cost": 208.91201923076923,
  "eval/distributor_cost": 248.02067307692306,
  "eval/factory_cost": 272.76153846153846,
  "eval/bullwhip_retailer_a": 0.3335773620796267,
  "eval/bullwhip_retailer_b": 0.3890359231469182,
  "eval/bullwhip_wholesaler": 1.9923630776824015,
  "eval/bullwhip_distributor": 3.309668726956812,
  "eval/bullwhip_factory": 3.7748995083262087
}