{
  "eval/mean_system_cost": 425.88076923076926,
  "eval/std_system_cost": 75.15930119807422,
  "eval/frac_actions_at_cap": 0.0,
  "eval/frac_capacity_binds": 0.7,
  "eval/frac_allocation_triggers": 0.9384615384615385,
  "eval/retailer_cost": 83.7875,
  "eval/wholesaler_cost": 91.31586538461539,
  "eval/distributor_cost": 116.32740384615386,
  "eval/factory_cost": 134.45000000000002,
  "eval/bullwhip_retailer": 3.96532667626949,
  "eval/bullwhip_wholesaler": 5.956966579705488,
  "eval/bullwhip_distributor": 7.345869421192977,
  "eval/bullwhip_factory": 9.032505347494405,
  "eval/sharing_rate": 0.5177884615384616,
  "eval/honesty_score": -0.03605480052147481,
  "eval/inflation_rate": 0.2715430861723447
}