{
  "eval/mean_system_cost": 1651.7298076923078,
  "eval/std_system_cost": 195.53272007047386,
  "eval/frac_actions_at_cap": 0.0,
  "eval/frac_capacity_binds": 0.8653846153846154,
  "eval/frac_allocation_triggers": 0.9615384615384616,
  "eval/retailer_a_cost": 74.48653846153846,
  "eval/retailer_b_cost": 82.75192307692308,
  "eval/wholesaler_cost": 553.7923076923078,
  "eval/distributor_cost": 497.69230769230774,
  "eval/factory_cost": 443.0067307692308,
  "eval/bullwhip_retailer_a": 0.30938163103089855,
  "eval/bullwhip_retailer_b": 0.4098519008844476,
  "eval/bullwhip_wholesaler": 2.0166946861367427,
  "eval/bullwhip_distributor": 2.8068362987715565,
  "eval/bullwhip_factory": 3.535195697655563
}