{
  "eval/mean_system_cost": 1037.3495192307694,
  "eval/std_system_cost": 179.95471162667613,
  "eval/frac_actions_at_cap": 0.0,
  "eval/frac_capacity_binds": 0.8653846153846154,
  "eval/frac_allocation_triggers": 0.9605769230769231,
  "eval/retailer_a_cost": 47.63846153846154,
  "eval/retailer_b_cost": 64.56875000000001,
  "eval/wholesaler_cost": 325.35480769230765,
  "eval/distributor_cost": 324.3490384615385,
  "eval/factory_cost": 275.4384615384615,
  "eval/bullwhip_retailer_a": 0.3716099615099049,
  "eval/bullwhip_retailer_b": 0.3485268683914718,
  "eval/bullwhip_wholesaler": 1.8372434957461934,
  "eval/bullwhip_distributor": 2.371931124564066,
  "eval/bullwhip_factory": 3.076592066898183
}