{
  "eval/mean_system_cost": 118.63365384615383,
  "eval/std_system_cost": 25.81504178209941,
  "eval/frac_actions_at_cap": 0.0,
  "eval/frac_capacity_binds": 0.37403846153846154,
  "eval/frac_allocation_triggers": 0.9221153846153847,
  "eval/retailer_cost": 60.802403846153844,
  "eval/wholesaler_cost": 12.432692307692308,
  "eval/distributor_cost": 19.1625,
  "eval/factory_cost": 26.23605769230769,
  "eval/bullwhip_retailer": 1.676410448128845,
  "eval/bullwhip_wholesaler": 1.651447987207462,
  "eval/bullwhip_distributor": 1.634927072064767,
  "eval/bullwhip_factory": 1.6303255200047622
}