{
  "eval/mean_system_cost": 1697.6850961538462,
  "eval/std_system_cost": 189.6243214677736,
  "eval/frac_actions_at_cap": 0.0,
  "eval/frac_capacity_binds": 0.8653846153846154,
  "eval/frac_allocation_triggers": 0.9615384615384616,
  "eval/retailer_a_cost": 99.28942307692309,
  "eval/retailer_b_cost": 81.67163461538462,
  "eval/wholesaler_cost": 556.0182692307693,
  "eval/distributor_cost": 505.08076923076925,
  "eval/factory_cost": 455.6250000000001,
  "eval/bullwhip_retailer_a": 0.39622369730798723,
  "eval/bullwhip_retailer_b": 0.3083890998557286,
  "eval/bullwhip_wholesaler": 1.942902634874826,
  "eval/bullwhip_distributor": 2.6838713783944868,
  "eval/bullwhip_factory": 3.37018714917016
}