{
  "eval/mean_system_cost": 92.06105769230768,
  "eval/std_system_cost": 29.520062985481417,
  "eval/frac_actions_at_cap": 0.0,
  "eval/frac_capacity_binds": 0.11634615384615385,
  "eval/frac_allocation_triggers": 0.9096153846153846,
  "eval/retailer_cost": 76.25336538461538,
  "eval/wholesaler_cost": 5.857211538461539,
  "eval/distributor_cost": 5.786538461538461,
  "eval/factory_cost": 4.163942307692308,
  "eval/bullwhip_retailer": 1.225258599490525,
  "eval/bullwhip_wholesaler": 1.2189343010693932,
  "eval/bullwhip_distributor": 1.2255897634220572,
  "eval/bullwhip_factory": 1.3091012675920166
}