{
  "eval/mean_system_cost": 1381.7091346153845,
  "eval/std_system_cost": 255.47590054773974,
  "eval/frac_actions_at_cap": 0.0,
  "eval/frac_capacity_binds": 0.8057692307692308,
  "eval/frac_allocation_triggers": 0.9528846153846153,
  "eval/retailer_a_cost": 62.28028846153846,
  "eval/retailer_b_cost": 67.66634615384616,
  "eval/wholesaler_cost": 366.6846153846153,
  "eval/distributor_cost": 412.49807692307684,
  "eval/factory_cost": 472.5798076923077,
  "eval/bullwhip_retailer_a": 0.5200838723226653,
  "eval/bullwhip_retailer_b": 0.5729062889620834,
  "eval/bullwhip_wholesaler": 3.465079605600704,
  "eval/bullwhip_distributor": 6.531966493605235,
  "eval/bullwhip_factory": 10.808374977071356
}