{
  "eval/mean_system_cost": 1009.6115384615384,
  "eval/std_system_cost": 237.20564177214564,
  "eval/frac_actions_at_cap": 0.0,
  "eval/frac_capacity_binds": 0.7961538461538461,
  "eval/frac_allocation_triggers": 0.948076923076923,
  "eval/retailer_a_cost": 58.46153846153847,
  "eval/retailer_b_cost": 76.3706730769231,
  "eval/wholesaler_cost": 254.50528846153844,
  "eval/distributor_cost": 273.38221153846155,
  "eval/factory_cost": 346.891826923077,
  "eval/bullwhip_retailer_a": 0.403564107662092,
  "eval/bullwhip_retailer_b": 0.5978360402440572,
  "eval/bullwhip_wholesaler": 2.4138407638278943,
  "eval/bullwhip_distributor": 4.648779827751241,
  "eval/bullwhip_factory": 5.335579718700206
}