{
  "eval/mean_system_cost": 28.590384615384615,
  "eval/std_system_cost": 11.62170707958977,
  "eval/frac_actions_at_cap": 0.0,
  "eval/frac_capacity_binds": 0.0,
  "eval/frac_allocation_triggers": 0.5625,
  "eval/retailer_cost": 7.437980769230769,
  "eval/wholesaler_cost": 8.123076923076923,
  "eval/distributor_cost": 8.189903846153845,
  "eval/factory_cost": 4.839423076923078,
  "eval/bullwhip_retailer": 1.9375167904182067,
  "eval/bullwhip_wholesaler": 2.742284872013877,
  "eval/bullwhip_distributor": 3.06749451865688,
  "eval/bullwhip_factory": 2.352579184035485
}