{
  "eval/mean_system_cost": 251.73701923076925,
  "eval/std_system_cost": 59.262963066099644,
  "eval/frac_actions_at_cap": 0.0,
  "eval/frac_capacity_binds": 0.075,
  "eval/frac_allocation_triggers": 0.95,
  "eval/retailer_a_cost": 57.58798076923076,
  "eval/retailer_b_cost": 76.55384615384615,
  "eval/wholesaler_cost": 58.22788461538462,
  "eval/distributor_cost": 39.239423076923075,
  "eval/factory_cost": 20.12788461538462,
  "eval/bullwhip_retailer_a": 0.35782393511165383,
  "eval/bullwhip_retailer_b": 0.3908749799434059,
  "eval/bullwhip_wholesaler": 1.1827801559810658,
  "eval/bullwhip_distributor": 1.2391128871725854,
  "eval/bullwhip_factory": 1.2845140818374363
}