{
  "episode_count": 3,
  "episodes": [
    {
      "actions": [
        22,
        22,
        22,
        22,
        22,
        22,
        22,
        22,
        22,
        22,
        22,
        22,
        22,
        22,
        22,
        22,
        22,
        22,
        22,
        22,
        22,
        22,
        22,
        22,
        22,
        22,
        22,
        22,
        22,
        22,
        22,
        22,
        0,
        0,
        0,
        0
      ],
      "bullwhip_ratio": 4.251400878388611,
      "completion_tokens": 1584,
      "controlled_role": "wholesaler",
      "environment_version": "0.2.0",
      "episode_id": "sha256:f789d5921b14e4f692db05571b9650eba10805ee9a7751650dd8a43a1c3c3d72",
      "immediate_fill_rate": 0.48527131782945737,
      "local_total_cost": 1245.5,
      "master_seed_hex": "e2056d6d52741a08",
      "paired_base_stock_local_total_cost": 1015.5,
      "prompt_tokens": 37900,
      "protocol_clean": true,
      "reward": 0.4491375497567448,
      "scenario_id": "t5-strategic-y-v2",
      "seed_index": 0,
      "system_total_cost": 4591.0
    },
    {
      "actions": [
        16,
        22,
        22,
        22,
        22,
        22,
        22,
        22,
        22,
        22,
        22,
        22,
        22,
        22,
        22,
        22,
        22,
        22,
        22,
        22,
        22,
        22,
        22,
        22,
        22,
        22,
        22,
        22,
        22,
        22,
        0,
        0,
        0,
        0,
        0,
        0
      ],
      "bullwhip_ratio": 7.937639198218263,
      "completion_tokens": 1584,
      "controlled_role": "wholesaler",
      "environment_version": "0.2.0",
      "episode_id": "sha256:67b5979a997b7d49954b9d3dd7f7a598dd14bdd0155b01601c0e58f7dbbf665e",
      "immediate_fill_rate": 0.6051779935275081,
      "local_total_cost": 866.0,
      "master_seed_hex": "eb407ffb0878d586",
      "paired_base_stock_local_total_cost": 475.0,
      "prompt_tokens": 38026,
      "protocol_clean": true,
      "reward": 0.3542132736763609,
      "scenario_id": "t5-strategic-y-v2",
      "seed_index": 1,
      "system_total_cost": 3538.5
    },
    {
      "actions": [
        16,
        40,
        20,
        22,
        22,
        22,
        22,
        22,
        22,
        22,
        22,
        22,
        22,
        22,
        22,
        22,
        22,
        22,
        22,
        50,
        50,
        50,
        50,
        50,
        50,
        22,
        22,
        22,
        22,
        22,
        22,
        22,
        0,
        0,
        0,
        0
      ],
      "bullwhip_ratio": 10.432564982834723,
      "completion_tokens": 1584,
      "controlled_role": "wholesaler",
      "environment_version": "0.2.0",
      "episode_id": "sha256:e2e16e6e26cf02b999712f15d5f375dcd2845be04e9639237126dd4492abed93",
      "immediate_fill_rate": 0.3358433734939759,
      "local_total_cost": 1224.0,
      "master_seed_hex": "28ddd0687a15373c",
      "paired_base_stock_local_total_cost": 1061.5,
      "prompt_tokens": 37808,
      "protocol_clean": true,
      "reward": 0.46444979216801574,
      "scenario_id": "t5-strategic-y-v2",
      "seed_index": 2,
      "system_total_cost": 10572.5
    }
  ],
  "schema_version": "1.0.0",
  "source_trace_sha256": "93a472f982352d357d02bf7035ab0967a0cafc9979652c918c703763d03d9992"
}
