{
  "eval/mean_system_cost": 192.26153846153846,
  "eval/std_system_cost": 61.91475036588473,
  "eval/frac_actions_at_cap": 0.0,
  "eval/frac_capacity_binds": 0.26153846153846155,
  "eval/frac_allocation_triggers": 0.926923076923077,
  "eval/retailer_cost": 97.2048076923077,
  "eval/wholesaler_cost": 25.436538461538458,
  "eval/distributor_cost": 31.716346153846153,
  "eval/factory_cost": 37.90384615384615,
  "eval/bullwhip_retailer": 0.8091432766788185,
  "eval/bullwhip_wholesaler": 0.8130898531441929,
  "eval/bullwhip_distributor": 0.8218081956549599,
  "eval/bullwhip_factory": 0.8275440325492346
}