{
  "eval/mean_system_cost": 1360.3269230769233,
  "eval/std_system_cost": 250.1153238815739,
  "eval/frac_actions_at_cap": 0.0,
  "eval/frac_capacity_binds": 0.825,
  "eval/frac_allocation_triggers": 0.9528846153846153,
  "eval/retailer_a_cost": 74.73557692307692,
  "eval/retailer_b_cost": 91.87692307692308,
  "eval/wholesaler_cost": 404.9509615384615,
  "eval/distributor_cost": 392.0375,
  "eval/factory_cost": 396.72596153846155,
  "eval/bullwhip_retailer_a": 0.5610911111288338,
  "eval/bullwhip_retailer_b": 0.5834046048696457,
  "eval/bullwhip_wholesaler": 3.0755520553371247,
  "eval/bullwhip_distributor": 4.857544627785,
  "eval/bullwhip_factory": 5.5862780095010995
}