{
  "eval/mean_system_cost": 533.7596153846155,
  "eval/std_system_cost": 170.1238181127944,
  "eval/frac_actions_at_cap": 0.0,
  "eval/frac_capacity_binds": 0.6490384615384616,
  "eval/frac_allocation_triggers": 0.9586538461538462,
  "eval/retailer_a_cost": 32.30913461538462,
  "eval/retailer_b_cost": 47.86586538461538,
  "eval/wholesaler_cost": 155.9653846153846,
  "eval/distributor_cost": 143.86778846153848,
  "eval/factory_cost": 153.7514423076923,
  "eval/bullwhip_retailer_a": 0.8850082002788765,
  "eval/bullwhip_retailer_b": 0.9824692315849944,
  "eval/bullwhip_wholesaler": 2.8188979715136258,
  "eval/bullwhip_distributor": 3.5991963600866055,
  "eval/bullwhip_factory": 4.472965023093764,
  "eval/sharing_rate": 0.49288461538461537,
  "eval/honesty_score": -0.04298191660152217,
  "eval/inflation_rate": 0.2728184553660983
}