{
  "eval/mean_system_cost": 359.7120192307692,
  "eval/std_system_cost": 112.12222701754497,
  "eval/frac_actions_at_cap": 0.0,
  "eval/frac_capacity_binds": 0.30865384615384617,
  "eval/frac_allocation_triggers": 0.948076923076923,
  "eval/retailer_a_cost": 57.775480769230775,
  "eval/retailer_b_cost": 59.10144230769231,
  "eval/wholesaler_cost": 110.01346153846153,
  "eval/distributor_cost": 80.9173076923077,
  "eval/factory_cost": 51.90432692307693,
  "eval/bullwhip_retailer_a": 0.31691470742152966,
  "eval/bullwhip_retailer_b": 0.3053112046256725,
  "eval/bullwhip_wholesaler": 1.2044848240936523,
  "eval/bullwhip_distributor": 1.343743268471797,
  "eval/bullwhip_factory": 1.481179439483474
}