{
  "eval/mean_system_cost": 1430.5009615384615,
  "eval/std_system_cost": 301.447579850534,
  "eval/frac_actions_at_cap": 0.0,
  "eval/frac_capacity_binds": 0.8605769230769231,
  "eval/frac_allocation_triggers": 0.975,
  "eval/retailer_a_cost": 91.15624999999999,
  "eval/retailer_b_cost": 53.20144230769231,
  "eval/wholesaler_cost": 487.1740384615384,
  "eval/distributor_cost": 428.22307692307703,
  "eval/factory_cost": 370.74615384615385,
  "eval/bullwhip_retailer_a": 0.9059432150069022,
  "eval/bullwhip_retailer_b": 0.5332587579514025,
  "eval/bullwhip_wholesaler": 2.238135032457531,
  "eval/bullwhip_distributor": 2.978074664545749,
  "eval/bullwhip_factory": 5.329782917339638
}