{
  "eval/mean_system_cost": 113.61923076923078,
  "eval/std_system_cost": 27.989433366495916,
  "eval/frac_actions_at_cap": 0.0,
  "eval/frac_capacity_binds": 0.0,
  "eval/frac_allocation_triggers": 0.7711538461538462,
  "eval/retailer_a_cost": 12.451923076923078,
  "eval/retailer_b_cost": 14.324038461538459,
  "eval/wholesaler_cost": 42.940384615384616,
  "eval/distributor_cost": 29.76057692307693,
  "eval/factory_cost": 14.142307692307693,
  "eval/bullwhip_retailer_a": 0.9947911167114606,
  "eval/bullwhip_retailer_b": 0.9504165702998936,
  "eval/bullwhip_wholesaler": 3.3381618004769162,
  "eval/bullwhip_distributor": 3.8745688749943517,
  "eval/bullwhip_factory": 4.544295592117331,
  "eval/sharing_rate": 0.5015384615384614,
  "eval/honesty_score": -0.05265110224775926,
  "eval/inflation_rate": 0.23815461346633415
}