{
  "eval/mean_system_cost": 363.4254807692308,
  "eval/std_system_cost": 85.9829821749419,
  "eval/retailer_cost": 58.47163461538461,
  "eval/wholesaler_cost": 76.56153846153848,
  "eval/distributor_cost": 94.79903846153847,
  "eval/factory_cost": 133.59326923076924,
  "eval/bullwhip_retailer": 1.7119111415938981,
  "eval/bullwhip_wholesaler": 2.2959576828467245,
  "eval/bullwhip_distributor": 2.9914116174692644,
  "eval/bullwhip_factory": 3.6563834047792105,
  "eval/sharing_rate": 0.44230769230769235,
  "eval/honesty_score": -0.07871020992284604,
  "eval/inflation_rate": 0.2975124378109453
}