{
  "eval/mean_system_cost": 195.77836538461537,
  "eval/std_system_cost": 14.647635998289537,
  "eval/frac_actions_at_cap": 0.0,
  "eval/frac_capacity_binds": 0.0,
  "eval/frac_allocation_triggers": 0.9807692307692307,
  "eval/retailer_a_cost": 20.466346153846153,
  "eval/retailer_b_cost": 38.67980769230769,
  "eval/wholesaler_cost": 55.07019230769231,
  "eval/distributor_cost": 51.60240384615385,
  "eval/factory_cost": 29.959615384615383,
  "eval/bullwhip_retailer_a": 0.3638190558772842,
  "eval/bullwhip_retailer_b": 0.2911154893612175,
  "eval/bullwhip_wholesaler": 1.3211206333902707,
  "eval/bullwhip_distributor": 1.5990795539993592,
  "eval/bullwhip_factory": 1.6085522544932096
}