{
  "eval/mean_system_cost": 53.188461538461524,
  "eval/std_system_cost": 14.291860619094397,
  "eval/frac_actions_at_cap": 0.0,
  "eval/frac_capacity_binds": 0.0,
  "eval/frac_allocation_triggers": 0.7125,
  "eval/retailer_cost": 15.478365384615383,
  "eval/wholesaler_cost": 14.680288461538463,
  "eval/distributor_cost": 13.41875,
  "eval/factory_cost": 9.611057692307693,
  "eval/bullwhip_retailer": 2.2152539470826946,
  "eval/bullwhip_wholesaler": 3.1671065427171405,
  "eval/bullwhip_distributor": 3.751523524288788,
  "eval/bullwhip_factory": 4.288521263709499,
  "eval/sharing_rate": 0.4675480769230769,
  "eval/honesty_score": -0.0459372915053187,
  "eval/inflation_rate": 0.2145748987854251
}