{
  "eval/mean_system_cost": 139.9173076923077,
  "eval/std_system_cost": 41.37452094862018,
  "eval/frac_actions_at_cap": 0.0,
  "eval/frac_capacity_binds": 0.04807692307692308,
  "eval/frac_allocation_triggers": 0.9288461538461539,
  "eval/retailer_cost": 123.46826923076924,
  "eval/wholesaler_cost": 6.411057692307692,
  "eval/distributor_cost": 5.9504807692307695,
  "eval/factory_cost": 4.0875,
  "eval/bullwhip_retailer": 0.48932004638386545,
  "eval/bullwhip_wholesaler": 0.487317314667785,
  "eval/bullwhip_distributor": 0.4840221223674902,
  "eval/bullwhip_factory": 0.48292152439654507
}