{
  "eval/mean_system_cost": 1348.5899038461541,
  "eval/std_system_cost": 425.7484437054718,
  "eval/frac_actions_at_cap": 0.0,
  "eval/frac_capacity_binds": 0.8009615384615385,
  "eval/frac_allocation_triggers": 0.9644230769230769,
  "eval/retailer_a_cost": 84.83413461538461,
  "eval/retailer_b_cost": 83.85048076923077,
  "eval/wholesaler_cost": 373.2072115384616,
  "eval/distributor_cost": 400.36778846153845,
  "eval/factory_cost": 406.33028846153843,
  "eval/bullwhip_retailer_a": 1.148535401051994,
  "eval/bullwhip_retailer_b": 1.0799134276816589,
  "eval/bullwhip_wholesaler": 4.218026330588142,
  "eval/bullwhip_distributor": 6.41465663620713,
  "eval/bullwhip_factory": 7.146167346751369
}