{
  "eval/mean_system_cost": 725.8812499999999,
  "eval/std_system_cost": 190.13914196912626,
  "eval/frac_actions_at_cap": 0.0,
  "eval/frac_capacity_binds": 0.6932692307692307,
  "eval/frac_allocation_triggers": 0.9605769230769231,
  "eval/retailer_a_cost": 35.687019230769224,
  "eval/retailer_b_cost": 49.248076923076916,
  "eval/wholesaler_cost": 235.3701923076923,
  "eval/distributor_cost": 208.27740384615385,
  "eval/factory_cost": 197.2985576923077,
  "eval/bullwhip_retailer_a": 0.7944767573625872,
  "eval/bullwhip_retailer_b": 0.8238674821439753,
  "eval/bullwhip_wholesaler": 2.88478464271445,
  "eval/bullwhip_distributor": 3.774603078899033,
  "eval/bullwhip_factory": 4.786084593807552,
  "eval/sharing_rate": 0.3705769230769231,
  "eval/honesty_score": -0.046668479518571504,
  "eval/inflation_rate": 0.2552552552552553
}