{
  "eval/mean_system_cost": 730.3096153846155,
  "eval/std_system_cost": 309.75876578221335,
  "eval/frac_actions_at_cap": 0.0,
  "eval/frac_capacity_binds": 0.801923076923077,
  "eval/frac_allocation_triggers": 0.9673076923076923,
  "eval/retailer_a_cost": 59.59951923076922,
  "eval/retailer_b_cost": 58.2375,
  "eval/wholesaler_cost": 198.04855769230767,
  "eval/distributor_cost": 157.7846153846154,
  "eval/factory_cost": 256.63942307692304,
  "eval/bullwhip_retailer_a": 0.6764350502009814,
  "eval/bullwhip_retailer_b": 0.9183786124565722,
  "eval/bullwhip_wholesaler": 1.8354059415829984,
  "eval/bullwhip_distributor": 3.174953354059021,
  "eval/bullwhip_factory": 3.664347702661943
}