{
  "eval/mean_system_cost": 1453.2480769230772,
  "eval/std_system_cost": 182.26842486775428,
  "eval/frac_actions_at_cap": 0.0,
  "eval/frac_capacity_binds": 0.8846153846153846,
  "eval/frac_allocation_triggers": 0.9807692307692307,
  "eval/retailer_a_cost": 49.23605769230768,
  "eval/retailer_b_cost": 52.08413461538462,
  "eval/wholesaler_cost": 500.8192307692308,
  "eval/distributor_cost": 439.8048076923077,
  "eval/factory_cost": 411.30384615384617,
  "eval/bullwhip_retailer_a": 0.31691470742152966,
  "eval/bullwhip_retailer_b": 0.30531120462567246,
  "eval/bullwhip_wholesaler": 1.8584512110653781,
  "eval/bullwhip_distributor": 3.1210289422541915,
  "eval/bullwhip_factory": 3.934459289812427
}