{
  "eval/mean_system_cost": 1705.9865384615382,
  "eval/std_system_cost": 209.0924991058323,
  "eval/frac_actions_at_cap": 0.0,
  "eval/frac_capacity_binds": 0.864423076923077,
  "eval/frac_allocation_triggers": 0.9615384615384616,
  "eval/retailer_a_cost": 75.04423076923078,
  "eval/retailer_b_cost": 57.40673076923076,
  "eval/wholesaler_cost": 507.68557692307695,
  "eval/distributor_cost": 558.1605769230769,
  "eval/factory_cost": 507.68942307692305,
  "eval/bullwhip_retailer_a": 0.5016757573783849,
  "eval/bullwhip_retailer_b": 0.31386620246865177,
  "eval/bullwhip_wholesaler": 2.9184927815110173,
  "eval/bullwhip_distributor": 4.263117711663712,
  "eval/bullwhip_factory": 5.629941336462443
}