{
  "eval/mean_system_cost": 111.21826923076921,
  "eval/std_system_cost": 20.630061934865598,
  "eval/frac_actions_at_cap": 0.0,
  "eval/frac_capacity_binds": 0.0,
  "eval/frac_allocation_triggers": 0.7913461538461538,
  "eval/retailer_cost": 37.69326923076923,
  "eval/wholesaler_cost": 30.88894230769231,
  "eval/distributor_cost": 28.911057692307697,
  "eval/factory_cost": 13.725,
  "eval/bullwhip_retailer": 1.572680791137247,
  "eval/bullwhip_wholesaler": 2.131150233780254,
  "eval/bullwhip_distributor": 2.5039693364973945,
  "eval/bullwhip_factory": 3.5282624909266813
}