{
  "eval/mean_system_cost": 746.1115384615384,
  "eval/std_system_cost": 171.13206431189593,
  "eval/frac_actions_at_cap": 0.0,
  "eval/frac_capacity_binds": 0.6961538461538461,
  "eval/frac_allocation_triggers": 0.9596153846153846,
  "eval/retailer_a_cost": 35.96249999999999,
  "eval/retailer_b_cost": 32.61105769230769,
  "eval/wholesaler_cost": 252.92115384615377,
  "eval/distributor_cost": 216.01875000000004,
  "eval/factory_cost": 208.59807692307692,
  "eval/bullwhip_retailer_a": 0.7726488495004503,
  "eval/bullwhip_retailer_b": 0.6805072446477379,
  "eval/bullwhip_wholesaler": 2.8230946521739875,
  "eval/bullwhip_distributor": 3.8517285342318157,
  "eval/bullwhip_factory": 4.638437019109144,
  "eval/sharing_rate": 0.2734615384615385,
  "eval/honesty_score": -0.04702988647965041,
  "eval/inflation_rate": 0.24148296593186372
}