{
  "eval/mean_system_cost": 389.6326923076923,
  "eval/std_system_cost": 118.61723934279004,
  "eval/frac_actions_at_cap": 0.0,
  "eval/frac_capacity_binds": 0.36730769230769234,
  "eval/frac_allocation_triggers": 0.948076923076923,
  "eval/retailer_a_cost": 57.3875,
  "eval/retailer_b_cost": 66.61009615384616,
  "eval/wholesaler_cost": 117.35144230769231,
  "eval/distributor_cost": 88.51009615384616,
  "eval/factory_cost": 59.77355769230769,
  "eval/bullwhip_retailer_a": 0.31572598560756304,
  "eval/bullwhip_retailer_b": 0.30567532019702454,
  "eval/bullwhip_wholesaler": 1.2051770628609153,
  "eval/bullwhip_distributor": 1.3467656059238402,
  "eval/bullwhip_factory": 1.4869180607688095
}