{
  "eval/mean_system_cost": 222.6,
  "eval/std_system_cost": 65.67761432686666,
  "eval/retailer_cost": 12.127403846153848,
  "eval/wholesaler_cost": 26.728365384615376,
  "eval/distributor_cost": 75.28125,
  "eval/factory_cost": 108.46298076923077,
  "eval/bullwhip_retailer": 2.019861742453338,
  "eval/bullwhip_wholesaler": 2.8449503098866917,
  "eval/bullwhip_distributor": 3.4503309878392057,
  "eval/bullwhip_factory": 4.15129311189665,
  "eval/sharing_rate": 0.6088942307692308,
  "eval/honesty_score": -0.08634266193237068,
  "eval/inflation_rate": 0.3092369477911647
}