{
  "eval/mean_system_cost": 1114.747596153846,
  "eval/std_system_cost": 300.22310401515597,
  "eval/frac_actions_at_cap": 0.0,
  "eval/frac_capacity_binds": 0.8615384615384616,
  "eval/frac_allocation_triggers": 0.975,
  "eval/retailer_a_cost": 47.31923076923077,
  "eval/retailer_b_cost": 42.575480769230765,
  "eval/wholesaler_cost": 349.8625,
  "eval/distributor_cost": 288.2644230769231,
  "eval/factory_cost": 386.72596153846155,
  "eval/bullwhip_retailer_a": 0.554549472559491,
  "eval/bullwhip_retailer_b": 0.8306314369394321,
  "eval/bullwhip_wholesaler": 2.08771431932148,
  "eval/bullwhip_distributor": 3.889737866699786,
  "eval/bullwhip_factory": 6.646256818482003
}