{
  "eval/mean_system_cost": 36.449038461538464,
  "eval/std_system_cost": 12.590227650265224,
  "eval/frac_actions_at_cap": 0.0,
  "eval/frac_capacity_binds": 0.0,
  "eval/frac_allocation_triggers": 0.7923076923076923,
  "eval/retailer_cost": 9.358653846153846,
  "eval/wholesaler_cost": 9.801923076923078,
  "eval/distributor_cost": 9.176442307692309,
  "eval/factory_cost": 8.112019230769231,
  "eval/bullwhip_retailer": 3.7377851224256813,
  "eval/bullwhip_wholesaler": 5.892343165922758,
  "eval/bullwhip_distributor": 7.282928819594704,
  "eval/bullwhip_factory": 8.607330600856423,
  "eval/sharing_rate": 0.5103365384615384,
  "eval/honesty_score": -0.04321837328392665,
  "eval/inflation_rate": 0.20266990291262135
}