{
  "eval/mean_system_cost": 300.77259615384617,
  "eval/std_system_cost": 92.16448603394106,
  "eval/frac_actions_at_cap": 0.0,
  "eval/frac_capacity_binds": 0.10288461538461538,
  "eval/frac_allocation_triggers": 0.9644230769230769,
  "eval/retailer_a_cost": 56.09519230769231,
  "eval/retailer_b_cost": 81.24903846153845,
  "eval/wholesaler_cost": 79.89807692307693,
  "eval/distributor_cost": 54.51538461538462,
  "eval/factory_cost": 29.01490384615385,
  "eval/bullwhip_retailer_a": 0.5550711845503592,
  "eval/bullwhip_retailer_b": 0.3418556776949828,
  "eval/bullwhip_wholesaler": 0.9325166775350643,
  "eval/bullwhip_distributor": 1.041205562478923,
  "eval/bullwhip_factory": 1.1377248028566624
}