{
  "eval/mean_system_cost": 896.8894230769231,
  "eval/std_system_cost": 217.95370928838668,
  "eval/frac_actions_at_cap": 0.0,
  "eval/frac_capacity_binds": 0.6913461538461538,
  "eval/frac_allocation_triggers": 0.9721153846153846,
  "eval/retailer_a_cost": 88.62163461538464,
  "eval/retailer_b_cost": 80.28028846153845,
  "eval/wholesaler_cost": 269.68028846153845,
  "eval/distributor_cost": 236.96442307692308,
  "eval/factory_cost": 221.34278846153842,
  "eval/bullwhip_retailer_a": 1.034021576606499,
  "eval/bullwhip_retailer_b": 1.0729840944191842,
  "eval/bullwhip_wholesaler": 2.9219704792308976,
  "eval/bullwhip_distributor": 3.617475517032377,
  "eval/bullwhip_factory": 4.15283651191816,
  "eval/sharing_rate": 0.5071153846153845,
  "eval/honesty_score": -0.04092401936315979,
  "eval/inflation_rate": 0.2519762845849802
}