{
  "eval/mean_system_cost": 776.1783653846154,
  "eval/std_system_cost": 77.04679338963672,
  "eval/frac_actions_at_cap": 0.0,
  "eval/frac_capacity_binds": 0.8653846153846154,
  "eval/frac_allocation_triggers": 0.9471153846153846,
  "eval/retailer_cost": 33.1485576923077,
  "eval/wholesaler_cost": 127.7375,
  "eval/distributor_cost": 276.23173076923075,
  "eval/factory_cost": 339.06057692307695,
  "eval/bullwhip_retailer": 1.3476983486626775,
  "eval/bullwhip_wholesaler": 3.2347343261584256,
  "eval/bullwhip_distributor": 7.0643639107491065,
  "eval/bullwhip_factory": 16.176704949999
}