{
  "eval/mean_system_cost": 519.1716346153846,
  "eval/std_system_cost": 187.48717289149224,
  "eval/frac_actions_at_cap": 0.0,
  "eval/frac_capacity_binds": 0.6375,
  "eval/frac_allocation_triggers": 0.9682692307692308,
  "eval/retailer_a_cost": 47.84278846153846,
  "eval/retailer_b_cost": 40.424519230769235,
  "eval/wholesaler_cost": 146.39375,
  "eval/distributor_cost": 129.65721153846155,
  "eval/factory_cost": 154.8533653846154,
  "eval/bullwhip_retailer_a": 0.9630162359063166,
  "eval/bullwhip_retailer_b": 0.9908044049352385,
  "eval/bullwhip_wholesaler": 2.694851195812064,
  "eval/bullwhip_distributor": 3.574206386115248,
  "eval/bullwhip_factory": 4.398747257838588,
  "eval/sharing_rate": 0.4767307692307692,
  "eval/honesty_score": -0.03957899565146044,
  "eval/inflation_rate": 0.27209533267130087
}