{
  "eval/mean_system_cost": 999.3423076923078,
  "eval/std_system_cost": 215.95698211680957,
  "eval/frac_actions_at_cap": 0.0,
  "eval/frac_capacity_binds": 0.7413461538461539,
  "eval/frac_allocation_triggers": 0.9605769230769231,
  "eval/retailer_a_cost": 81.50432692307692,
  "eval/retailer_b_cost": 82.48846153846152,
  "eval/wholesaler_cost": 306.18221153846156,
  "eval/distributor_cost": 276.27259615384617,
  "eval/factory_cost": 252.89471153846156,
  "eval/bullwhip_retailer_a": 0.8712683196558978,
  "eval/bullwhip_retailer_b": 0.8544756982935772,
  "eval/bullwhip_wholesaler": 2.965996591939219,
  "eval/bullwhip_distributor": 3.5477976271177445,
  "eval/bullwhip_factory": 4.33123532898952,
  "eval/sharing_rate": 0.5132692307692308,
  "eval/honesty_score": -0.04057206420114969,
  "eval/inflation_rate": 0.23676323676323677
}