{
  "eval/mean_system_cost": 29.182692307692303,
  "eval/std_system_cost": 11.999741121467935,
  "eval/frac_actions_at_cap": 0.0,
  "eval/frac_capacity_binds": 0.0,
  "eval/frac_allocation_triggers": 0.6201923076923077,
  "eval/retailer_cost": 7.925480769230769,
  "eval/wholesaler_cost": 8.503846153846153,
  "eval/distributor_cost": 7.43173076923077,
  "eval/factory_cost": 5.321634615384616,
  "eval/bullwhip_retailer": 3.5945218717100547,
  "eval/bullwhip_wholesaler": 4.052296498408368,
  "eval/bullwhip_distributor": 5.563009649467068,
  "eval/bullwhip_factory": 3.2405502656873924
}