{
  "eval/mean_system_cost": 475.7211538461538,
  "eval/std_system_cost": 177.39319248289982,
  "eval/frac_actions_at_cap": 0.0,
  "eval/frac_capacity_binds": 0.7528846153846154,
  "eval/frac_allocation_triggers": 0.9211538461538461,
  "eval/retailer_cost": 69.07980769230768,
  "eval/wholesaler_cost": 124.31153846153848,
  "eval/distributor_cost": 147.3302884615385,
  "eval/factory_cost": 134.99951923076927,
  "eval/bullwhip_retailer": 1.440276107492913,
  "eval/bullwhip_wholesaler": 2.316271079408265,
  "eval/bullwhip_distributor": 2.449387842260072,
  "eval/bullwhip_factory": 4.602512544353801
}