{
  "eval/mean_system_cost": 995.7908653846155,
  "eval/std_system_cost": 226.5204018299898,
  "eval/frac_actions_at_cap": 0.0,
  "eval/frac_capacity_binds": 0.8653846153846154,
  "eval/frac_allocation_triggers": 0.9807692307692307,
  "eval/retailer_a_cost": 37.68653846153846,
  "eval/retailer_b_cost": 34.03894230769231,
  "eval/wholesaler_cost": 343.5365384615385,
  "eval/distributor_cost": 276.79423076923075,
  "eval/factory_cost": 303.73461538461544,
  "eval/bullwhip_retailer_a": 0.5636196279866522,
  "eval/bullwhip_retailer_b": 0.5719168774234198,
  "eval/bullwhip_wholesaler": 1.7185387160558074,
  "eval/bullwhip_distributor": 2.982548335934105,
  "eval/bullwhip_factory": 5.573267173613928
}