{
  "eval/mean_system_cost": 362.7764423076923,
  "eval/std_system_cost": 129.90850963398663,
  "eval/frac_actions_at_cap": 0.0,
  "eval/frac_capacity_binds": 0.6625,
  "eval/frac_allocation_triggers": 0.9528846153846153,
  "eval/retailer_cost": 43.270673076923075,
  "eval/wholesaler_cost": 69.26105769230767,
  "eval/distributor_cost": 108.8846153846154,
  "eval/factory_cost": 141.36009615384614,
  "eval/bullwhip_retailer": 2.0659549595308984,
  "eval/bullwhip_wholesaler": 3.0650791403902002,
  "eval/bullwhip_distributor": 3.9753214301664817,
  "eval/bullwhip_factory": 4.851597985136559,
  "eval/sharing_rate": 0.5218750000000001,
  "eval/honesty_score": -0.03730682060548736,
  "eval/inflation_rate": 0.2875751503006012
}