{
  "eval/mean_system_cost": 42.784134615384616,
  "eval/std_system_cost": 7.906354572828554,
  "eval/retailer_cost": 10.063942307692308,
  "eval/wholesaler_cost": 11.493269230769231,
  "eval/distributor_cost": 12.34903846153846,
  "eval/factory_cost": 8.877884615384616,
  "eval/bullwhip_retailer": 1.6777266386094487,
  "eval/bullwhip_wholesaler": 2.1211148429277458,
  "eval/bullwhip_distributor": 2.8423514713822637,
  "eval/bullwhip_factory": 3.5196743058967885,
  "eval/sharing_rate": 0.551923076923077,
  "eval/honesty_score": -0.101531026101038,
  "eval/inflation_rate": 0.22251655629139072
}