{
  "eval/mean_system_cost": 797.3201923076924,
  "eval/std_system_cost": 228.45305325516014,
  "eval/frac_actions_at_cap": 0.0,
  "eval/frac_capacity_binds": 0.7163461538461539,
  "eval/frac_allocation_triggers": 0.9692307692307692,
  "eval/retailer_a_cost": 45.075961538461534,
  "eval/retailer_b_cost": 34.129807692307686,
  "eval/wholesaler_cost": 273.7173076923077,
  "eval/distributor_cost": 234.71778846153848,
  "eval/factory_cost": 209.67932692307696,
  "eval/bullwhip_retailer_a": 0.9892394907815371,
  "eval/bullwhip_retailer_b": 0.9471490744738243,
  "eval/bullwhip_wholesaler": 2.975146679914285,
  "eval/bullwhip_distributor": 3.845153113157395,
  "eval/bullwhip_factory": 4.792974320254595,
  "eval/sharing_rate": 0.48673076923076913,
  "eval/honesty_score": -0.0407113570159583,
  "eval/inflation_rate": 0.2113095238095238
}