{
  "eval/mean_system_cost": 715.6644230769232,
  "eval/std_system_cost": 197.45281662203467,
  "eval/frac_actions_at_cap": 0.0,
  "eval/frac_capacity_binds": 0.6461538461538462,
  "eval/frac_allocation_triggers": 0.9721153846153846,
  "eval/retailer_a_cost": 66.79086538461539,
  "eval/retailer_b_cost": 35.03509615384616,
  "eval/wholesaler_cost": 232.56875,
  "eval/distributor_cost": 197.00576923076923,
  "eval/factory_cost": 184.26394230769233,
  "eval/bullwhip_retailer_a": 0.9528925784971324,
  "eval/bullwhip_retailer_b": 1.0181851210840862,
  "eval/bullwhip_wholesaler": 2.856395752178726,
  "eval/bullwhip_distributor": 3.7415895695487245,
  "eval/bullwhip_factory": 4.466835070419208,
  "eval/sharing_rate": 0.2705769230769231,
  "eval/honesty_score": -0.04591458484296419,
  "eval/inflation_rate": 0.2274975272007913
}