{
  "eval/mean_system_cost": 1517.6067307692306,
  "eval/std_system_cost": 170.64907978371318,
  "eval/frac_actions_at_cap": 0.0,
  "eval/frac_capacity_binds": 0.9038461538461539,
  "eval/frac_allocation_triggers": 0.9615384615384616,
  "eval/retailer_a_cost": 26.73701923076924,
  "eval/retailer_b_cost": 24.91298076923077,
  "eval/wholesaler_cost": 425.7932692307692,
  "eval/distributor_cost": 477.6682692307692,
  "eval/factory_cost": 562.4951923076924,
  "eval/bullwhip_retailer_a": 0.41910368853754315,
  "eval/bullwhip_retailer_b": 0.30707440986538254,
  "eval/bullwhip_wholesaler": 2.343257002025427,
  "eval/bullwhip_distributor": 4.284847436082885,
  "eval/bullwhip_factory": 5.797009677542185
}