{
  "eval/mean_system_cost": 31.037499999999994,
  "eval/std_system_cost": 13.158338154218761,
  "eval/frac_actions_at_cap": 0.0,
  "eval/frac_capacity_binds": 0.0,
  "eval/frac_allocation_triggers": 0.6413461538461539,
  "eval/retailer_cost": 7.227884615384616,
  "eval/wholesaler_cost": 9.249999999999998,
  "eval/distributor_cost": 8.957692307692307,
  "eval/factory_cost": 5.601923076923077,
  "eval/bullwhip_retailer": 2.4376140223294605,
  "eval/bullwhip_wholesaler": 5.515512159929717,
  "eval/bullwhip_distributor": 8.233503018176314,
  "eval/bullwhip_factory": 5.158695831511778
}