{
  "eval/mean_system_cost": 516.6802884615383,
  "eval/std_system_cost": 223.47381784486055,
  "eval/frac_actions_at_cap": 0.0,
  "eval/frac_capacity_binds": 0.6086538461538461,
  "eval/frac_allocation_triggers": 0.9711538461538461,
  "eval/retailer_a_cost": 41.49326923076923,
  "eval/retailer_b_cost": 46.662019230769225,
  "eval/wholesaler_cost": 153.35961538461538,
  "eval/distributor_cost": 138.56923076923076,
  "eval/factory_cost": 136.59615384615384,
  "eval/bullwhip_retailer_a": 1.0497162633621215,
  "eval/bullwhip_retailer_b": 1.1260929160973534,
  "eval/bullwhip_wholesaler": 3.1197045304645186,
  "eval/bullwhip_distributor": 3.9515959972258665,
  "eval/bullwhip_factory": 4.747767973663954,
  "eval/sharing_rate": 0.49269230769230765,
  "eval/honesty_score": -0.04360576789379229,
  "eval/inflation_rate": 0.2712871287128713
}