{
  "eval/mean_system_cost": 182.69038461538463,
  "eval/std_system_cost": 45.15723798851607,
  "eval/retailer_cost": 13.880288461538461,
  "eval/wholesaler_cost": 31.94855769230769,
  "eval/distributor_cost": 50.08605769230769,
  "eval/factory_cost": 86.77548076923077,
  "eval/bullwhip_retailer": 1.751492531535488,
  "eval/bullwhip_wholesaler": 2.354099128948522,
  "eval/bullwhip_distributor": 2.949249881599621,
  "eval/bullwhip_factory": 3.616271534335498,
  "eval/sharing_rate": 0.5497596153846154,
  "eval/honesty_score": -0.08106098724102898,
  "eval/inflation_rate": 0.31959798994974875
}