{
  "eval/mean_system_cost": 326.25480769230774,
  "eval/std_system_cost": 60.325708919330765,
  "eval/retailer_cost": 46.020673076923075,
  "eval/wholesaler_cost": 65.22836538461539,
  "eval/distributor_cost": 91.26778846153846,
  "eval/factory_cost": 123.73798076923076,
  "eval/bullwhip_retailer": 1.7998941422283667,
  "eval/bullwhip_wholesaler": 2.4243073760452263,
  "eval/bullwhip_distributor": 3.102419497886504,
  "eval/bullwhip_factory": 3.954889652082866,
  "eval/sharing_rate": 0.5007211538461539,
  "eval/honesty_score": -0.0812979716753567,
  "eval/inflation_rate": 0.26865671641791045
}