{
  "eval/mean_system_cost": 116.52980769230771,
  "eval/std_system_cost": 18.509140078812433,
  "eval/frac_actions_at_cap": 0.0,
  "eval/frac_capacity_binds": 0.0,
  "eval/frac_allocation_triggers": 0.885576923076923,
  "eval/retailer_a_cost": 15.41298076923077,
  "eval/retailer_b_cost": 12.389903846153846,
  "eval/wholesaler_cost": 55.84278846153846,
  "eval/distributor_cost": 21.07355769230769,
  "eval/factory_cost": 11.81057692307692,
  "eval/bullwhip_retailer_a": 1.163725636075632,
  "eval/bullwhip_retailer_b": 0.32623278112583276,
  "eval/bullwhip_wholesaler": 2.1981801884106327,
  "eval/bullwhip_distributor": 2.1134571794407804,
  "eval/bullwhip_factory": 1.9905455655878095
}