{
  "eval/mean_system_cost": 851.8552884615386,
  "eval/std_system_cost": 197.81748341440004,
  "eval/frac_actions_at_cap": 0.0,
  "eval/frac_capacity_binds": 0.8096153846153846,
  "eval/frac_allocation_triggers": 0.9528846153846153,
  "eval/retailer_a_cost": 87.99375,
  "eval/retailer_b_cost": 104.79134615384615,
  "eval/wholesaler_cost": 247.23269230769233,
  "eval/distributor_cost": 219.4721153846154,
  "eval/factory_cost": 192.3653846153846,
  "eval/bullwhip_retailer_a": 0.2954993659730919,
  "eval/bullwhip_retailer_b": 0.5971125590495713,
  "eval/bullwhip_wholesaler": 1.3626160455329681,
  "eval/bullwhip_distributor": 1.5855508590599392,
  "eval/bullwhip_factory": 1.7899079664085369
}