{
  "eval/mean_system_cost": 857.5163461538461,
  "eval/std_system_cost": 205.58703407305893,
  "eval/frac_actions_at_cap": 0.0,
  "eval/frac_capacity_binds": 0.7,
  "eval/frac_allocation_triggers": 0.9692307692307692,
  "eval/retailer_a_cost": 81.60625000000002,
  "eval/retailer_b_cost": 69.47259615384617,
  "eval/wholesaler_cost": 256.6057692307693,
  "eval/distributor_cost": 231.96586538461537,
  "eval/factory_cost": 217.86586538461538,
  "eval/bullwhip_retailer_a": 1.0780057603482232,
  "eval/bullwhip_retailer_b": 1.105659637412167,
  "eval/bullwhip_wholesaler": 2.849066391200322,
  "eval/bullwhip_distributor": 3.4167896736919783,
  "eval/bullwhip_factory": 4.202760971833697,
  "eval/sharing_rate": 0.5063461538461537,
  "eval/honesty_score": -0.04162252310316771,
  "eval/inflation_rate": 0.2490079365079365
}