{
  "eval/mean_system_cost": 787.3355769230769,
  "eval/std_system_cost": 186.41115099240207,
  "eval/frac_actions_at_cap": 0.0,
  "eval/frac_capacity_binds": 0.8134615384615385,
  "eval/frac_allocation_triggers": 0.926923076923077,
  "eval/retailer_cost": 68.11971153846153,
  "eval/wholesaler_cost": 164.93990384615387,
  "eval/distributor_cost": 239.73798076923077,
  "eval/factory_cost": 314.5379807692308,
  "eval/bullwhip_retailer": 1.335625097084435,
  "eval/bullwhip_wholesaler": 2.2700986585526923,
  "eval/bullwhip_distributor": 4.411038261443088,
  "eval/bullwhip_factory": 7.737670536338028
}