{
  "episode_count": 15,
  "episodes": [
    {
      "actions": [
        16,
        22,
        22,
        22,
        22,
        22,
        22,
        22,
        22,
        22,
        22,
        22,
        22,
        22,
        22,
        22,
        22,
        22,
        22,
        22,
        22,
        22,
        22,
        22,
        22,
        22,
        22,
        22,
        22,
        22,
        0,
        0,
        0,
        0,
        0,
        0
      ],
      "bullwhip_ratio": 13.693328676213763,
      "completion_tokens": 1584,
      "controlled_role": "wholesaler",
      "environment_version": "0.2.0",
      "episode_id": "sha256:9e8fdf170aa790156bc9e7accb6a17f5d054dbccdbf2f9aca810f9b81f348416",
      "immediate_fill_rate": 0.4562798092209857,
      "local_total_cost": 1339.5,
      "master_seed_hex": "2b197b15184304b7",
      "paired_base_stock_local_total_cost": 998.0,
      "prompt_tokens": 37890,
      "protocol_clean": true,
      "reward": 0.426951871657754,
      "scenario_id": "t5-strategic-y-v2",
      "seed_index": 0,
      "system_total_cost": 5373.5
    },
    {
      "actions": [
        22,
        22,
        22,
        22,
        22,
        22,
        22,
        22,
        22,
        22,
        22,
        22,
        22,
        22,
        22,
        22,
        22,
        22,
        22,
        22,
        22,
        22,
        22,
        22,
        22,
        22,
        0,
        22,
        0,
        0,
        22,
        22,
        22,
        0,
        0,
        0
      ],
      "bullwhip_ratio": 0.7657180804312584,
      "completion_tokens": 1584,
      "controlled_role": "wholesaler",
      "environment_version": "0.2.0",
      "episode_id": "sha256:9e8773430794a6e26ee3fa00e1d5cdb4caa215554e72cb69b1a5a4c44e6d478d",
      "immediate_fill_rate": 0.6255506607929515,
      "local_total_cost": 2716.5,
      "master_seed_hex": "2b197b15184304b7",
      "paired_base_stock_local_total_cost": 1141.0,
      "prompt_tokens": 38121,
      "protocol_clean": true,
      "reward": 0.29578742709008427,
      "scenario_id": "t5-control-base-rival-y-v2",
      "seed_index": 0,
      "system_total_cost": 5360.5
    },
    {
      "actions": [
        16,
        22,
        22,
        22,
        22,
        22,
        22,
        22,
        22,
        22,
        22,
        22,
        22,
        22,
        22,
        22,
        22,
        22,
        22,
        22,
        22,
        22,
        22,
        22,
        22,
        22,
        22,
        22,
        22,
        22,
        0,
        0,
        0,
        0,
        0,
        0
      ],
      "bullwhip_ratio": 13.693328676213763,
      "completion_tokens": 1584,
      "controlled_role": "wholesaler",
      "environment_version": "0.2.0",
      "episode_id": "sha256:e1b25ceac4135d338dfff2b70f21663d405d802c4e125ec1a04ca0082cc1a6c3",
      "immediate_fill_rate": 0.4785373608903021,
      "local_total_cost": 1339.5,
      "master_seed_hex": "2b197b15184304b7",
      "paired_base_stock_local_total_cost": 998.0,
      "prompt_tokens": 37902,
      "protocol_clean": true,
      "reward": 0.426951871657754,
      "scenario_id": "t5-control-uniform-y-v2",
      "seed_index": 0,
      "system_total_cost": 5370.5
    },
    {
      "actions": [
        16,
        22,
        22,
        22,
        22,
        22,
        22,
        22,
        22,
        30,
        22,
        22,
        30,
        30,
        22,
        30,
        30,
        30,
        30,
        30,
        30,
        30,
        30,
        30,
        30,
        30,
        30,
        30,
        30,
        30,
        0,
        0,
        0,
        0,
        0,
        0
      ],
      "bullwhip_ratio": 3.5601235488337415,
      "completion_tokens": 1584,
      "controlled_role": "wholesaler",
      "environment_version": "0.2.0",
      "episode_id": "sha256:a1a1181006633e09ef24a657b179b5077d7daf1fba52dedba633032df16d762f",
      "immediate_fill_rate": 0.35384615384615387,
      "local_total_cost": 1447.0,
      "master_seed_hex": "7009b5b4c57715f2",
      "paired_base_stock_local_total_cost": 1060.5,
      "prompt_tokens": 37783,
      "protocol_clean": true,
      "reward": 0.4229312063808574,
      "scenario_id": "t5-strategic-y-v2",
      "seed_index": 1,
      "system_total_cost": 8998.0
    },
    {
      "actions": [
        16,
        22,
        22,
        22,
        22,
        22,
        22,
        22,
        22,
        22,
        22,
        22,
        22,
        22,
        22,
        22,
        22,
        22,
        22,
        22,
        22,
        22,
        22,
        22,
        22,
        22,
        22,
        22,
        22,
        22,
        22,
        0,
        0,
        0,
        0,
        0
      ],
      "bullwhip_ratio": 0.48836036036036035,
      "completion_tokens": 1584,
      "controlled_role": "wholesaler",
      "environment_version": "0.2.0",
      "episode_id": "sha256:2a76dee67841f0bc81b94c0171a7e00941b0f16ed1ad2b3c182ae389e324475d",
      "immediate_fill_rate": 0.5952813067150635,
      "local_total_cost": 1761.5,
      "master_seed_hex": "7009b5b4c57715f2",
      "paired_base_stock_local_total_cost": 1382.0,
      "prompt_tokens": 37984,
      "protocol_clean": true,
      "reward": 0.4396373469063146,
      "scenario_id": "t5-control-base-rival-y-v2",
      "seed_index": 1,
      "system_total_cost": 4345.5
    },
    {
      "actions": [
        22,
        22,
        22,
        22,
        22,
        22,
        22,
        22,
        22,
        22,
        22,
        22,
        22,
        22,
        22,
        22,
        22,
        22,
        22,
        22,
        22,
        22,
        22,
        22,
        22,
        22,
        22,
        22,
        22,
        22,
        22,
        22,
        22,
        0,
        0,
        0
      ],
      "bullwhip_ratio": 1.159867930557035,
      "completion_tokens": 1584,
      "controlled_role": "wholesaler",
      "environment_version": "0.2.0",
      "episode_id": "sha256:12bc699d06017ea7a799f7ab25d232836123d19797fe38bec3c775b00328777f",
      "immediate_fill_rate": 0.3553846153846154,
      "local_total_cost": 1387.0,
      "master_seed_hex": "7009b5b4c57715f2",
      "paired_base_stock_local_total_cost": 1060.5,
      "prompt_tokens": 37679,
      "protocol_clean": true,
      "reward": 0.43329928498467823,
      "scenario_id": "t5-control-uniform-y-v2",
      "seed_index": 1,
      "system_total_cost": 5068.5
    },
    {
      "actions": [
        22,
        22,
        22,
        22,
        22,
        22,
        22,
        22,
        22,
        22,
        22,
        22,
        22,
        22,
        22,
        22,
        22,
        22,
        22,
        22,
        22,
        22,
        22,
        22,
        22,
        22,
        22,
        22,
        22,
        22,
        22,
        22,
        22,
        0,
        0,
        0
      ],
      "bullwhip_ratio": 1.683933817844441,
      "completion_tokens": 1584,
      "controlled_role": "wholesaler",
      "environment_version": "0.2.0",
      "episode_id": "sha256:112bd6a42c82c286e71e07cef6b1f5b2419592513e647b31a3644b2ca8f83ae9",
      "immediate_fill_rate": 0.2956259426847662,
      "local_total_cost": 1533.0,
      "master_seed_hex": "26e0e4a9457e6ee4",
      "paired_base_stock_local_total_cost": 1302.0,
      "prompt_tokens": 38018,
      "protocol_clean": true,
      "reward": 0.45925925925925926,
      "scenario_id": "t5-strategic-y-v2",
      "seed_index": 2,