{
  "eval/mean_system_cost": 1551.4576923076925,
  "eval/std_system_cost": 185.52222271749932,
  "eval/frac_actions_at_cap": 0.0,
  "eval/frac_capacity_binds": 0.8846153846153846,
  "eval/frac_allocation_triggers": 0.9807692307692307,
  "eval/retailer_a_cost": 62.62836538461539,
  "eval/retailer_b_cost": 66.01490384615384,
  "eval/wholesaler_cost": 531.448076923077,
  "eval/distributor_cost": 473.80480769230763,
  "eval/factory_cost": 417.5615384615385,
  "eval/bullwhip_retailer_a": 0.3165348361130242,
  "eval/bullwhip_retailer_b": 0.3050446252070082,
  "eval/bullwhip_wholesaler": 1.8487378132137013,
  "eval/bullwhip_distributor": 2.6443524193901125,
  "eval/bullwhip_factory": 3.3828442252557225
}