{
  "eval/mean_system_cost": 281.10913461538456,
  "eval/std_system_cost": 93.0308647303859,
  "eval/frac_actions_at_cap": 0.0,
  "eval/frac_capacity_binds": 0.08653846153846154,
  "eval/frac_allocation_triggers": 0.9634615384615385,
  "eval/retailer_a_cost": 75.42596153846155,
  "eval/retailer_b_cost": 60.702403846153835,
  "eval/wholesaler_cost": 71.64807692307691,
  "eval/distributor_cost": 48.35,
  "eval/factory_cost": 24.98269230769231,
  "eval/bullwhip_retailer_a": 0.47062176401892825,
  "eval/bullwhip_retailer_b": 0.5323024321751868,
  "eval/bullwhip_wholesaler": 1.0792819317921007,
  "eval/bullwhip_distributor": 1.1642873996297396,
  "eval/bullwhip_factory": 1.2465149918319955
}