{
  "eval/mean_system_cost": 120.62884615384614,
  "eval/std_system_cost": 31.377586941607007,
  "eval/frac_actions_at_cap": 0.0,
  "eval/frac_capacity_binds": 0.1625,
  "eval/frac_allocation_triggers": 0.9336538461538462,
  "eval/retailer_cost": 101.38076923076923,
  "eval/wholesaler_cost": 7.102884615384615,
  "eval/distributor_cost": 6.578365384615384,
  "eval/factory_cost": 5.566826923076923,
  "eval/bullwhip_retailer": 1.3292306673855245,
  "eval/bullwhip_wholesaler": 1.322130016912676,
  "eval/bullwhip_distributor": 1.3178932547257787,
  "eval/bullwhip_factory": 1.3197635153413945
}