{
  "eval/mean_system_cost": 731.1403846153845,
  "eval/std_system_cost": 73.83537584106764,
  "eval/frac_actions_at_cap": 0.0,
  "eval/frac_capacity_binds": 0.8653846153846154,
  "eval/frac_allocation_triggers": 0.9548076923076924,
  "eval/retailer_cost": 18.801923076923078,
  "eval/wholesaler_cost": 129.86971153846153,
  "eval/distributor_cost": 242.56971153846152,
  "eval/factory_cost": 339.8990384615385,
  "eval/bullwhip_retailer": 1.080879000847225,
  "eval/bullwhip_wholesaler": 2.859123965395532,
  "eval/bullwhip_distributor": 7.699428075296736,
  "eval/bullwhip_factory": 16.48226727884146
}