{
  "eval/mean_system_cost": 1409.9490384615385,
  "eval/std_system_cost": 208.67307358015563,
  "eval/frac_actions_at_cap": 0.0,
  "eval/frac_capacity_binds": 0.8384615384615385,
  "eval/frac_allocation_triggers": 0.9490384615384615,
  "eval/retailer_a_cost": 69.45865384615385,
  "eval/retailer_b_cost": 71.26490384615384,
  "eval/wholesaler_cost": 434.4600961538461,
  "eval/distributor_cost": 445.6322115384616,
  "eval/factory_cost": 389.1331730769231,
  "eval/bullwhip_retailer_a": 0.5272169059284729,
  "eval/bullwhip_retailer_b": 0.49206358054813965,
  "eval/bullwhip_wholesaler": 3.1014642153587824,
  "eval/bullwhip_distributor": 3.899136306546132,
  "eval/bullwhip_factory": 4.625808387656442
}