{
  "eval/mean_system_cost": 132.93173076923074,
  "eval/std_system_cost": 30.7733165706733,
  "eval/frac_actions_at_cap": 0.0,
  "eval/frac_capacity_binds": 0.035576923076923075,
  "eval/frac_allocation_triggers": 0.9230769230769231,
  "eval/retailer_cost": 116.8485576923077,
  "eval/wholesaler_cost": 5.96875,
  "eval/distributor_cost": 5.857692307692309,
  "eval/factory_cost": 4.25673076923077,
  "eval/bullwhip_retailer": 0.5142669843239678,
  "eval/bullwhip_wholesaler": 0.5065387558492972,
  "eval/bullwhip_distributor": 0.5000973868702001,
  "eval/bullwhip_factory": 0.49532273998535786
}