{
  "eval/mean_system_cost": 79.95528846153846,
  "eval/std_system_cost": 29.807950878996362,
  "eval/frac_actions_at_cap": 0.0,
  "eval/frac_capacity_binds": 0.0,
  "eval/frac_allocation_triggers": 0.9067307692307692,
  "eval/retailer_cost": 49.91778846153847,
  "eval/wholesaler_cost": 12.329326923076923,
  "eval/distributor_cost": 9.430769230769231,
  "eval/factory_cost": 8.277403846153849,
  "eval/bullwhip_retailer": 0.9786691226651598,
  "eval/bullwhip_wholesaler": 1.004386451504625,
  "eval/bullwhip_distributor": 1.335781908629487,
  "eval/bullwhip_factory": 1.3678192968437313
}