{
  "eval/mean_system_cost": 553.3995192307693,
  "eval/std_system_cost": 201.65055138309108,
  "eval/frac_actions_at_cap": 0.0,
  "eval/frac_capacity_binds": 0.6057692307692307,
  "eval/frac_allocation_triggers": 0.9663461538461539,
  "eval/retailer_a_cost": 84.32163461538462,
  "eval/retailer_b_cost": 80.03317307692309,
  "eval/wholesaler_cost": 157.56538461538463,
  "eval/distributor_cost": 129.58557692307693,
  "eval/factory_cost": 101.89375000000001,
  "eval/bullwhip_retailer_a": 0.546063510783593,
  "eval/bullwhip_retailer_b": 0.5332587579514025,
  "eval/bullwhip_wholesaler": 1.2272821727232874,
  "eval/bullwhip_distributor": 1.3808707549737516,
  "eval/bullwhip_factory": 1.5117889525010144
}