{
  "eval/mean_system_cost": 1218.4956730769231,
  "eval/std_system_cost": 232.03417435050775,
  "eval/frac_actions_at_cap": 0.0,
  "eval/frac_capacity_binds": 0.8653846153846154,
  "eval/frac_allocation_triggers": 0.9807692307692307,
  "eval/retailer_a_cost": 43.11826923076923,
  "eval/retailer_b_cost": 35.66009615384615,
  "eval/wholesaler_cost": 396.71153846153845,
  "eval/distributor_cost": 329.776923076923,
  "eval/factory_cost": 413.2288461538462,
  "eval/bullwhip_retailer_a": 0.5544724276466925,
  "eval/bullwhip_retailer_b": 0.5583068801713154,
  "eval/bullwhip_wholesaler": 1.773958853852453,
  "eval/bullwhip_distributor": 3.6719505504536127,
  "eval/bullwhip_factory": 6.535392080651398
}