{
  "eval/mean_system_cost": 166.77836538461537,
  "eval/std_system_cost": 48.05671627997002,
  "eval/retailer_cost": 9.896634615384617,
  "eval/wholesaler_cost": 16.01490384615385,
  "eval/distributor_cost": 48.145673076923075,
  "eval/factory_cost": 92.72115384615384,
  "eval/bullwhip_retailer": 1.5992106438683242,
  "eval/bullwhip_wholesaler": 2.2598416132648045,
  "eval/bullwhip_distributor": 3.069467777446308,
  "eval/bullwhip_factory": 3.9239565708440294,
  "eval/sharing_rate": 0.6420673076923078,
  "eval/honesty_score": -0.08704759605384696,
  "eval/inflation_rate": 0.3132530120481928
}