{
  "eval/mean_system_cost": 314.66105769230774,
  "eval/std_system_cost": 98.1254904670119,
  "eval/frac_actions_at_cap": 0.0,
  "eval/frac_capacity_binds": 0.16538461538461538,
  "eval/frac_allocation_triggers": 0.9625,
  "eval/retailer_a_cost": 57.78605769230769,
  "eval/retailer_b_cost": 54.584134615384606,
  "eval/wholesaler_cost": 100.40240384615386,
  "eval/distributor_cost": 67.48509615384616,
  "eval/factory_cost": 34.403365384615384,
  "eval/bullwhip_retailer_a": 0.5260025987829263,
  "eval/bullwhip_retailer_b": 0.5272795285298305,
  "eval/bullwhip_wholesaler": 1.220233840269591,
  "eval/bullwhip_distributor": 1.369117248276628,
  "eval/bullwhip_factory": 1.4915563145970412
}