{
  "eval/mean_system_cost": 664.1375,
  "eval/std_system_cost": 236.81626627581574,
  "eval/frac_actions_at_cap": 0.0,
  "eval/frac_capacity_binds": 0.6432692307692308,
  "eval/frac_allocation_triggers": 0.9740384615384615,
  "eval/retailer_a_cost": 63.44855769230769,
  "eval/retailer_b_cost": 35.284134615384616,
  "eval/wholesaler_cost": 202.73317307692307,
  "eval/distributor_cost": 186.82932692307693,
  "eval/factory_cost": 175.84230769230766,
  "eval/bullwhip_retailer_a": 1.1705460086041564,
  "eval/bullwhip_retailer_b": 1.0233174906664748,
  "eval/bullwhip_wholesaler": 2.9844513291875345,
  "eval/bullwhip_distributor": 3.7697288538729863,
  "eval/bullwhip_factory": 4.576013813786111,
  "eval/sharing_rate": 0.2948076923076922,
  "eval/honesty_score": -0.04545680020070235,
  "eval/inflation_rate": 0.25666337611056267
}