{
  "eval/mean_system_cost": 646.8999999999999,
  "eval/std_system_cost": 224.57856211197245,
  "eval/frac_actions_at_cap": 0.0,
  "eval/frac_capacity_binds": 0.6413461538461539,
  "eval/frac_allocation_triggers": 0.9625,
  "eval/retailer_a_cost": 74.90625000000001,
  "eval/retailer_b_cost": 75.19471153846153,
  "eval/wholesaler_cost": 171.88413461538465,
  "eval/distributor_cost": 164.16586538461536,
  "eval/factory_cost": 160.74903846153845,
  "eval/bullwhip_retailer_a": 0.9903034481129208,
  "eval/bullwhip_retailer_b": 1.0511850356759527,
  "eval/bullwhip_wholesaler": 2.5810757759604157,
  "eval/bullwhip_distributor": 3.2987230057159156,
  "eval/bullwhip_factory": 3.8590323108701963,
  "eval/sharing_rate": 0.4946153846153846,
  "eval/honesty_score": -0.03948310620801545,
  "eval/inflation_rate": 0.27172827172827174
}