{
  "eval/mean_system_cost": 84.76346153846154,
  "eval/std_system_cost": 22.202081611520473,
  "eval/frac_actions_at_cap": 0.0,
  "eval/frac_capacity_binds": 0.6855769230769231,
  "eval/frac_allocation_triggers": 0.9278846153846154,
  "eval/retailer_cost": 51.96201923076923,
  "eval/wholesaler_cost": 4.18125,
  "eval/distributor_cost": 3.6543269230769235,
  "eval/factory_cost": 24.965865384615388,
  "eval/bullwhip_retailer": 1.5361337380833107,
  "eval/bullwhip_wholesaler": 1.555502284834415,
  "eval/bullwhip_distributor": 1.5726514963930873,
  "eval/bullwhip_factory": 3.373819279432162
}