{
  "eval/mean_system_cost": 31.930769230769233,
  "eval/std_system_cost": 10.02975030956351,
  "eval/frac_actions_at_cap": 0.0,
  "eval/frac_capacity_binds": 0.0,
  "eval/frac_allocation_triggers": 0.7153846153846154,
  "eval/retailer_cost": 7.359615384615383,
  "eval/wholesaler_cost": 8.752403846153847,
  "eval/distributor_cost": 8.55528846153846,
  "eval/factory_cost": 7.263461538461539,
  "eval/bullwhip_retailer": 3.4586277596556423,
  "eval/bullwhip_wholesaler": 5.904947938560355,
  "eval/bullwhip_distributor": 6.7232419280597915,
  "eval/bullwhip_factory": 8.244228342062785,
  "eval/sharing_rate": 0.5213942307692309,
  "eval/honesty_score": -0.04365746418453465,
  "eval/inflation_rate": 0.20295698924731181
}