{
  "eval/mean_system_cost": 615.4870192307692,
  "eval/std_system_cost": 230.95726360441702,
  "eval/frac_actions_at_cap": 0.0,
  "eval/frac_capacity_binds": 0.6,
  "eval/frac_allocation_triggers": 0.9682692307692308,
  "eval/retailer_a_cost": 66.1735576923077,
  "eval/retailer_b_cost": 70.19519230769232,
  "eval/wholesaler_cost": 173.62499999999997,
  "eval/distributor_cost": 159.27980769230768,
  "eval/factory_cost": 146.21346153846156,
  "eval/bullwhip_retailer_a": 1.026774554154034,
  "eval/bullwhip_retailer_b": 1.0467233801599687,
  "eval/bullwhip_wholesaler": 2.8349539001112807,
  "eval/bullwhip_distributor": 3.474082808073494,
  "eval/bullwhip_factory": 4.1777814673247935,
  "eval/sharing_rate": 0.5015384615384614,
  "eval/honesty_score": -0.041046809432528454,
  "eval/inflation_rate": 0.2830188679245283
}