{
  "eval/mean_system_cost": 974.5033653846156,
  "eval/std_system_cost": 199.56366755558938,
  "eval/frac_actions_at_cap": 0.0,
  "eval/frac_capacity_binds": 0.7317307692307692,
  "eval/frac_allocation_triggers": 0.9615384615384616,
  "eval/retailer_a_cost": 61.289903846153855,
  "eval/retailer_b_cost": 62.2625,
  "eval/wholesaler_cost": 315.68028846153845,
  "eval/distributor_cost": 281.0211538461538,
  "eval/factory_cost": 254.24951923076924,
  "eval/bullwhip_retailer_a": 0.76079145698586,
  "eval/bullwhip_retailer_b": 0.7808360648329067,
  "eval/bullwhip_wholesaler": 2.867106125736708,
  "eval/bullwhip_distributor": 3.648557263130472,
  "eval/bullwhip_factory": 4.5653439828586775,
  "eval/sharing_rate": 0.4809615384615385,
  "eval/honesty_score": -0.0412306243072629,
  "eval/inflation_rate": 0.223
}