{
  "eval/mean_system_cost": 587.4721153846153,
  "eval/std_system_cost": 167.77034696409012,
  "eval/frac_actions_at_cap": 0.0,
  "eval/frac_capacity_binds": 0.7942307692307692,
  "eval/frac_allocation_triggers": 0.9346153846153846,
  "eval/retailer_cost": 54.24855769230769,
  "eval/wholesaler_cost": 123.72499999999998,
  "eval/distributor_cost": 178.04471153846154,
  "eval/factory_cost": 231.4538461538462,
  "eval/bullwhip_retailer": 2.1297139230724675,
  "eval/bullwhip_wholesaler": 4.365571469582326,
  "eval/bullwhip_distributor": 10.054374412400676,
  "eval/bullwhip_factory": 17.166198199757986
}