{
  "eval/mean_system_cost": 93.60336538461537,
  "eval/std_system_cost": 14.04439543814553,
  "eval/frac_actions_at_cap": 0.0,
  "eval/frac_capacity_binds": 0.0,
  "eval/frac_allocation_triggers": 0.6778846153846154,
  "eval/retailer_a_cost": 8.16105769230769,
  "eval/retailer_b_cost": 8.271634615384617,
  "eval/wholesaler_cost": 34.69711538461538,
  "eval/distributor_cost": 25.080769230769228,
  "eval/factory_cost": 17.392788461538462,
  "eval/bullwhip_retailer_a": 1.3697359392533923,
  "eval/bullwhip_retailer_b": 0.9883713259798542,
  "eval/bullwhip_wholesaler": 5.429932644169509,
  "eval/bullwhip_distributor": 7.110891060862743,
  "eval/bullwhip_factory": 7.965654514770364
}