{
  "eval/mean_system_cost": 634.6822115384615,
  "eval/std_system_cost": 202.41389734944204,
  "eval/frac_actions_at_cap": 0.0,
  "eval/frac_capacity_binds": 0.6105769230769231,
  "eval/frac_allocation_triggers": 0.9721153846153846,
  "eval/retailer_a_cost": 71.61971153846154,
  "eval/retailer_b_cost": 67.22211538461536,
  "eval/wholesaler_cost": 180.5841346153846,
  "eval/distributor_cost": 158.01009615384618,
  "eval/factory_cost": 157.24615384615382,
  "eval/bullwhip_retailer_a": 0.9810456800150574,
  "eval/bullwhip_retailer_b": 0.990468733007181,
  "eval/bullwhip_wholesaler": 2.623712608918948,
  "eval/bullwhip_distributor": 3.2490549083445677,
  "eval/bullwhip_factory": 3.7926264605193385,
  "eval/sharing_rate": 0.5071153846153845,
  "eval/honesty_score": -0.040236771421740106,
  "eval/inflation_rate": 0.26013847675568746
}