{
  "eval/mean_system_cost": 1571.3673076923078,
  "eval/std_system_cost": 195.52122783100654,
  "eval/frac_actions_at_cap": 0.0,
  "eval/frac_capacity_binds": 0.9038461538461539,
  "eval/frac_allocation_triggers": 0.9615384615384616,
  "eval/retailer_a_cost": 89.53653846153847,
  "eval/retailer_b_cost": 79.56442307692308,
  "eval/wholesaler_cost": 517.9259615384616,
  "eval/distributor_cost": 466.9865384615385,
  "eval/factory_cost": 417.3538461538461,
  "eval/bullwhip_retailer_a": 0.3785820306885411,
  "eval/bullwhip_retailer_b": 0.31386620246865177,
  "eval/bullwhip_wholesaler": 1.8744953837137497,
  "eval/bullwhip_distributor": 2.5713687378314085,
  "eval/bullwhip_factory": 4.47089522908263
}