{
  "eval/mean_system_cost": 1208.4038461538462,
  "eval/std_system_cost": 380.8680234115178,
  "eval/frac_actions_at_cap": 0.0,
  "eval/frac_capacity_binds": 0.8144230769230769,
  "eval/frac_allocation_triggers": 0.9663461538461539,
  "eval/retailer_a_cost": 53.14711538461538,
  "eval/retailer_b_cost": 48.76201923076923,
  "eval/wholesaler_cost": 349.58173076923083,
  "eval/distributor_cost": 379.99711538461537,
  "eval/factory_cost": 376.91586538461536,
  "eval/bullwhip_retailer_a": 0.8408073138642471,
  "eval/bullwhip_retailer_b": 0.9679716925588076,
  "eval/bullwhip_wholesaler": 4.602208933440465,
  "eval/bullwhip_distributor": 6.482144690671495,
  "eval/bullwhip_factory": 9.486261471777512
}