{
  "eval/mean_system_cost": 958.1653846153846,
  "eval/std_system_cost": 214.01051779111677,
  "eval/frac_actions_at_cap": 0.0,
  "eval/frac_capacity_binds": 0.725,
  "eval/frac_allocation_triggers": 0.9596153846153846,
  "eval/retailer_a_cost": 50.283653846153854,
  "eval/retailer_b_cost": 48.3875,
  "eval/wholesaler_cost": 330.175,
  "eval/distributor_cost": 282.6120192307692,
  "eval/factory_cost": 246.70721153846156,
  "eval/bullwhip_retailer_a": 0.7034000970570761,
  "eval/bullwhip_retailer_b": 0.64013152300982,
  "eval/bullwhip_wholesaler": 2.861806218045203,
  "eval/bullwhip_distributor": 3.8705171618528227,
  "eval/bullwhip_factory": 5.089844353040774,
  "eval/sharing_rate": 0.47326923076923066,
  "eval/honesty_score": -0.039724062875176255,
  "eval/inflation_rate": 0.21442885771543085
}