{
  "eval/mean_system_cost": 917.6745192307692,
  "eval/std_system_cost": 192.4453156419447,
  "eval/frac_actions_at_cap": 0.0,
  "eval/frac_capacity_binds": 0.7403846153846154,
  "eval/frac_allocation_triggers": 0.9634615384615385,
  "eval/retailer_a_cost": 43.573076923076925,
  "eval/retailer_b_cost": 43.08894230769231,
  "eval/wholesaler_cost": 302.05384615384617,
  "eval/distributor_cost": 274.68798076923076,
  "eval/factory_cost": 254.2706730769231,
  "eval/bullwhip_retailer_a": 0.83625883285931,
  "eval/bullwhip_retailer_b": 0.6412536395819102,
  "eval/bullwhip_wholesaler": 2.7201585295253112,
  "eval/bullwhip_distributor": 3.7870407584633594,
  "eval/bullwhip_factory": 4.996907332924947,
  "eval/sharing_rate": 0.4861538461538461,
  "eval/honesty_score": -0.03892150293592156,
  "eval/inflation_rate": 0.20658682634730538
}