{
  "eval/mean_system_cost": 446.5677884615385,
  "eval/std_system_cost": 140.8077415361351,
  "eval/frac_actions_at_cap": 0.0,
  "eval/frac_capacity_binds": 0.46826923076923077,
  "eval/frac_allocation_triggers": 0.948076923076923,
  "eval/retailer_a_cost": 66.91298076923076,
  "eval/retailer_b_cost": 68.47836538461539,
  "eval/wholesaler_cost": 130.575,
  "eval/distributor_cost": 103.65961538461538,
  "eval/factory_cost": 76.94182692307695,
  "eval/bullwhip_retailer_a": 0.31691470742152966,
  "eval/bullwhip_retailer_b": 0.3053112046256725,
  "eval/bullwhip_wholesaler": 1.2044848240936523,
  "eval/bullwhip_distributor": 1.343743268471797,
  "eval/bullwhip_factory": 1.481179439483474
}