{
  "eval/mean_system_cost": 53.71346153846154,
  "eval/std_system_cost": 11.41106092309267,
  "eval/retailer_cost": 20.984615384615388,
  "eval/wholesaler_cost": 15.97019230769231,
  "eval/distributor_cost": 10.954326923076922,
  "eval/factory_cost": 5.804326923076923,
  "eval/bullwhip_retailer": 1.0313113476471367,
  "eval/bullwhip_wholesaler": 1.0505724425185112,
  "eval/bullwhip_distributor": 1.0627300550729306,
  "eval/bullwhip_factory": 1.0655933399229511,
  "eval/sharing_rate": 0.0,
  "eval/honesty_score": 0.0,
  "eval/inflation_rate": 0.250258531540848
}