{
  "eval/mean_system_cost": 1245.2072115384617,
  "eval/std_system_cost": 306.3117165122172,
  "eval/frac_actions_at_cap": 0.0,
  "eval/frac_capacity_binds": 0.8346153846153846,
  "eval/frac_allocation_triggers": 0.9673076923076923,
  "eval/retailer_a_cost": 70.26490384615386,
  "eval/retailer_b_cost": 67.50865384615383,
  "eval/wholesaler_cost": 406.15336538461537,
  "eval/distributor_cost": 352.2918269230769,
  "eval/factory_cost": 348.9884615384615,
  "eval/bullwhip_retailer_a": 0.7804435568857914,
  "eval/bullwhip_retailer_b": 0.7377402343135702,
  "eval/bullwhip_wholesaler": 2.324271151836608,
  "eval/bullwhip_distributor": 3.7933608327448582,
  "eval/bullwhip_factory": 4.465705340068675
}