{
  "eval/mean_system_cost": 47.12019230769231,
  "eval/std_system_cost": 9.022405183943714,
  "eval/frac_actions_at_cap": 0.0,
  "eval/frac_capacity_binds": 0.0,
  "eval/frac_allocation_triggers": 0.676923076923077,
  "eval/retailer_cost": 13.850000000000003,
  "eval/wholesaler_cost": 13.494711538461535,
  "eval/distributor_cost": 11.435096153846153,
  "eval/factory_cost": 8.340384615384618,
  "eval/bullwhip_retailer": 2.1280188342446333,
  "eval/bullwhip_wholesaler": 2.8364320020393263,
  "eval/bullwhip_distributor": 3.4968442212810626,
  "eval/bullwhip_factory": 3.7000588531158884,
  "eval/sharing_rate": 0.4576923076923077,
  "eval/honesty_score": -0.04488036580931857,
  "eval/inflation_rate": 0.22017045454545456
}