{
  "eval/mean_system_cost": 132.46442307692308,
  "eval/std_system_cost": 47.052501314941836,
  "eval/frac_actions_at_cap": 0.0,
  "eval/frac_capacity_binds": 0.1375,
  "eval/frac_allocation_triggers": 0.9288461538461539,
  "eval/retailer_cost": 102.45336538461538,
  "eval/wholesaler_cost": 7.465384615384615,
  "eval/distributor_cost": 9.322596153846153,
  "eval/factory_cost": 13.223076923076922,
  "eval/bullwhip_retailer": 0.6331226604560914,
  "eval/bullwhip_wholesaler": 0.6325442136502218,
  "eval/bullwhip_distributor": 0.6285499781574992,
  "eval/bullwhip_factory": 0.62690654050344
}