{
  "eval/mean_system_cost": 28.89855769230769,
  "eval/std_system_cost": 4.633164346540732,
  "eval/frac_actions_at_cap": 0.0,
  "eval/frac_capacity_binds": 0.0,
  "eval/frac_allocation_triggers": 0.4798076923076923,
  "eval/retailer_cost": 5.574038461538462,
  "eval/wholesaler_cost": 8.75721153846154,
  "eval/distributor_cost": 6.8038461538461545,
  "eval/factory_cost": 7.763461538461539,
  "eval/bullwhip_retailer": 1.4264371318301847,
  "eval/bullwhip_wholesaler": 1.6333419593242784,
  "eval/bullwhip_distributor": 3.6752815273012613,
  "eval/bullwhip_factory": 4.46797823467704
}