{
  "eval/mean_system_cost": 843.2644230769231,
  "eval/std_system_cost": 224.75546704316542,
  "eval/frac_actions_at_cap": 0.0,
  "eval/frac_capacity_binds": 0.7086538461538462,
  "eval/frac_allocation_triggers": 0.9740384615384615,
  "eval/retailer_a_cost": 44.49807692307692,
  "eval/retailer_b_cost": 42.33028846153846,
  "eval/wholesaler_cost": 281.1201923076923,
  "eval/distributor_cost": 250.77355769230772,
  "eval/factory_cost": 224.54230769230767,
  "eval/bullwhip_retailer_a": 1.054494366817764,
  "eval/bullwhip_retailer_b": 0.9809289580024002,
  "eval/bullwhip_wholesaler": 2.9262088089608587,
  "eval/bullwhip_distributor": 3.7708893576537865,
  "eval/bullwhip_factory": 4.6538543679382505,
  "eval/sharing_rate": 0.45173076923076916,
  "eval/honesty_score": -0.03895151663331141,
  "eval/inflation_rate": 0.2211253701875617
}