{
  "eval/mean_system_cost": 155.9201923076923,
  "eval/std_system_cost": 37.809112469903795,
  "eval/frac_actions_at_cap": 0.0,
  "eval/frac_capacity_binds": 0.31826923076923075,
  "eval/frac_allocation_triggers": 0.9115384615384615,
  "eval/retailer_cost": 111.81346153846155,
  "eval/wholesaler_cost": 5.932692307692308,
  "eval/distributor_cost": 5.912980769230769,
  "eval/factory_cost": 32.261057692307695,
  "eval/bullwhip_retailer": 0.5425821463758734,
  "eval/bullwhip_wholesaler": 0.5351179206137898,
  "eval/bullwhip_distributor": 0.5285280501088626,
  "eval/bullwhip_factory": 1.7306861800472872
}