{
  "eval/mean_system_cost": 96.55096153846154,
  "eval/std_system_cost": 20.095780982002843,
  "eval/frac_actions_at_cap": 0.0,
  "eval/frac_capacity_binds": 0.0,
  "eval/frac_allocation_triggers": 0.7990384615384616,
  "eval/retailer_a_cost": 12.758173076923079,
  "eval/retailer_b_cost": 12.730769230769232,
  "eval/wholesaler_cost": 31.54903846153845,
  "eval/distributor_cost": 23.415865384615383,
  "eval/factory_cost": 16.097115384615385,
  "eval/bullwhip_retailer_a": 1.3631770704297013,
  "eval/bullwhip_retailer_b": 1.3866360297316265,
  "eval/bullwhip_wholesaler": 3.8099336875850875,
  "eval/bullwhip_distributor": 5.309798108815998,
  "eval/bullwhip_factory": 6.828919168952898
}