{
  "eval/mean_system_cost": 402.9336538461539,
  "eval/std_system_cost": 154.42051304570043,
  "eval/frac_actions_at_cap": 0.0,
  "eval/frac_capacity_binds": 0.38269230769230766,
  "eval/frac_allocation_triggers": 0.9634615384615385,
  "eval/retailer_a_cost": 66.67211538461538,
  "eval/retailer_b_cost": 62.08269230769231,
  "eval/wholesaler_cost": 120.97019230769229,
  "eval/distributor_cost": 91.39519230769231,
  "eval/factory_cost": 61.81346153846154,
  "eval/bullwhip_retailer_a": 0.5544387365919845,
  "eval/bullwhip_retailer_b": 0.5497725109525513,
  "eval/bullwhip_wholesaler": 1.2229537957171979,
  "eval/bullwhip_distributor": 1.3735840736993632,
  "eval/bullwhip_factory": 1.4955295364488757
}