{
  "eval/mean_system_cost": 527.4091346153846,
  "eval/std_system_cost": 168.57519250927632,
  "eval/frac_actions_at_cap": 0.0,
  "eval/frac_capacity_binds": 0.614423076923077,
  "eval/frac_allocation_triggers": 0.9586538461538462,
  "eval/retailer_a_cost": 34.47451923076923,
  "eval/retailer_b_cost": 49.301923076923075,
  "eval/wholesaler_cost": 156.51586538461538,
  "eval/distributor_cost": 139.8783653846154,
  "eval/factory_cost": 147.23846153846154,
  "eval/bullwhip_retailer_a": 0.8456416064282744,
  "eval/bullwhip_retailer_b": 0.9262816749121899,
  "eval/bullwhip_wholesaler": 2.8812983065207445,
  "eval/bullwhip_distributor": 3.5373224931265224,
  "eval/bullwhip_factory": 4.362238029738031,
  "eval/sharing_rate": 0.41692307692307695,
  "eval/honesty_score": -0.04133171408656547,
  "eval/inflation_rate": 0.2637913741223671
}