{
  "eval/mean_system_cost": 692.1846153846153,
  "eval/std_system_cost": 188.95914528127238,
  "eval/frac_actions_at_cap": 0.0,
  "eval/frac_capacity_binds": 0.6519230769230769,
  "eval/frac_allocation_triggers": 0.9567307692307693,
  "eval/retailer_a_cost": 60.80528846153845,
  "eval/retailer_b_cost": 77.83557692307691,
  "eval/wholesaler_cost": 192.45240384615386,
  "eval/distributor_cost": 180.35673076923075,
  "eval/factory_cost": 180.7346153846154,
  "eval/bullwhip_retailer_a": 0.9255011114728029,
  "eval/bullwhip_retailer_b": 0.8783037467647927,
  "eval/bullwhip_wholesaler": 2.821340762260819,
  "eval/bullwhip_distributor": 3.5329413786407486,
  "eval/bullwhip_factory": 4.155663491869542,
  "eval/sharing_rate": 0.4601923076923077,
  "eval/honesty_score": -0.040852264509748035,
  "eval/inflation_rate": 0.286144578313253
}