{
  "eval/mean_system_cost": 101.03317307692308,
  "eval/std_system_cost": 19.685999514295663,
  "eval/frac_actions_at_cap": 0.0,
  "eval/frac_capacity_binds": 0.0,
  "eval/frac_allocation_triggers": 0.8144230769230769,
  "eval/retailer_a_cost": 10.283173076923077,
  "eval/retailer_b_cost": 9.817307692307693,
  "eval/wholesaler_cost": 35.564423076923084,
  "eval/distributor_cost": 28.066826923076924,
  "eval/factory_cost": 17.30144230769231,
  "eval/bullwhip_retailer_a": 1.352697150982623,
  "eval/bullwhip_retailer_b": 1.417555986914365,
  "eval/bullwhip_wholesaler": 4.63933229269238,
  "eval/bullwhip_distributor": 6.298987674751325,
  "eval/bullwhip_factory": 8.225328757122398
}