{
  "eval/mean_system_cost": 324.76682692307696,
  "eval/std_system_cost": 67.90770389907397,
  "eval/frac_actions_at_cap": 0.0,
  "eval/frac_capacity_binds": 0.2528846153846154,
  "eval/frac_allocation_triggers": 0.948076923076923,
  "eval/retailer_a_cost": 59.24423076923076,
  "eval/retailer_b_cost": 54.86057692307693,
  "eval/wholesaler_cost": 96.91923076923077,
  "eval/distributor_cost": 70.22115384615384,
  "eval/factory_cost": 43.52163461538462,
  "eval/bullwhip_retailer_a": 0.31727136834586794,
  "eval/bullwhip_retailer_b": 0.30354418167956865,
  "eval/bullwhip_wholesaler": 1.0798873803297355,
  "eval/bullwhip_distributor": 1.1992658127690732,
  "eval/bullwhip_factory": 1.316669960217683
}