{
  "eval/mean_system_cost": 1032.7879807692311,
  "eval/std_system_cost": 82.03532292509237,
  "eval/frac_actions_at_cap": 0.0,
  "eval/frac_capacity_binds": 0.9423076923076923,
  "eval/frac_allocation_triggers": 0.9461538461538461,
  "eval/retailer_cost": 45.21538461538462,
  "eval/wholesaler_cost": 235.83990384615385,
  "eval/distributor_cost": 292.4971153846153,
  "eval/factory_cost": 459.23557692307685,
  "eval/bullwhip_retailer": 1.6378008455517628,
  "eval/bullwhip_wholesaler": 2.8388794862794877,
  "eval/bullwhip_distributor": 5.809417193516386,
  "eval/bullwhip_factory": 10.525999061548937
}