{
  "eval/mean_system_cost": 101.99326923076923,
  "eval/std_system_cost": 41.592056114620206,
  "eval/frac_actions_at_cap": 0.0,
  "eval/frac_capacity_binds": 0.0,
  "eval/frac_allocation_triggers": 0.9125,
  "eval/retailer_cost": 45.22451923076923,
  "eval/wholesaler_cost": 33.785096153846155,
  "eval/distributor_cost": 15.571153846153845,
  "eval/factory_cost": 7.412499999999999,
  "eval/bullwhip_retailer": 1.0015827864492204,
  "eval/bullwhip_wholesaler": 0.9058113443379898,
  "eval/bullwhip_distributor": 0.9605217558578547,
  "eval/bullwhip_factory": 1.0051362158172978
}