{
  "eval/mean_system_cost": 348.6788461538461,
  "eval/std_system_cost": 73.82988968532153,
  "eval/retailer_cost": 60.127403846153854,
  "eval/wholesaler_cost": 94.53798076923077,
  "eval/distributor_cost": 91.91826923076924,
  "eval/factory_cost": 102.0951923076923,
  "eval/bullwhip_retailer": 1.8759927087316044,
  "eval/bullwhip_wholesaler": 2.3462527141210483,
  "eval/bullwhip_distributor": 2.606860536150893,
  "eval/bullwhip_factory": 3.2459051867047224,
  "eval/sharing_rate": 0.5122596153846153,
  "eval/honesty_score": -0.07817974576667154,
  "eval/inflation_rate": 0.2599601593625498
}