{
  "eval/mean_system_cost": 102.27451923076923,
  "eval/std_system_cost": 36.96341227277676,
  "eval/frac_actions_at_cap": 0.0,
  "eval/frac_capacity_binds": 0.5701923076923077,
  "eval/frac_allocation_triggers": 0.6913461538461538,
  "eval/retailer_cost": 25.897115384615383,
  "eval/wholesaler_cost": 28.225961538461537,
  "eval/distributor_cost": 17.852403846153845,
  "eval/factory_cost": 30.299038461538466,
  "eval/bullwhip_retailer": 1.3173153549368037,
  "eval/bullwhip_wholesaler": 1.371094320630672,
  "eval/bullwhip_distributor": 1.6204934565853748,
  "eval/bullwhip_factory": 3.1101551536400955
}