{
  "eval/mean_system_cost": 446.22596153846155,
  "eval/std_system_cost": 121.96377723592904,
  "eval/frac_actions_at_cap": 0.0,
  "eval/frac_capacity_binds": 0.6817307692307693,
  "eval/frac_allocation_triggers": 0.9519230769230769,
  "eval/retailer_cost": 92.07932692307692,
  "eval/wholesaler_cost": 91.0793269230769,
  "eval/distributor_cost": 123.99038461538461,
  "eval/factory_cost": 139.07692307692307,
  "eval/bullwhip_retailer": 1.8897070459002747,
  "eval/bullwhip_wholesaler": 2.8397164013094662,
  "eval/bullwhip_distributor": 3.4016722612221297,
  "eval/bullwhip_factory": 4.138543901685344,
  "eval/sharing_rate": 0.5213942307692309,
  "eval/honesty_score": -0.036457333009104496,
  "eval/inflation_rate": 0.27644710578842313
}