{
  "eval/mean_system_cost": 307.4625,
  "eval/std_system_cost": 75.34319511237312,
  "eval/frac_actions_at_cap": 0.0,
  "eval/frac_capacity_binds": 0.7201923076923077,
  "eval/frac_allocation_triggers": 0.9442307692307692,
  "eval/retailer_cost": 18.904326923076923,
  "eval/wholesaler_cost": 45.37932692307693,
  "eval/distributor_cost": 95.30576923076924,
  "eval/factory_cost": 147.87307692307692,
  "eval/bullwhip_retailer": 3.946732263491471,
  "eval/bullwhip_wholesaler": 5.9119778282901905,
  "eval/bullwhip_distributor": 8.85979779899695,
  "eval/bullwhip_factory": 11.953333872264421,
  "eval/sharing_rate": 0.41706730769230765,
  "eval/honesty_score": -0.037223839182021976,
  "eval/inflation_rate": 0.29263370332996974
}