{
  "eval/mean_system_cost": 959.0250000000002,
  "eval/std_system_cost": 226.18271183440675,
  "eval/frac_actions_at_cap": 0.0,
  "eval/frac_capacity_binds": 0.725,
  "eval/frac_allocation_triggers": 0.9605769230769231,
  "eval/retailer_a_cost": 52.77355769230769,
  "eval/retailer_b_cost": 55.39230769230769,
  "eval/wholesaler_cost": 310.5783653846154,
  "eval/distributor_cost": 277.2875,
  "eval/factory_cost": 262.9932692307692,
  "eval/bullwhip_retailer_a": 0.7264063640299411,
  "eval/bullwhip_retailer_b": 0.6790533718726129,
  "eval/bullwhip_wholesaler": 2.961085857497632,
  "eval/bullwhip_distributor": 4.070722513424245,
  "eval/bullwhip_factory": 4.9719165785052395,
  "eval/sharing_rate": 0.5365384615384615,
  "eval/honesty_score": -0.04059960551487884,
  "eval/inflation_rate": 0.24224224224224225
}