{
  "eval/mean_system_cost": 352.3370192307692,
  "eval/std_system_cost": 67.5357935365212,
  "eval/frac_actions_at_cap": 0.0,
  "eval/frac_capacity_binds": 0.6730769230769231,
  "eval/frac_allocation_triggers": 0.9317307692307693,
  "eval/retailer_cost": 31.807211538461537,
  "eval/wholesaler_cost": 77.73173076923078,
  "eval/distributor_cost": 106.58846153846153,
  "eval/factory_cost": 136.2096153846154,
  "eval/bullwhip_retailer": 3.7645327317730555,
  "eval/bullwhip_wholesaler": 6.445333054044905,
  "eval/bullwhip_distributor": 8.756416885217646,
  "eval/bullwhip_factory": 11.093431842203078,
  "eval/sharing_rate": 0.5454326923076923,
  "eval/honesty_score": -0.03568196770457106,
  "eval/inflation_rate": 0.28252032520325204
}