{
  "eval/mean_system_cost": 811.0461538461539,
  "eval/std_system_cost": 185.76548425510197,
  "eval/frac_actions_at_cap": 0.0,
  "eval/frac_capacity_binds": 0.7028846153846153,
  "eval/frac_allocation_triggers": 0.9615384615384616,
  "eval/retailer_a_cost": 53.06682692307692,
  "eval/retailer_b_cost": 42.05096153846155,
  "eval/wholesaler_cost": 258.6105769230769,
  "eval/distributor_cost": 234.99615384615382,
  "eval/factory_cost": 222.32163461538462,
  "eval/bullwhip_retailer_a": 0.8760473792583229,
  "eval/bullwhip_retailer_b": 0.7935573534898728,
  "eval/bullwhip_wholesaler": 2.851276783617613,
  "eval/bullwhip_distributor": 3.8278629984405605,
  "eval/bullwhip_factory": 4.923050503854157,
  "eval/sharing_rate": 0.3123076923076923,
  "eval/honesty_score": -0.047425339199531805,
  "eval/inflation_rate": 0.24
}