{
  "eval/mean_system_cost": 835.0177884615384,
  "eval/std_system_cost": 258.7335154911619,
  "eval/frac_actions_at_cap": 0.0,
  "eval/frac_capacity_binds": 0.7067307692307693,
  "eval/frac_allocation_triggers": 0.9711538461538461,
  "eval/retailer_a_cost": 54.08653846153847,
  "eval/retailer_b_cost": 49.30961538461539,
  "eval/wholesaler_cost": 270.1370192307692,
  "eval/distributor_cost": 240.09471153846158,
  "eval/factory_cost": 221.3899038461538,
  "eval/bullwhip_retailer_a": 1.0457398752185447,
  "eval/bullwhip_retailer_b": 1.0187075145640243,
  "eval/bullwhip_wholesaler": 2.908283114802652,
  "eval/bullwhip_distributor": 3.9531409003959115,
  "eval/bullwhip_factory": 4.887343321770432,
  "eval/sharing_rate": 0.46499999999999997,
  "eval/honesty_score": -0.04037161796957875,
  "eval/inflation_rate": 0.22178217821782178
}