{
  "eval/mean_system_cost": 76.69423076923076,
  "eval/std_system_cost": 19.833111397163776,
  "eval/frac_actions_at_cap": 0.0,
  "eval/frac_capacity_binds": 0.0,
  "eval/frac_allocation_triggers": 0.9182692307692307,
  "eval/retailer_cost": 28.908653846153847,
  "eval/wholesaler_cost": 29.78365384615385,
  "eval/distributor_cost": 8.271634615384613,
  "eval/factory_cost": 9.730288461538464,
  "eval/bullwhip_retailer": 1.147368555458339,
  "eval/bullwhip_wholesaler": 1.5349446422892905,
  "eval/bullwhip_distributor": 2.4275970758822303,
  "eval/bullwhip_factory": 2.946420643206193
}