{
  "config": {
    "regime": "A",
    "horizon": 52,
    "total_timesteps": 400000,
    "n_envs": 64,
    "rollout_steps": 128,
    "update_epochs": 4,
    "minibatch_size": 2048,
    "gamma": 0.99,
    "gae_lambda": 0.95,
    "clip_coef": 0.2,
    "ent_coef": 0.01,
    "vf_coef": 0.5,
    "max_grad_norm": 0.5,
    "learning_rate": 0.0003,
    "hidden": 256,
    "order_cap": 128,
    "action_mode": "relative",
    "action_delta_max": 8,
    "claim_delta_max": 8,
    "reward_scale": 0.1,
    "demand": "ar1",
    "topology": "serial",
    "capacity_mult": null,
    "rationing": "proportional",
    "seed": 0,
    "device": "cpu",
    "log_every": 10,
    "eval_every": 10,
    "eval_episodes": 8,
    "out_dir": "artifacts/runs/ippo/recurrent_baseline",
    "run_name": "regimeA_toposerial_capinf_ratproportional_demar1_seed0",
    "boundary_warn_frac": 0.05,
    "recurrent": true,
    "gru_hidden": 128
  },
  "git_sha": "061aa59235397b7360c32a01cf4f98add0dd503a",
  "obs_dim": 12,
  "n_order": 17,
  "signaling": false,
  "recurrent": true,
  "gru_hidden": 128,
  "capacity": null,
  "topology": "serial",
  "roles": [
    "retailer",
    "wholesaler",
    "distributor",
    "factory"
  ],
  "independent_policies": true,
  "shared_critic": false,
  "demand_info_value": {
    "uniform": {
      "process": "uniform",
      "mse_blind": 21.204973449211046,
      "mse_informed": 21.204980392156862,
      "mse_reduction": -6.9429458164904645e-06,
      "relative_mse_reduction": -3.274206323870113e-07,
      "lag1_r2": 0.0002762007990082527,
      "mean": 7.501884615384616,
      "var": 21.207304140532546,
      "n_pairs": 25500.0
    },
    "ar1": {
      "process": "ar1",
      "mse_blind": 7.965990268940712,
      "mse_informed": 4.137825490196079,
      "mse_reduction": 3.8281647787446333,
      "relative_mse_reduction": 0.4805635770948147,
      "lag1_r2": 0.4805786713595581,
      "mean": 7.517230769230769,
      "var": 7.894010792899409,
      "n_pairs": 25500.0
    },
    "regime_switch": {
      "process": "regime_switch",
      "mse_blind": 18.42148770251769,
      "mse_informed": 8.315956302802402,
      "mse_reduction": 10.10553139971529,
      "relative_mse_reduction": 0.5485730339973656,
      "lag1_r2": 0.48946169319131316,
      "mean": 7.993692307692307,
      "var": 18.42742175147929,
      "n_pairs": 25500.0
    },
    "classic_step": {
      "process": "classic_step",
      "mse_blind": 0.8910546467107553,
      "mse_informed": 0.3137254901960784,
      "mse_reduction": 0.5773291565146769,
      "relative_mse_reduction": 0.6479166666666667,
      "lag1_r2": 0.734375,
      "mean": 7.6923076923076925,
      "var": 1.136094674556213,
      "n_pairs": 25500.0
    }
  },
  "order_cap_recommendation": {
    "suggested_hard_cap": 128,
    "d_hi_approx": 15.90168050416806,
    "max_plausible_need_abs": 174.91848554584865,
    "relative_ratchet_horizon": 431.90168050416804,
    "rationale": "AR(1) \u03bc=7.5, \u03c6=0.7, \u03c3=2.0: high demand \u2248 \u03bc+3.0\u03c3_stat = 15.9; relative +8/week over T=52 can ratchet far above 64; cap=128 keeps the hard clamp rarely binding."
  }
}