{
  "eval/mean_system_cost": 42.14423076923077,
  "eval/std_system_cost": 7.297135593493002,
  "eval/retailer_cost": 9.128846153846153,
  "eval/wholesaler_cost": 11.69278846153846,
  "eval/distributor_cost": 11.916826923076924,
  "eval/factory_cost": 9.40576923076923,
  "eval/bullwhip_retailer": 1.770497232749878,
  "eval/bullwhip_wholesaler": 2.2709307785648645,
  "eval/bullwhip_distributor": 2.877940082874708,
  "eval/bullwhip_factory": 3.527936773111172,
  "eval/sharing_rate": 0.5247596153846152,
  "eval/honesty_score": -0.10257491063097483,
  "eval/inflation_rate": 0.22702702702702704
}