{
  "eval/mean_system_cost": 25.86971153846154,
  "eval/std_system_cost": 9.127364771699753,
  "eval/frac_actions_at_cap": 0.0,
  "eval/frac_capacity_binds": 0.0,
  "eval/frac_allocation_triggers": 0.6307692307692307,
  "eval/retailer_cost": 7.167307692307693,
  "eval/wholesaler_cost": 6.808173076923076,
  "eval/distributor_cost": 6.842788461538461,
  "eval/factory_cost": 5.051442307692307,
  "eval/bullwhip_retailer": 2.919365395658332,
  "eval/bullwhip_wholesaler": 5.102292759642443,
  "eval/bullwhip_distributor": 6.178559070745854,
  "eval/bullwhip_factory": 3.2574139218017932
}