{
  "eval/mean_system_cost": 907.6014423076924,
  "eval/std_system_cost": 160.50183848750135,
  "eval/frac_actions_at_cap": 0.0,
  "eval/frac_capacity_binds": 0.7432692307692308,
  "eval/frac_allocation_triggers": 0.9557692307692308,
  "eval/retailer_a_cost": 69.03461538461538,
  "eval/retailer_b_cost": 73.71778846153846,
  "eval/wholesaler_cost": 278.34038461538455,
  "eval/distributor_cost": 247.0346153846154,
  "eval/factory_cost": 239.47403846153847,
  "eval/bullwhip_retailer_a": 0.8482926508374957,
  "eval/bullwhip_retailer_b": 0.8355232085927803,
  "eval/bullwhip_wholesaler": 2.8832341730592095,
  "eval/bullwhip_distributor": 3.6236406126347647,
  "eval/bullwhip_factory": 4.2195268597544455,
  "eval/sharing_rate": 0.5130769230769231,
  "eval/honesty_score": -0.03837237497916265,
  "eval/inflation_rate": 0.2620481927710843
}