{
  "eval/mean_system_cost": 349.9778846153846,
  "eval/std_system_cost": 157.56790109367634,
  "eval/frac_actions_at_cap": 0.0,
  "eval/frac_capacity_binds": 0.8442307692307692,
  "eval/frac_allocation_triggers": 0.9596153846153846,
  "eval/retailer_a_cost": 95.5,
  "eval/retailer_b_cost": 82.74807692307692,
  "eval/wholesaler_cost": 69.72211538461538,
  "eval/distributor_cost": 56.78461538461537,
  "eval/factory_cost": 45.22307692307693,
  "eval/bullwhip_retailer_a": 0.3630926167228111,
  "eval/bullwhip_retailer_b": 0.2952700201355622,
  "eval/bullwhip_wholesaler": 1.0341902194968708,
  "eval/bullwhip_distributor": 1.073664587530485,
  "eval/bullwhip_factory": 1.5136985204540199
}