{
  "eval/mean_system_cost": 1036.0947115384615,
  "eval/std_system_cost": 183.1978451424051,
  "eval/frac_actions_at_cap": 0.0,
  "eval/frac_capacity_binds": 0.9230769230769231,
  "eval/frac_allocation_triggers": 0.9596153846153846,
  "eval/retailer_a_cost": 50.16538461538462,
  "eval/retailer_b_cost": 72.1264423076923,
  "eval/wholesaler_cost": 289.21586538461537,
  "eval/distributor_cost": 249.42740384615385,
  "eval/factory_cost": 375.1596153846154,
  "eval/bullwhip_retailer_a": 0.3870810686301358,
  "eval/bullwhip_retailer_b": 0.3143239990549942,
  "eval/bullwhip_wholesaler": 1.5618293920666566,
  "eval/bullwhip_distributor": 2.2651035482949444,
  "eval/bullwhip_factory": 3.34774001681801
}