{
  "eval/mean_system_cost": 437.2581730769231,
  "eval/std_system_cost": 163.39620643717615,
  "eval/frac_actions_at_cap": 0.0,
  "eval/frac_capacity_binds": 0.41346153846153844,
  "eval/frac_allocation_triggers": 0.9663461538461539,
  "eval/retailer_a_cost": 74.25048076923076,
  "eval/retailer_b_cost": 65.60528846153846,
  "eval/wholesaler_cost": 129.99903846153848,
  "eval/distributor_cost": 99.08846153846154,
  "eval/factory_cost": 68.31490384615384,
  "eval/bullwhip_retailer_a": 0.546063510783593,
  "eval/bullwhip_retailer_b": 0.5332587579514025,
  "eval/bullwhip_wholesaler": 1.2272821727232874,
  "eval/bullwhip_distributor": 1.3808707549737516,
  "eval/bullwhip_factory": 1.5117889525010144
}