{
  "eval/mean_system_cost": 562.5495192307692,
  "eval/std_system_cost": 209.96231345224803,
  "eval/frac_actions_at_cap": 0.0,
  "eval/frac_capacity_binds": 0.6423076923076924,
  "eval/frac_allocation_triggers": 0.9673076923076923,
  "eval/retailer_a_cost": 88.23461538461538,
  "eval/retailer_b_cost": 75.94759615384615,
  "eval/wholesaler_cost": 158.91682692307694,
  "eval/distributor_cost": 132.7052884615385,
  "eval/factory_cost": 106.7451923076923,
  "eval/bullwhip_retailer_a": 0.5607638719362694,
  "eval/bullwhip_retailer_b": 0.5583068801713154,
  "eval/bullwhip_wholesaler": 1.2286412651920824,
  "eval/bullwhip_distributor": 1.3839653028057406,
  "eval/bullwhip_factory": 1.506536517251056
}