{
  "eval/mean_system_cost": 97.0576923076923,
  "eval/std_system_cost": 15.30261651206697,
  "eval/frac_actions_at_cap": 0.0,
  "eval/frac_capacity_binds": 0.0,
  "eval/frac_allocation_triggers": 0.7153846153846154,
  "eval/retailer_a_cost": 8.624038461538461,
  "eval/retailer_b_cost": 8.221634615384616,
  "eval/wholesaler_cost": 34.196634615384625,
  "eval/distributor_cost": 26.479326923076922,
  "eval/factory_cost": 19.536057692307693,
  "eval/bullwhip_retailer_a": 1.586574123815459,
  "eval/bullwhip_retailer_b": 1.5758842986733554,
  "eval/bullwhip_wholesaler": 5.488746826029714,
  "eval/bullwhip_distributor": 7.3932795476018764,
  "eval/bullwhip_factory": 8.00642212127272
}