{
  "eval/mean_system_cost": 92.33846153846153,
  "eval/std_system_cost": 9.766976950796824,
  "eval/frac_actions_at_cap": 0.0,
  "eval/frac_capacity_binds": 0.0,
  "eval/frac_allocation_triggers": 0.9,
  "eval/retailer_cost": 47.8451923076923,
  "eval/wholesaler_cost": 31.865865384615386,
  "eval/distributor_cost": 7.910576923076924,
  "eval/factory_cost": 4.716826923076923,
  "eval/bullwhip_retailer": 1.0538491967083419,
  "eval/bullwhip_wholesaler": 1.012742923827975,
  "eval/bullwhip_distributor": 1.2963020499147597,
  "eval/bullwhip_factory": 1.3627446628916005
}