{
  "eval/mean_system_cost": 108.08124999999998,
  "eval/std_system_cost": 21.82767820512647,
  "eval/frac_actions_at_cap": 0.0,
  "eval/frac_capacity_binds": 0.0,
  "eval/frac_allocation_triggers": 0.7432692307692308,
  "eval/retailer_a_cost": 12.21298076923077,
  "eval/retailer_b_cost": 12.371634615384615,
  "eval/wholesaler_cost": 33.018269230769235,
  "eval/distributor_cost": 29.447596153846156,
  "eval/factory_cost": 21.03076923076923,
  "eval/bullwhip_retailer_a": 1.4502910263360644,
  "eval/bullwhip_retailer_b": 1.3052428233056121,
  "eval/bullwhip_wholesaler": 4.630195149978792,
  "eval/bullwhip_distributor": 7.028001524030012,
  "eval/bullwhip_factory": 8.003756472809883
}