{
  "eval/mean_system_cost": 791.1057692307693,
  "eval/std_system_cost": 248.897398625477,
  "eval/frac_actions_at_cap": 0.0,
  "eval/frac_capacity_binds": 0.7115384615384616,
  "eval/frac_allocation_triggers": 0.9730769230769231,
  "eval/retailer_a_cost": 34.53221153846154,
  "eval/retailer_b_cost": 33.76971153846154,
  "eval/wholesaler_cost": 274.17692307692306,
  "eval/distributor_cost": 235.24471153846153,
  "eval/factory_cost": 213.38221153846152,
  "eval/bullwhip_retailer_a": 0.9100236675942863,
  "eval/bullwhip_retailer_b": 0.8722888374685261,
  "eval/bullwhip_wholesaler": 2.8070755126941584,
  "eval/bullwhip_distributor": 3.922645180371138,
  "eval/bullwhip_factory": 5.047184464421927,
  "eval/sharing_rate": 0.4684615384615384,
  "eval/honesty_score": -0.03967969127364634,
  "eval/inflation_rate": 0.1956521739130435
}