{
  "eval/mean_system_cost": 55.6110576923077,
  "eval/std_system_cost": 16.926736239803546,
  "eval/frac_actions_at_cap": 0.0,
  "eval/frac_capacity_binds": 0.0,
  "eval/frac_allocation_triggers": 0.9057692307692308,
  "eval/retailer_cost": 29.305769230769226,
  "eval/wholesaler_cost": 12.2125,
  "eval/distributor_cost": 8.881249999999998,
  "eval/factory_cost": 5.211538461538461,
  "eval/bullwhip_retailer": 1.0060207326201995,
  "eval/bullwhip_wholesaler": 1.1317507405073224,
  "eval/bullwhip_distributor": 1.5217021340662953,
  "eval/bullwhip_factory": 1.6254741914642632
}