{
  "eval/mean_system_cost": 93.84903846153847,
  "eval/std_system_cost": 25.06505037267851,
  "eval/frac_actions_at_cap": 0.0,
  "eval/frac_capacity_binds": 0.0,
  "eval/frac_allocation_triggers": 0.8519230769230769,
  "eval/retailer_cost": 23.40673076923077,
  "eval/wholesaler_cost": 24.689903846153847,
  "eval/distributor_cost": 24.572115384615387,
  "eval/factory_cost": 21.18028846153846,
  "eval/bullwhip_retailer": 1.0481690434394688,
  "eval/bullwhip_wholesaler": 1.5392242578940425,
  "eval/bullwhip_distributor": 2.241664010948875,
  "eval/bullwhip_factory": 2.5238649487389697
}