{
  "eval/mean_system_cost": 81.60336538461539,
  "eval/std_system_cost": 23.155896095643413,
  "eval/frac_actions_at_cap": 0.0,
  "eval/frac_capacity_binds": 0.0,
  "eval/frac_allocation_triggers": 0.8692307692307693,
  "eval/retailer_cost": 35.35240384615385,
  "eval/wholesaler_cost": 16.827403846153842,
  "eval/distributor_cost": 15.244230769230768,
  "eval/factory_cost": 14.179326923076923,
  "eval/bullwhip_retailer": 1.0847364734606908,
  "eval/bullwhip_wholesaler": 1.1207322433715707,
  "eval/bullwhip_distributor": 1.664113027415918,
  "eval/bullwhip_factory": 2.4245707982612172
}