{
  "eval/mean_system_cost": 731.0423076923076,
  "eval/std_system_cost": 199.56672037698726,
  "eval/frac_actions_at_cap": 0.0,
  "eval/frac_capacity_binds": 0.6673076923076923,
  "eval/frac_allocation_triggers": 0.9711538461538461,
  "eval/retailer_a_cost": 52.762980769230765,
  "eval/retailer_b_cost": 33.39759615384615,
  "eval/wholesaler_cost": 235.00384615384615,
  "eval/distributor_cost": 209.7798076923077,
  "eval/factory_cost": 200.09807692307692,
  "eval/bullwhip_retailer_a": 0.9190444610223343,
  "eval/bullwhip_retailer_b": 0.9333825399683655,
  "eval/bullwhip_wholesaler": 2.965868882554713,
  "eval/bullwhip_distributor": 4.046756509348905,
  "eval/bullwhip_factory": 5.070438160322696,
  "eval/sharing_rate": 0.3030769230769231,
  "eval/honesty_score": -0.048744811365242016,
  "eval/inflation_rate": 0.24653465346534653
}