{
  "eval/mean_system_cost": 739.9076923076922,
  "eval/std_system_cost": 267.8411351040877,
  "eval/frac_actions_at_cap": 0.0,
  "eval/frac_capacity_binds": 0.6538461538461539,
  "eval/frac_allocation_triggers": 0.9730769230769231,
  "eval/retailer_a_cost": 82.97692307692307,
  "eval/retailer_b_cost": 42.41298076923077,
  "eval/wholesaler_cost": 224.9442307692308,
  "eval/distributor_cost": 198.72307692307692,
  "eval/factory_cost": 190.85048076923078,
  "eval/bullwhip_retailer_a": 1.0253609352055426,
  "eval/bullwhip_retailer_b": 0.9611096352337382,
  "eval/bullwhip_wholesaler": 3.009117908726129,
  "eval/bullwhip_distributor": 3.8517137533798045,
  "eval/bullwhip_factory": 4.616205760009843,
  "eval/sharing_rate": 0.35980769230769233,
  "eval/honesty_score": -0.047969886198669334,
  "eval/inflation_rate": 0.24110671936758893
}