{
  "eval/mean_system_cost": 48.71105769230769,
  "eval/std_system_cost": 18.11378797139646,
  "eval/frac_actions_at_cap": 0.0,
  "eval/frac_capacity_binds": 0.0,
  "eval/frac_allocation_triggers": 0.6865384615384615,
  "eval/retailer_cost": 16.313942307692308,
  "eval/wholesaler_cost": 14.90913461538462,
  "eval/distributor_cost": 10.63076923076923,
  "eval/factory_cost": 6.857211538461537,
  "eval/bullwhip_retailer": 2.466331680354022,
  "eval/bullwhip_wholesaler": 2.749586174825209,
  "eval/bullwhip_distributor": 3.416158673902331,
  "eval/bullwhip_factory": 2.5405256983906983
}