{
  "uniform": {
    "process": "uniform",
    "mse_blind": 21.195633889865412,
    "mse_informed": 21.19564705882353,
    "mse_reduction": -1.3168958115983287e-05,
    "relative_mse_reduction": -6.213052265580016e-07,
    "lag1_r2": 0.0002667772345427144,
    "mean": 7.503038461538462,
    "var": 21.198606152366864,
    "n_pairs": 25500.0
  },
  "ar1": {
    "process": "ar1",
    "mse_blind": 7.98713593627451,
    "mse_informed": 4.141030980392157,
    "mse_reduction": 3.8461049558823532,
    "relative_mse_reduction": 0.48153743551738226,
    "lag1_r2": 0.4815472575119951,
    "mean": 7.5155,
    "var": 7.914605903846153,
    "n_pairs": 25500.0
  },
  "regime_switch": {
    "process": "regime_switch",
    "mse_blind": 18.423656464642068,
    "mse_informed": 8.324200103435171,
    "mse_reduction": 10.099456361206897,
    "relative_mse_reduction": 0.548178716889851,
    "lag1_r2": 0.48906577444744004,
    "mean": 8.00326923076923,
    "var": 18.428873927514793,
    "n_pairs": 25500.0
  },
  "classic_step": {
    "process": "classic_step",
    "mse_blind": 0.8910546467107553,
    "mse_informed": 0.3137254901960784,
    "mse_reduction": 0.5773291565146769,
    "relative_mse_reduction": 0.6479166666666667,
    "lag1_r2": 0.734375,
    "mean": 7.6923076923076925,
    "var": 1.136094674556213,
    "n_pairs": 25500.0
  }
}