{
  "eval/mean_system_cost": 717.78125,
  "eval/std_system_cost": 180.9383424364145,
  "eval/frac_actions_at_cap": 0.0,
  "eval/frac_capacity_binds": 0.7375,
  "eval/frac_allocation_triggers": 0.9528846153846153,
  "eval/retailer_a_cost": 97.10625,
  "eval/retailer_b_cost": 97.96730769230768,
  "eval/wholesaler_cost": 195.6144230769231,
  "eval/distributor_cost": 174.11538461538458,
  "eval/factory_cost": 152.97788461538462,
  "eval/bullwhip_retailer_a": 0.30938163103089855,
  "eval/bullwhip_retailer_b": 0.30778659478369985,
  "eval/bullwhip_wholesaler": 1.2059483952606158,
  "eval/bullwhip_distributor": 1.3371996746126056,
  "eval/bullwhip_factory": 1.4651874300510148
}