{
  "eval/mean_system_cost": 644.1884615384616,
  "eval/std_system_cost": 163.01769383741154,
  "eval/frac_actions_at_cap": 0.0,
  "eval/frac_capacity_binds": 0.8355769230769231,
  "eval/frac_allocation_triggers": 0.9384615384615385,
  "eval/retailer_cost": 77.93413461538462,
  "eval/wholesaler_cost": 134.63701923076923,
  "eval/distributor_cost": 196.81394230769226,
  "eval/factory_cost": 234.80336538461538,
  "eval/bullwhip_retailer": 1.960484051278247,
  "eval/bullwhip_wholesaler": 5.289711456826454,
  "eval/bullwhip_distributor": 11.138725750812945,
  "eval/bullwhip_factory": 12.017960471815924
}