{
  "eval/mean_system_cost": 399.61971153846156,
  "eval/std_system_cost": 130.85278780139748,
  "eval/frac_actions_at_cap": 0.0,
  "eval/frac_capacity_binds": 0.6701923076923076,
  "eval/frac_allocation_triggers": 0.9548076923076924,
  "eval/retailer_cost": 75.90865384615385,
  "eval/wholesaler_cost": 83.18413461538462,
  "eval/distributor_cost": 101.65,
  "eval/factory_cost": 138.87692307692308,
  "eval/bullwhip_retailer": 1.7073874914945348,
  "eval/bullwhip_wholesaler": 2.499024237615729,
  "eval/bullwhip_distributor": 3.279061614087825,
  "eval/bullwhip_factory": 4.333768484519902,
  "eval/sharing_rate": 0.5365384615384615,
  "eval/honesty_score": -0.035878079855548375,
  "eval/inflation_rate": 0.29740518962075846
}