{
  "eval/mean_system_cost": 805.5350961538462,
  "eval/std_system_cost": 283.6053689389608,
  "eval/frac_actions_at_cap": 0.0,
  "eval/frac_capacity_binds": 0.6634615384615384,
  "eval/frac_allocation_triggers": 0.9711538461538461,
  "eval/retailer_a_cost": 43.90048076923077,
  "eval/retailer_b_cost": 96.28894230769232,
  "eval/wholesaler_cost": 252.3350961538462,
  "eval/distributor_cost": 219.62355769230766,
  "eval/factory_cost": 193.38701923076923,
  "eval/bullwhip_retailer_a": 1.0524110597060314,
  "eval/bullwhip_retailer_b": 1.0456240683491003,
  "eval/bullwhip_wholesaler": 2.953692237644207,
  "eval/bullwhip_distributor": 3.647360864489176,
  "eval/bullwhip_factory": 4.4984011234083745,
  "eval/sharing_rate": 0.32846153846153847,
  "eval/honesty_score": -0.04518550870334794,
  "eval/inflation_rate": 0.22871287128712872
}