{
  "eval/mean_system_cost": 51.091346153846146,
  "eval/std_system_cost": 11.430297712930011,
  "eval/frac_actions_at_cap": 0.0,
  "eval/frac_capacity_binds": 0.0,
  "eval/frac_allocation_triggers": 0.6971153846153846,
  "eval/retailer_cost": 15.770673076923078,
  "eval/wholesaler_cost": 14.602403846153845,
  "eval/distributor_cost": 12.361538461538462,
  "eval/factory_cost": 8.356730769230769,
  "eval/bullwhip_retailer": 2.1544666445742036,
  "eval/bullwhip_wholesaler": 2.8325047293226606,
  "eval/bullwhip_distributor": 3.5441068235323776,
  "eval/bullwhip_factory": 4.0692638172650275,
  "eval/sharing_rate": 0.4502403846153847,
  "eval/honesty_score": -0.046524893656338995,
  "eval/inflation_rate": 0.22206896551724137
}