{
  "eval/mean_system_cost": 888.1576923076924,
  "eval/std_system_cost": 241.7502349423358,
  "eval/frac_actions_at_cap": 0.0,
  "eval/frac_capacity_binds": 0.7125,
  "eval/frac_allocation_triggers": 0.9682692307692308,
  "eval/retailer_a_cost": 79.11586538461538,
  "eval/retailer_b_cost": 71.18076923076924,
  "eval/wholesaler_cost": 274.1951923076923,
  "eval/distributor_cost": 237.65913461538457,
  "eval/factory_cost": 226.00673076923076,
  "eval/bullwhip_retailer_a": 0.9569735352176634,
  "eval/bullwhip_retailer_b": 1.0121491237330986,
  "eval/bullwhip_wholesaler": 2.8669413135518553,
  "eval/bullwhip_distributor": 3.71449317051994,
  "eval/bullwhip_factory": 4.272442283400561,
  "eval/sharing_rate": 0.4628846153846154,
  "eval/honesty_score": -0.03874766512518166,
  "eval/inflation_rate": 0.2323733862959285
}