{
  "eval/mean_system_cost": 324.98509615384614,
  "eval/std_system_cost": 92.21734377906787,
  "eval/frac_actions_at_cap": 0.0,
  "eval/frac_capacity_binds": 0.6932692307692307,
  "eval/frac_allocation_triggers": 0.9423076923076923,
  "eval/retailer_cost": 27.758653846153845,
  "eval/wholesaler_cost": 69.25769230769232,
  "eval/distributor_cost": 90.175,
  "eval/factory_cost": 137.79375000000002,
  "eval/bullwhip_retailer": 3.6235344877134565,
  "eval/bullwhip_wholesaler": 6.257336413778663,
  "eval/bullwhip_distributor": 8.606791622447702,
  "eval/bullwhip_factory": 10.713725395610055,
  "eval/sharing_rate": 0.4375,
  "eval/honesty_score": -0.03632245725006416,
  "eval/inflation_rate": 0.29547738693467335
}