{
  "eval/mean_system_cost": 836.2423076923076,
  "eval/std_system_cost": 89.44476032601409,
  "eval/frac_actions_at_cap": 0.0,
  "eval/frac_capacity_binds": 0.8653846153846154,
  "eval/frac_allocation_triggers": 0.9586538461538462,
  "eval/retailer_cost": 18.547115384615385,
  "eval/wholesaler_cost": 168.93076923076922,
  "eval/distributor_cost": 272.8971153846154,
  "eval/factory_cost": 375.8673076923077,
  "eval/bullwhip_retailer": 1.8623210581397522,
  "eval/bullwhip_wholesaler": 3.626442773905116,
  "eval/bullwhip_distributor": 8.804530156920642,
  "eval/bullwhip_factory": 13.93236028830041
}