{
  "eval/mean_system_cost": 1601.355769230769,
  "eval/std_system_cost": 177.7734467595795,
  "eval/frac_actions_at_cap": 0.0,
  "eval/frac_capacity_binds": 0.9038461538461539,
  "eval/frac_allocation_triggers": 0.9615384615384616,
  "eval/retailer_a_cost": 51.16971153846154,
  "eval/retailer_b_cost": 55.60817307692307,
  "eval/wholesaler_cost": 443.35096153846155,
  "eval/distributor_cost": 505.98557692307685,
  "eval/factory_cost": 545.2413461538462,
  "eval/bullwhip_retailer_a": 0.4014091153802883,
  "eval/bullwhip_retailer_b": 0.3936509662386811,
  "eval/bullwhip_wholesaler": 2.375458665794235,
  "eval/bullwhip_distributor": 3.948105411072527,
  "eval/bullwhip_factory": 5.373347808063716
}