{
  "eval/mean_system_cost": 818.4822115384616,
  "eval/std_system_cost": 212.82791485446623,
  "eval/frac_actions_at_cap": 0.0,
  "eval/frac_capacity_binds": 0.676923076923077,
  "eval/frac_allocation_triggers": 0.9692307692307692,
  "eval/retailer_a_cost": 68.03461538461539,
  "eval/retailer_b_cost": 85.40240384615385,
  "eval/wholesaler_cost": 239.85240384615386,
  "eval/distributor_cost": 218.2125,
  "eval/factory_cost": 206.98028846153846,
  "eval/bullwhip_retailer_a": 1.0977455787060308,
  "eval/bullwhip_retailer_b": 1.0810502154380748,
  "eval/bullwhip_wholesaler": 2.8349948974328134,
  "eval/bullwhip_distributor": 3.374394772447845,
  "eval/bullwhip_factory": 4.142216439531786,
  "eval/sharing_rate": 0.3475,
  "eval/honesty_score": -0.04787363225898794,
  "eval/inflation_rate": 0.26091269841269843
}