{
  "eval/mean_system_cost": 1016.841826923077,
  "eval/std_system_cost": 210.8747075501167,
  "eval/frac_actions_at_cap": 0.0,
  "eval/frac_capacity_binds": 0.7365384615384616,
  "eval/frac_allocation_triggers": 0.9567307692307693,
  "eval/retailer_a_cost": 48.400000000000006,
  "eval/retailer_b_cost": 140.5879807692308,
  "eval/wholesaler_cost": 295.070673076923,
  "eval/distributor_cost": 272.8620192307693,
  "eval/factory_cost": 259.9211538461538,
  "eval/bullwhip_retailer_a": 0.8545110024301821,
  "eval/bullwhip_retailer_b": 0.8957973153750082,
  "eval/bullwhip_wholesaler": 2.923412196609103,
  "eval/bullwhip_distributor": 3.6692852003281873,
  "eval/bullwhip_factory": 4.370420061226212,
  "eval/sharing_rate": 0.35846153846153844,
  "eval/honesty_score": -0.041781924234900895,
  "eval/inflation_rate": 0.265
}