{
  "eval/mean_system_cost": 424.66923076923075,
  "eval/std_system_cost": 117.65639870587111,
  "eval/frac_actions_at_cap": 0.0,
  "eval/frac_capacity_binds": 0.7980769230769231,
  "eval/frac_allocation_triggers": 0.9298076923076923,
  "eval/retailer_cost": 100.73317307692307,
  "eval/wholesaler_cost": 11.472596153846153,
  "eval/distributor_cost": 130.6701923076923,
  "eval/factory_cost": 181.79326923076925,
  "eval/bullwhip_retailer": 0.621906208863377,
  "eval/bullwhip_wholesaler": 0.9108302000798015,
  "eval/bullwhip_distributor": 1.869593305320318,
  "eval/bullwhip_factory": 3.004016015615985
}