{
  "eval/mean_system_cost": 100.12692307692308,
  "eval/std_system_cost": 24.699555722413617,
  "eval/frac_actions_at_cap": 0.0,
  "eval/frac_capacity_binds": 0.0,
  "eval/frac_allocation_triggers": 0.7298076923076923,
  "eval/retailer_a_cost": 10.690384615384614,
  "eval/retailer_b_cost": 11.191826923076922,
  "eval/wholesaler_cost": 36.54711538461539,
  "eval/distributor_cost": 26.40432692307693,
  "eval/factory_cost": 15.293269230769232,
  "eval/bullwhip_retailer_a": 0.9485539426598675,
  "eval/bullwhip_retailer_b": 1.0394215518969876,
  "eval/bullwhip_wholesaler": 3.4641126522363423,
  "eval/bullwhip_distributor": 4.225397510114909,
  "eval/bullwhip_factory": 5.2522467200557825,
  "eval/sharing_rate": 0.5590384615384616,
  "eval/honesty_score": -0.05859567465152472,
  "eval/inflation_rate": 0.25296442687747034
}