{
  "eval/mean_system_cost": 157.8350961538461,
  "eval/std_system_cost": 33.06094667761412,
  "eval/frac_actions_at_cap": 0.0,
  "eval/frac_capacity_binds": 0.3778846153846154,
  "eval/frac_allocation_triggers": 0.9307692307692308,
  "eval/retailer_cost": 82.2423076923077,
  "eval/wholesaler_cost": 16.096153846153843,
  "eval/distributor_cost": 25.195192307692306,
  "eval/factory_cost": 34.301442307692305,
  "eval/bullwhip_retailer": 1.6017620065599982,
  "eval/bullwhip_wholesaler": 1.5900133381376083,
  "eval/bullwhip_distributor": 1.5818067322417269,
  "eval/bullwhip_factory": 1.5848612471899597
}