{
  "eval/mean_system_cost": 586.6817307692307,
  "eval/std_system_cost": 242.82948946754092,
  "eval/frac_actions_at_cap": 0.0,
  "eval/frac_capacity_binds": 0.6182692307692308,
  "eval/frac_allocation_triggers": 0.975,
  "eval/retailer_a_cost": 29.47596153846154,
  "eval/retailer_b_cost": 49.51394230769232,
  "eval/wholesaler_cost": 186.0168269230769,
  "eval/distributor_cost": 162.27740384615385,
  "eval/factory_cost": 159.39759615384614,
  "eval/bullwhip_retailer_a": 1.1225867636825857,
  "eval/bullwhip_retailer_b": 1.0416099446765565,
  "eval/bullwhip_wholesaler": 3.1079437338378146,
  "eval/bullwhip_distributor": 4.070550869674678,
  "eval/bullwhip_factory": 4.995635573215997,
  "eval/sharing_rate": 0.26999999999999996,
  "eval/honesty_score": -0.04560460249332498,
  "eval/inflation_rate": 0.2593688362919132
}