{
  "eval/mean_system_cost": 1022.9918269230768,
  "eval/std_system_cost": 213.7581235107047,
  "eval/frac_actions_at_cap": 0.0,
  "eval/frac_capacity_binds": 0.7346153846153847,
  "eval/frac_allocation_triggers": 0.9567307692307693,
  "eval/retailer_a_cost": 90.63461538461539,
  "eval/retailer_b_cost": 97.825,
  "eval/wholesaler_cost": 298.9168269230769,
  "eval/distributor_cost": 275.1134615384615,
  "eval/factory_cost": 260.5019230769231,
  "eval/bullwhip_retailer_a": 0.9299812908694519,
  "eval/bullwhip_retailer_b": 0.9307615758624093,
  "eval/bullwhip_wholesaler": 3.0414066176467625,
  "eval/bullwhip_distributor": 3.725115625064341,
  "eval/bullwhip_factory": 4.414902630568617,
  "eval/sharing_rate": 0.4490384615384615,
  "eval/honesty_score": -0.04013678318570131,
  "eval/inflation_rate": 0.268
}