{
  "eval/mean_system_cost": 871.4249999999998,
  "eval/std_system_cost": 211.65674980797363,
  "eval/frac_actions_at_cap": 0.0,
  "eval/frac_capacity_binds": 0.7028846153846153,
  "eval/frac_allocation_triggers": 0.9721153846153846,
  "eval/retailer_a_cost": 71.16298076923076,
  "eval/retailer_b_cost": 57.25240384615385,
  "eval/wholesaler_cost": 280.10721153846157,
  "eval/distributor_cost": 241.52836538461543,
  "eval/factory_cost": 221.37403846153848,
  "eval/bullwhip_retailer_a": 1.016612289217038,
  "eval/bullwhip_retailer_b": 1.0147942785756003,
  "eval/bullwhip_wholesaler": 2.9863236584582014,
  "eval/bullwhip_distributor": 3.7758563763621225,
  "eval/bullwhip_factory": 4.4243343302411,
  "eval/sharing_rate": 0.4763461538461537,
  "eval/honesty_score": -0.04068050668701666,
  "eval/inflation_rate": 0.23738872403560832
}