{
  "eval/mean_system_cost": 189.00528846153847,
  "eval/std_system_cost": 40.91381535992266,
  "eval/frac_actions_at_cap": 0.0,
  "eval/frac_capacity_binds": 0.0,
  "eval/frac_allocation_triggers": 0.9346153846153846,
  "eval/retailer_a_cost": 38.489423076923075,
  "eval/retailer_b_cost": 19.834134615384613,
  "eval/wholesaler_cost": 32.668269230769226,
  "eval/distributor_cost": 49.426923076923075,
  "eval/factory_cost": 48.58653846153847,
  "eval/bullwhip_retailer_a": 0.5226105005814854,
  "eval/bullwhip_retailer_b": 0.5256029538717499,
  "eval/bullwhip_wholesaler": 1.6630902935943215,
  "eval/bullwhip_distributor": 2.8374399313998317,
  "eval/bullwhip_factory": 5.084092420220733
}