{
  "eval/mean_system_cost": 105.77163461538461,
  "eval/std_system_cost": 28.577958018290815,
  "eval/frac_actions_at_cap": 0.0,
  "eval/frac_capacity_binds": 0.0,
  "eval/frac_allocation_triggers": 0.7509615384615385,
  "eval/retailer_a_cost": 12.703846153846154,
  "eval/retailer_b_cost": 12.734615384615385,
  "eval/wholesaler_cost": 37.94182692307692,
  "eval/distributor_cost": 27.457211538461543,
  "eval/factory_cost": 14.934134615384616,
  "eval/bullwhip_retailer_a": 0.9520934917754842,
  "eval/bullwhip_retailer_b": 1.0205975458962688,
  "eval/bullwhip_wholesaler": 3.4864462693817457,
  "eval/bullwhip_distributor": 4.367224745301788,
  "eval/bullwhip_factory": 5.062957693560872,
  "eval/sharing_rate": 0.4782692307692307,
  "eval/honesty_score": -0.053526085812000614,
  "eval/inflation_rate": 0.23943661971830985
}