{
  "eval/mean_system_cost": 45.21201923076923,
  "eval/std_system_cost": 13.91296530233825,
  "eval/frac_actions_at_cap": 0.0,
  "eval/frac_capacity_binds": 0.0,
  "eval/frac_allocation_triggers": 0.6538461538461539,
  "eval/retailer_cost": 13.63701923076923,
  "eval/wholesaler_cost": 13.189903846153845,
  "eval/distributor_cost": 11.154807692307692,
  "eval/factory_cost": 7.230288461538462,
  "eval/bullwhip_retailer": 2.173819367938103,
  "eval/bullwhip_wholesaler": 2.4768627920752304,
  "eval/bullwhip_distributor": 3.038759824482253,
  "eval/bullwhip_factory": 2.3339373048683574
}