{
  "eval/mean_system_cost": 1374.603846153846,
  "eval/std_system_cost": 170.37102021316986,
  "eval/frac_actions_at_cap": 0.0,
  "eval/frac_capacity_binds": 0.8471153846153846,
  "eval/frac_allocation_triggers": 0.948076923076923,
  "eval/retailer_a_cost": 62.66057692307693,
  "eval/retailer_b_cost": 83.1985576923077,
  "eval/wholesaler_cost": 460.1961538461539,
  "eval/distributor_cost": 409.1105769230769,
  "eval/factory_cost": 359.43798076923076,
  "eval/bullwhip_retailer_a": 0.5216279255862246,
  "eval/bullwhip_retailer_b": 0.5343156596420211,
  "eval/bullwhip_wholesaler": 2.5112280471861497,
  "eval/bullwhip_distributor": 3.1543281808485126,
  "eval/bullwhip_factory": 4.562605070099904
}