{
  "eval/mean_system_cost": 131.90625,
  "eval/std_system_cost": 32.4241553388214,
  "eval/frac_actions_at_cap": 0.0,
  "eval/frac_capacity_binds": 0.0673076923076923,
  "eval/frac_allocation_triggers": 0.9163461538461538,
  "eval/retailer_cost": 114.58750000000002,
  "eval/wholesaler_cost": 6.037980769230769,
  "eval/distributor_cost": 6.025,
  "eval/factory_cost": 5.25576923076923,
  "eval/bullwhip_retailer": 0.5453038819242202,
  "eval/bullwhip_wholesaler": 0.5386154353752206,
  "eval/bullwhip_distributor": 0.5317137661087646,
  "eval/bullwhip_factory": 0.7417741222233649
}