{
  "eval/mean_system_cost": 1428.6653846153845,
  "eval/std_system_cost": 206.08052492491473,
  "eval/frac_actions_at_cap": 0.0,
  "eval/frac_capacity_binds": 0.8634615384615385,
  "eval/frac_allocation_triggers": 0.9615384615384616,
  "eval/retailer_a_cost": 49.52355769230769,
  "eval/retailer_b_cost": 71.47451923076923,
  "eval/wholesaler_cost": 493.3903846153847,
  "eval/distributor_cost": 435.4625,
  "eval/factory_cost": 378.8144230769231,
  "eval/bullwhip_retailer_a": 0.3121017546216644,
  "eval/bullwhip_retailer_b": 0.5178042716843944,
  "eval/bullwhip_wholesaler": 2.1027002835486344,
  "eval/bullwhip_distributor": 2.858264022233241,
  "eval/bullwhip_factory": 3.556924516176585
}