{
  "eval/mean_system_cost": 222.01875,
  "eval/std_system_cost": 18.495327771144158,
  "eval/frac_actions_at_cap": 0.0,
  "eval/frac_capacity_binds": 0.0,
  "eval/frac_allocation_triggers": 0.37403846153846154,
  "eval/retailer_a_cost": 27.270673076923078,
  "eval/retailer_b_cost": 21.640384615384615,
  "eval/wholesaler_cost": 67.04182692307691,
  "eval/distributor_cost": 78.16105769230771,
  "eval/factory_cost": 27.904807692307696,
  "eval/bullwhip_retailer_a": 0.3383805506860262,
  "eval/bullwhip_retailer_b": 0.33879502326092764,
  "eval/bullwhip_wholesaler": 2.047382127969485,
  "eval/bullwhip_distributor": 2.430988634166186,
  "eval/bullwhip_factory": 2.7143924928789445
}