{
  "eval/mean_system_cost": 1059.2524038461538,
  "eval/std_system_cost": 227.3750426724077,
  "eval/frac_actions_at_cap": 0.0,
  "eval/frac_capacity_binds": 0.8615384615384616,
  "eval/frac_allocation_triggers": 0.9721153846153846,
  "eval/retailer_a_cost": 40.339903846153845,
  "eval/retailer_b_cost": 41.074999999999996,
  "eval/wholesaler_cost": 239.35240384615386,
  "eval/distributor_cost": 326.03413461538463,
  "eval/factory_cost": 412.4509615384615,
  "eval/bullwhip_retailer_a": 0.5573045600065879,
  "eval/bullwhip_retailer_b": 0.6847724368666123,
  "eval/bullwhip_wholesaler": 2.433356776609935,
  "eval/bullwhip_distributor": 4.679624877992948,
  "eval/bullwhip_factory": 7.762530553149526
}