{
  "eval/mean_system_cost": 90.14134615384616,
  "eval/std_system_cost": 15.378836685148247,
  "eval/frac_actions_at_cap": 0.0,
  "eval/frac_capacity_binds": 0.0,
  "eval/frac_allocation_triggers": 0.7653846153846153,
  "eval/retailer_a_cost": 8.34855769230769,
  "eval/retailer_b_cost": 8.722115384615384,
  "eval/wholesaler_cost": 29.86394230769231,
  "eval/distributor_cost": 25.36201923076923,
  "eval/factory_cost": 17.84471153846154,
  "eval/bullwhip_retailer_a": 1.2084347826832715,
  "eval/bullwhip_retailer_b": 1.4616960719697916,
  "eval/bullwhip_wholesaler": 5.026247875245388,
  "eval/bullwhip_distributor": 6.940010737407776,
  "eval/bullwhip_factory": 7.708442260061391
}