{
  "eval/mean_system_cost": 611.4841346153845,
  "eval/std_system_cost": 170.526150253977,
  "eval/frac_actions_at_cap": 0.0,
  "eval/frac_capacity_binds": 0.6442307692307693,
  "eval/frac_allocation_triggers": 0.9528846153846153,
  "eval/retailer_a_cost": 85.74278846153847,
  "eval/retailer_b_cost": 86.51923076923076,
  "eval/wholesaler_cost": 170.3730769230769,
  "eval/distributor_cost": 146.32788461538465,
  "eval/factory_cost": 122.52115384615384,
  "eval/bullwhip_retailer_a": 0.30938163103089855,
  "eval/bullwhip_retailer_b": 0.30778659478369985,
  "eval/bullwhip_wholesaler": 1.2059483952606158,
  "eval/bullwhip_distributor": 1.3371996746126056,
  "eval/bullwhip_factory": 1.4651874300510148
}