{
  "eval/mean_system_cost": 185.69567307692304,
  "eval/std_system_cost": 34.791967771361776,
  "eval/frac_actions_at_cap": 0.0,
  "eval/frac_capacity_binds": 0.0,
  "eval/frac_allocation_triggers": 0.9355769230769231,
  "eval/retailer_a_cost": 16.837019230769233,
  "eval/retailer_b_cost": 35.55336538461538,
  "eval/wholesaler_cost": 44.924038461538466,
  "eval/distributor_cost": 52.92836538461538,
  "eval/factory_cost": 35.45288461538461,
  "eval/bullwhip_retailer_a": 0.31572598560756304,
  "eval/bullwhip_retailer_b": 0.3275616062805694,
  "eval/bullwhip_wholesaler": 1.7755902173359324,
  "eval/bullwhip_distributor": 3.5328589515243007,
  "eval/bullwhip_factory": 5.648255323825818
}