{
  "eval/mean_system_cost": 648.4182692307693,
  "eval/std_system_cost": 171.82941411338402,
  "eval/frac_actions_at_cap": 0.0,
  "eval/frac_capacity_binds": 0.6605769230769231,
  "eval/frac_allocation_triggers": 0.9759615384615384,
  "eval/retailer_a_cost": 30.369230769230768,
  "eval/retailer_b_cost": 29.251923076923077,
  "eval/wholesaler_cost": 218.49230769230766,
  "eval/distributor_cost": 188.44855769230765,
  "eval/factory_cost": 181.85625,
  "eval/bullwhip_retailer_a": 0.8995034203923522,
  "eval/bullwhip_retailer_b": 0.9189213858753451,
  "eval/bullwhip_wholesaler": 2.916473811709331,
  "eval/bullwhip_distributor": 4.056640944446153,
  "eval/bullwhip_factory": 5.112204203352568,
  "eval/sharing_rate": 0.45499999999999996,
  "eval/honesty_score": -0.042107230904724,
  "eval/inflation_rate": 0.23842364532019705
}