{
  "eval/mean_system_cost": 1239.1100961538464,
  "eval/std_system_cost": 172.1593908739167,
  "eval/frac_actions_at_cap": 0.0,
  "eval/frac_capacity_binds": 0.9038461538461539,
  "eval/frac_allocation_triggers": 0.9615384615384616,
  "eval/retailer_a_cost": 24.941346153846155,
  "eval/retailer_b_cost": 31.36009615384615,
  "eval/wholesaler_cost": 291.51730769230767,
  "eval/distributor_cost": 383.85961538461544,
  "eval/factory_cost": 507.43173076923074,
  "eval/bullwhip_retailer_a": 0.31572598560756304,
  "eval/bullwhip_retailer_b": 0.30567532019702454,
  "eval/bullwhip_wholesaler": 1.8465737504424014,
  "eval/bullwhip_distributor": 3.213905664971312,
  "eval/bullwhip_factory": 4.64300841268035
}