{
  "eval/mean_system_cost": 1308.4187499999998,
  "eval/std_system_cost": 250.59236015445325,
  "eval/frac_actions_at_cap": 0.0,
  "eval/frac_capacity_binds": 0.8653846153846154,
  "eval/frac_allocation_triggers": 0.9807692307692307,
  "eval/retailer_a_cost": 54.90865384615385,
  "eval/retailer_b_cost": 41.785096153846155,
  "eval/wholesaler_cost": 446.74519230769226,
  "eval/distributor_cost": 381.2384615384616,
  "eval/factory_cost": 383.7413461538461,
  "eval/bullwhip_retailer_a": 0.5479374723571402,
  "eval/bullwhip_retailer_b": 0.5481179625308663,
  "eval/bullwhip_wholesaler": 1.838250761797734,
  "eval/bullwhip_distributor": 3.3428899334900883,
  "eval/bullwhip_factory": 6.148133336169669
}