{
  "eval/mean_system_cost": 32.646153846153844,
  "eval/std_system_cost": 9.182956903155272,
  "eval/frac_actions_at_cap": 0.0,
  "eval/frac_capacity_binds": 0.0,
  "eval/frac_allocation_triggers": 0.7355769230769231,
  "eval/retailer_cost": 7.842307692307692,
  "eval/wholesaler_cost": 8.778365384615384,
  "eval/distributor_cost": 9.05576923076923,
  "eval/factory_cost": 6.969711538461539,
  "eval/bullwhip_retailer": 3.71932202689055,
  "eval/bullwhip_wholesaler": 5.8328957776863035,
  "eval/bullwhip_distributor": 7.142674352923723,
  "eval/bullwhip_factory": 7.419356745164827,
  "eval/sharing_rate": 0.4353365384615384,
  "eval/honesty_score": -0.04446887900605799,
  "eval/inflation_rate": 0.21176470588235294
}