{
  "eval/mean_system_cost": 339.73125,
  "eval/std_system_cost": 58.05539682213589,
  "eval/frac_actions_at_cap": 0.0,
  "eval/frac_capacity_binds": 0.6836538461538462,
  "eval/frac_allocation_triggers": 0.9365384615384615,
  "eval/retailer_cost": 20.817788461538463,
  "eval/wholesaler_cost": 77.26490384615386,
  "eval/distributor_cost": 105.18221153846154,
  "eval/factory_cost": 136.46634615384613,
  "eval/bullwhip_retailer": 3.3630811846812887,
  "eval/bullwhip_wholesaler": 6.34880723595823,
  "eval/bullwhip_distributor": 8.797035052254968,
  "eval/bullwhip_factory": 11.179298498071976,
  "eval/sharing_rate": 0.5475961538461538,
  "eval/honesty_score": -0.036418467292658345,
  "eval/inflation_rate": 0.2896341463414634
}