{
  "eval/mean_system_cost": 705.4875000000001,
  "eval/std_system_cost": 175.92734251843603,
  "eval/frac_actions_at_cap": 0.0,
  "eval/frac_capacity_binds": 0.7384615384615385,
  "eval/frac_allocation_triggers": 0.9519230769230769,
  "eval/retailer_a_cost": 87.27259615384615,
  "eval/retailer_b_cost": 104.5668269230769,
  "eval/wholesaler_cost": 192.45673076923077,
  "eval/distributor_cost": 171.09903846153847,
  "eval/factory_cost": 150.09230769230766,
  "eval/bullwhip_retailer_a": 0.3103374439234082,
  "eval/bullwhip_retailer_b": 0.3083890998557286,
  "eval/bullwhip_wholesaler": 1.2060026932643229,
  "eval/bullwhip_distributor": 1.3377753399852594,
  "eval/bullwhip_factory": 1.467595470998964
}