{
  "eval/mean_system_cost": 193.88221153846155,
  "eval/std_system_cost": 54.36306548574157,
  "eval/frac_actions_at_cap": 0.0,
  "eval/frac_capacity_binds": 0.0,
  "eval/frac_allocation_triggers": 0.9634615384615385,
  "eval/retailer_a_cost": 73.43509615384616,
  "eval/retailer_b_cost": 27.58557692307692,
  "eval/wholesaler_cost": 36.480288461538464,
  "eval/distributor_cost": 29.147115384615383,
  "eval/factory_cost": 27.23413461538462,
  "eval/bullwhip_retailer_a": 0.4610994572664862,
  "eval/bullwhip_retailer_b": 0.5497725109525513,
  "eval/bullwhip_wholesaler": 1.0624766899668554,
  "eval/bullwhip_distributor": 1.7063366162860556,
  "eval/bullwhip_factory": 2.8808188593145627
}