{
  "eval/mean_system_cost": 633.9437500000001,
  "eval/std_system_cost": 193.65091463948272,
  "eval/frac_actions_at_cap": 0.0,
  "eval/frac_capacity_binds": 0.7182692307692308,
  "eval/frac_allocation_triggers": 0.9538461538461539,
  "eval/retailer_a_cost": 74.70528846153847,
  "eval/retailer_b_cost": 112.69471153846152,
  "eval/wholesaler_cost": 167.76298076923075,
  "eval/distributor_cost": 144.7235576923077,
  "eval/factory_cost": 134.05721153846156,
  "eval/bullwhip_retailer_a": 0.8357757500371432,
  "eval/bullwhip_retailer_b": 0.2637531013789465,
  "eval/bullwhip_wholesaler": 1.2262915323494064,
  "eval/bullwhip_distributor": 1.4791280916580514,
  "eval/bullwhip_factory": 1.7564806888111604
}