{
  "eval/mean_system_cost": 640.0596153846153,
  "eval/std_system_cost": 139.47862724919372,
  "eval/frac_actions_at_cap": 0.0,
  "eval/frac_capacity_binds": 0.6375,
  "eval/frac_allocation_triggers": 0.9557692307692308,
  "eval/retailer_a_cost": 67.7360576923077,
  "eval/retailer_b_cost": 75.9028846153846,
  "eval/wholesaler_cost": 163.96105769230766,
  "eval/distributor_cost": 164.87259615384613,
  "eval/factory_cost": 167.58701923076927,
  "eval/bullwhip_retailer_a": 0.8282683700151886,
  "eval/bullwhip_retailer_b": 0.7800829393996831,
  "eval/bullwhip_wholesaler": 2.5277021850882115,
  "eval/bullwhip_distributor": 3.0590492838011802,
  "eval/bullwhip_factory": 3.6583694480869506,
  "eval/sharing_rate": 0.5013461538461539,
  "eval/honesty_score": -0.04052241854596674,
  "eval/inflation_rate": 0.27839195979899495
}