{
  "eval/mean_system_cost": 649.9024038461538,
  "eval/std_system_cost": 178.9376409477803,
  "eval/frac_actions_at_cap": 0.0,
  "eval/frac_capacity_binds": 0.9230769230769231,
  "eval/frac_allocation_triggers": 0.9586538461538462,
  "eval/retailer_a_cost": 41.88125000000001,
  "eval/retailer_b_cost": 92.7471153846154,
  "eval/wholesaler_cost": 139.76201923076923,
  "eval/distributor_cost": 109.21875,
  "eval/factory_cost": 266.2932692307692,
  "eval/bullwhip_retailer_a": 0.3592590927342834,
  "eval/bullwhip_retailer_b": 0.23995298968222678,
  "eval/bullwhip_wholesaler": 1.1541052990540988,
  "eval/bullwhip_distributor": 1.615530990017896,
  "eval/bullwhip_factory": 2.4645630503354363
}