{
  "eval/mean_system_cost": 149.55769230769232,
  "eval/std_system_cost": 34.30614486420454,
  "eval/frac_actions_at_cap": 0.0,
  "eval/frac_capacity_binds": 0.03365384615384615,
  "eval/frac_allocation_triggers": 0.9317307692307693,
  "eval/retailer_cost": 132.33701923076924,
  "eval/wholesaler_cost": 6.657692307692308,
  "eval/distributor_cost": 6.5375,
  "eval/factory_cost": 4.02548076923077,
  "eval/bullwhip_retailer": 0.4392240111340452,
  "eval/bullwhip_wholesaler": 0.43616540166022316,
  "eval/bullwhip_distributor": 0.4332071869112299,
  "eval/bullwhip_factory": 0.4318176657197587
}