{
  "eval/mean_system_cost": 373.50721153846155,
  "eval/std_system_cost": 79.35510664114652,
  "eval/frac_actions_at_cap": 0.0,
  "eval/frac_capacity_binds": 0.7009615384615384,
  "eval/frac_allocation_triggers": 0.9394230769230769,
  "eval/retailer_cost": 41.989423076923075,
  "eval/wholesaler_cost": 87.71682692307694,
  "eval/distributor_cost": 116.1591346153846,
  "eval/factory_cost": 127.6418269230769,
  "eval/bullwhip_retailer": 3.6182535431184553,
  "eval/bullwhip_wholesaler": 5.691184780870535,
  "eval/bullwhip_distributor": 7.344945937384286,
  "eval/bullwhip_factory": 9.817777215691688,
  "eval/sharing_rate": 0.5163461538461538,
  "eval/honesty_score": -0.03589159752003339,
  "eval/inflation_rate": 0.3148335015136226
}