{
  "eval/mean_system_cost": 441.90288461538455,
  "eval/std_system_cost": 134.80410418178283,
  "eval/frac_actions_at_cap": 0.0,
  "eval/frac_capacity_binds": 0.6711538461538461,
  "eval/frac_allocation_triggers": 0.9548076923076924,
  "eval/retailer_cost": 88.13221153846153,
  "eval/wholesaler_cost": 96.74038461538461,
  "eval/distributor_cost": 112.01971153846155,
  "eval/factory_cost": 145.0105769230769,
  "eval/bullwhip_retailer": 1.740081022846374,
  "eval/bullwhip_wholesaler": 2.525788237242409,
  "eval/bullwhip_distributor": 3.209106349647564,
  "eval/bullwhip_factory": 4.190948990286612,
  "eval/sharing_rate": 0.5375000000000001,
  "eval/honesty_score": -0.036024372804322906,
  "eval/inflation_rate": 0.28386454183266935
}