{
  "eval/mean_system_cost": 95.63173076923077,
  "eval/std_system_cost": 17.312004831318234,
  "eval/frac_actions_at_cap": 0.0,
  "eval/frac_capacity_binds": 0.0,
  "eval/frac_allocation_triggers": 0.7057692307692308,
  "eval/retailer_a_cost": 9.63701923076923,
  "eval/retailer_b_cost": 9.642307692307693,
  "eval/wholesaler_cost": 32.28461538461538,
  "eval/distributor_cost": 25.912019230769232,
  "eval/factory_cost": 18.15576923076923,
  "eval/bullwhip_retailer_a": 1.1202073097001988,
  "eval/bullwhip_retailer_b": 1.4757663337413445,
  "eval/bullwhip_wholesaler": 4.4423426090560305,
  "eval/bullwhip_distributor": 6.5588847453573615,
  "eval/bullwhip_factory": 7.722930429498287
}