{
  "eval/mean_system_cost": 447.2461538461539,
  "eval/std_system_cost": 177.32062018509143,
  "eval/frac_actions_at_cap": 0.0,
  "eval/frac_capacity_binds": 0.8144230769230769,
  "eval/frac_allocation_triggers": 0.9192307692307692,
  "eval/retailer_cost": 111.18221153846153,
  "eval/wholesaler_cost": 111.40721153846152,
  "eval/distributor_cost": 112.00673076923076,
  "eval/factory_cost": 112.64999999999998,
  "eval/bullwhip_retailer": 1.0496250636288011,
  "eval/bullwhip_wholesaler": 1.0947149031597165,
  "eval/bullwhip_distributor": 1.1340200941490717,
  "eval/bullwhip_factory": 1.4407310238591078
}