{
  "eval/mean_system_cost": 747.4442307692307,
  "eval/std_system_cost": 159.95009853066804,
  "eval/frac_actions_at_cap": 0.0,
  "eval/frac_capacity_binds": 0.6836538461538462,
  "eval/frac_allocation_triggers": 0.9605769230769231,
  "eval/retailer_a_cost": 66.40336538461538,
  "eval/retailer_b_cost": 39.21730769230769,
  "eval/wholesaler_cost": 229.00288461538463,
  "eval/distributor_cost": 212.75528846153847,
  "eval/factory_cost": 200.0653846153846,
  "eval/bullwhip_retailer_a": 0.8948184020901928,
  "eval/bullwhip_retailer_b": 0.8129554500491847,
  "eval/bullwhip_wholesaler": 2.8740051603021235,
  "eval/bullwhip_distributor": 3.5967931856911184,
  "eval/bullwhip_factory": 4.337275421370358,
  "eval/sharing_rate": 0.33230769230769225,
  "eval/honesty_score": -0.04549788910885287,
  "eval/inflation_rate": 0.24524524524524524
}