{
  "eval/mean_system_cost": 926.3471153846154,
  "eval/std_system_cost": 389.3662537115934,
  "eval/frac_actions_at_cap": 0.0,
  "eval/frac_capacity_binds": 0.760576923076923,
  "eval/frac_allocation_triggers": 0.9673076923076923,
  "eval/retailer_a_cost": 75.18124999999999,
  "eval/retailer_b_cost": 67.06730769230771,
  "eval/wholesaler_cost": 237.4043269230769,
  "eval/distributor_cost": 260.00865384615383,
  "eval/factory_cost": 286.6855769230769,
  "eval/bullwhip_retailer_a": 0.7825682250899089,
  "eval/bullwhip_retailer_b": 0.957934800893759,
  "eval/bullwhip_wholesaler": 3.280175718864433,
  "eval/bullwhip_distributor": 4.878292591667931,
  "eval/bullwhip_factory": 8.307265427701026
}