{
  "eval/mean_system_cost": 803.6216346153847,
  "eval/std_system_cost": 225.9365951305466,
  "eval/frac_actions_at_cap": 0.0,
  "eval/frac_capacity_binds": 0.6759615384615385,
  "eval/frac_allocation_triggers": 0.9721153846153846,
  "eval/retailer_a_cost": 76.92451923076922,
  "eval/retailer_b_cost": 67.24471153846153,
  "eval/wholesaler_cost": 245.43076923076927,
  "eval/distributor_cost": 215.98413461538462,
  "eval/factory_cost": 198.03750000000002,
  "eval/bullwhip_retailer_a": 0.9886553769171208,
  "eval/bullwhip_retailer_b": 1.0584955471912634,
  "eval/bullwhip_wholesaler": 2.936306309704172,
  "eval/bullwhip_distributor": 3.5641788995632866,
  "eval/bullwhip_factory": 4.262537352526281,
  "eval/sharing_rate": 0.3524999999999999,
  "eval/honesty_score": -0.04703804974713431,
  "eval/inflation_rate": 0.23936696340257171
}