{
  "eval/mean_system_cost": 677.3072115384616,
  "eval/std_system_cost": 197.13935261118397,
  "eval/frac_actions_at_cap": 0.0,
  "eval/frac_capacity_binds": 0.6413461538461539,
  "eval/frac_allocation_triggers": 0.9576923076923077,
  "eval/retailer_a_cost": 74.28653846153846,
  "eval/retailer_b_cost": 83.20576923076922,
  "eval/wholesaler_cost": 176.25673076923076,
  "eval/distributor_cost": 168.04278846153846,
  "eval/factory_cost": 175.51538461538462,
  "eval/bullwhip_retailer_a": 0.8140133223228517,
  "eval/bullwhip_retailer_b": 0.7691970753644177,
  "eval/bullwhip_wholesaler": 2.544933035930296,
  "eval/bullwhip_distributor": 3.2180683993948813,
  "eval/bullwhip_factory": 3.7898163804426637,
  "eval/sharing_rate": 0.5757692307692308,
  "eval/honesty_score": -0.040434230079530314,
  "eval/inflation_rate": 0.28714859437751006
}