{
  "eval/mean_system_cost": 702.2697115384615,
  "eval/std_system_cost": 260.99026635769326,
  "eval/frac_actions_at_cap": 0.0,
  "eval/frac_capacity_binds": 0.6442307692307693,
  "eval/frac_allocation_triggers": 0.9711538461538461,
  "eval/retailer_a_cost": 39.87067307692307,
  "eval/retailer_b_cost": 50.25096153846154,
  "eval/wholesaler_cost": 233.75913461538465,
  "eval/distributor_cost": 202.10096153846152,
  "eval/factory_cost": 176.28798076923078,
  "eval/bullwhip_retailer_a": 1.0668317106001264,
  "eval/bullwhip_retailer_b": 1.034968757845754,
  "eval/bullwhip_wholesaler": 3.1377447150173636,
  "eval/bullwhip_distributor": 4.071950145749766,
  "eval/bullwhip_factory": 5.083458520146861,
  "eval/sharing_rate": 0.3315384615384615,
  "eval/honesty_score": -0.0463592849662623,
  "eval/inflation_rate": 0.23564356435643563
}