{
  "eval/mean_system_cost": 900.1865384615385,
  "eval/std_system_cost": 283.7212886479029,
  "eval/frac_actions_at_cap": 0.0,
  "eval/frac_capacity_binds": 0.7115384615384616,
  "eval/frac_allocation_triggers": 0.9740384615384615,
  "eval/retailer_a_cost": 58.832211538461536,
  "eval/retailer_b_cost": 53.163942307692295,
  "eval/wholesaler_cost": 293.29519230769233,
  "eval/distributor_cost": 255.5399038461539,
  "eval/factory_cost": 239.35528846153844,
  "eval/bullwhip_retailer_a": 1.0388601115437333,
  "eval/bullwhip_retailer_b": 0.9362469869012712,
  "eval/bullwhip_wholesaler": 3.1410015100126953,
  "eval/bullwhip_distributor": 4.180178389094334,
  "eval/bullwhip_factory": 5.049570057906908,
  "eval/sharing_rate": 0.5601923076923077,
  "eval/honesty_score": -0.04025185887539297,
  "eval/inflation_rate": 0.20829220138203355
}