{
  "eval/mean_system_cost": 365.9769230769231,
  "eval/std_system_cost": 133.20744996557573,
  "eval/frac_actions_at_cap": 0.0,
  "eval/frac_capacity_binds": 0.2605769230769231,
  "eval/frac_allocation_triggers": 0.9615384615384616,
  "eval/retailer_a_cost": 67.27307692307693,
  "eval/retailer_b_cost": 55.025480769230775,
  "eval/wholesaler_cost": 112.18750000000003,
  "eval/distributor_cost": 81.27307692307691,
  "eval/factory_cost": 50.21778846153846,
  "eval/bullwhip_retailer_a": 0.5258330203344697,
  "eval/bullwhip_retailer_b": 0.5256029538717499,
  "eval/bullwhip_wholesaler": 1.2086439703578535,
  "eval/bullwhip_distributor": 1.3543446575729368,
  "eval/bullwhip_factory": 1.4706976177702529
}