{
  "eval/mean_system_cost": 1490.6725961538461,
  "eval/std_system_cost": 293.5686849694672,
  "eval/frac_actions_at_cap": 0.0,
  "eval/frac_capacity_binds": 0.8365384615384616,
  "eval/frac_allocation_triggers": 0.9644230769230769,
  "eval/retailer_a_cost": 67.65721153846152,
  "eval/retailer_b_cost": 61.68701923076924,
  "eval/wholesaler_cost": 439.43125,
  "eval/distributor_cost": 454.81971153846155,
  "eval/factory_cost": 467.0774038461539,
  "eval/bullwhip_retailer_a": 0.8491296379607317,
  "eval/bullwhip_retailer_b": 0.7488732740402256,
  "eval/bullwhip_wholesaler": 3.278450455755741,
  "eval/bullwhip_distributor": 5.411695666624123,
  "eval/bullwhip_factory": 6.436531395313081
}