{
  "eval/mean_system_cost": 128.34759615384615,
  "eval/std_system_cost": 23.829216083517217,
  "eval/frac_actions_at_cap": 0.0,
  "eval/frac_capacity_binds": 0.07115384615384615,
  "eval/frac_allocation_triggers": 0.9298076923076923,
  "eval/retailer_cost": 109.82884615384617,
  "eval/wholesaler_cost": 6.936538461538461,
  "eval/distributor_cost": 6.940384615384614,
  "eval/factory_cost": 4.6418269230769225,
  "eval/bullwhip_retailer": 0.971531744724008,
  "eval/bullwhip_wholesaler": 0.9692607682892647,
  "eval/bullwhip_distributor": 0.9722264750250357,
  "eval/bullwhip_factory": 0.9753063690096536
}