{
  "eval/mean_system_cost": 31.493269230769226,
  "eval/std_system_cost": 9.283840375770206,
  "eval/frac_actions_at_cap": 0.0,
  "eval/frac_capacity_binds": 0.0,
  "eval/frac_allocation_triggers": 0.7346153846153847,
  "eval/retailer_cost": 7.114423076923077,
  "eval/wholesaler_cost": 8.250961538461539,
  "eval/distributor_cost": 8.537019230769232,
  "eval/factory_cost": 7.590865384615384,
  "eval/bullwhip_retailer": 4.365677460285659,
  "eval/bullwhip_wholesaler": 6.768819407923111,
  "eval/bullwhip_distributor": 7.859288383572772,
  "eval/bullwhip_factory": 9.070154906101912,
  "eval/sharing_rate": 0.5346153846153846,
  "eval/honesty_score": -0.044508237117204065,
  "eval/inflation_rate": 0.21858638743455497
}