{
  "eval/mean_system_cost": 354.9802884615384,
  "eval/std_system_cost": 89.52598263572226,
  "eval/frac_actions_at_cap": 0.0,
  "eval/frac_capacity_binds": 0.7125,
  "eval/frac_allocation_triggers": 0.9403846153846154,
  "eval/retailer_cost": 20.203365384615388,
  "eval/wholesaler_cost": 84.71923076923079,
  "eval/distributor_cost": 101.56682692307692,
  "eval/factory_cost": 148.49086538461538,
  "eval/bullwhip_retailer": 3.272249592251946,
  "eval/bullwhip_wholesaler": 6.3654047845240695,
  "eval/bullwhip_distributor": 8.43829224501034,
  "eval/bullwhip_factory": 12.12987353504952,
  "eval/sharing_rate": 0.567548076923077,
  "eval/honesty_score": -0.03543685724257897,
  "eval/inflation_rate": 0.31808943089430897
}