{
  "eval/mean_system_cost": 96.61971153846154,
  "eval/std_system_cost": 27.917432856125174,
  "eval/frac_actions_at_cap": 0.0,
  "eval/frac_capacity_binds": 0.2692307692307692,
  "eval/frac_allocation_triggers": 0.9134615384615384,
  "eval/retailer_cost": 65.52163461538461,
  "eval/wholesaler_cost": 8.316826923076922,
  "eval/distributor_cost": 8.734615384615385,
  "eval/factory_cost": 14.046634615384615,
  "eval/bullwhip_retailer": 1.6940456713536851,
  "eval/bullwhip_wholesaler": 1.6758477072139442,
  "eval/bullwhip_distributor": 1.6586603302026093,
  "eval/bullwhip_factory": 1.6440371925646566
}