{
  "eval/mean_system_cost": 245.50240384615387,
  "eval/std_system_cost": 52.481309355660535,
  "eval/frac_actions_at_cap": 0.0,
  "eval/frac_capacity_binds": 0.058653846153846154,
  "eval/frac_allocation_triggers": 0.95,
  "eval/retailer_a_cost": 100.97259615384617,
  "eval/retailer_b_cost": 53.36105769230769,
  "eval/wholesaler_cost": 44.54807692307692,
  "eval/distributor_cost": 30.46153846153846,
  "eval/factory_cost": 16.159134615384612,
  "eval/bullwhip_retailer_a": 0.3543596077897112,
  "eval/bullwhip_retailer_b": 0.3636646837397077,
  "eval/bullwhip_wholesaler": 1.0061332072147346,
  "eval/bullwhip_distributor": 1.042819135768311,
  "eval/bullwhip_factory": 1.077084330432886
}