{
  "eval/mean_system_cost": 42.1125,
  "eval/std_system_cost": 8.601378392099887,
  "eval/retailer_cost": 10.146153846153847,
  "eval/wholesaler_cost": 11.91826923076923,
  "eval/distributor_cost": 10.56971153846154,
  "eval/factory_cost": 9.478365384615385,
  "eval/bullwhip_retailer": 1.685988853239127,
  "eval/bullwhip_wholesaler": 2.212187389426819,
  "eval/bullwhip_distributor": 3.076285888043961,
  "eval/bullwhip_factory": 3.3967457928661107,
  "eval/sharing_rate": 0.45336538461538467,
  "eval/honesty_score": -0.0956920165698015,
  "eval/inflation_rate": 0.19119496855345913
}