{
  "eval/mean_system_cost": 369.2144230769231,
  "eval/std_system_cost": 130.97979583357514,
  "eval/frac_actions_at_cap": 0.0,
  "eval/frac_capacity_binds": 0.2778846153846154,
  "eval/frac_allocation_triggers": 0.9644230769230769,
  "eval/retailer_a_cost": 64.3576923076923,
  "eval/retailer_b_cost": 65.51875000000001,
  "eval/wholesaler_cost": 108.36778846153848,
  "eval/distributor_cost": 79.80817307692308,
  "eval/factory_cost": 51.16201923076923,
  "eval/bullwhip_retailer_a": 0.5527441333479923,
  "eval/bullwhip_retailer_b": 0.5492148381044573,
  "eval/bullwhip_wholesaler": 1.2370258415337354,
  "eval/bullwhip_distributor": 1.3729231247333054,
  "eval/bullwhip_factory": 1.4800129814247787
}