{
  "eval/mean_system_cost": 791.4855769230769,
  "eval/std_system_cost": 212.22833824138493,
  "eval/frac_actions_at_cap": 0.0,
  "eval/frac_capacity_binds": 0.7846153846153846,
  "eval/frac_allocation_triggers": 0.948076923076923,
  "eval/retailer_a_cost": 46.06346153846154,
  "eval/retailer_b_cost": 52.51875,
  "eval/wholesaler_cost": 193.2129807692308,
  "eval/distributor_cost": 205.92836538461538,
  "eval/factory_cost": 293.7620192307692,
  "eval/bullwhip_retailer_a": 0.4173310922338307,
  "eval/bullwhip_retailer_b": 0.43943489207945313,
  "eval/bullwhip_wholesaler": 2.0903520452484243,
  "eval/bullwhip_distributor": 3.9602026295525894,
  "eval/bullwhip_factory": 6.106512456700814
}