{
  "eval/mean_system_cost": 1027.6408653846152,
  "eval/std_system_cost": 204.85433057992748,
  "eval/frac_actions_at_cap": 0.0,
  "eval/frac_capacity_binds": 0.7480769230769231,
  "eval/frac_allocation_triggers": 0.9596153846153846,
  "eval/retailer_a_cost": 96.21057692307693,
  "eval/retailer_b_cost": 93.6826923076923,
  "eval/wholesaler_cost": 302.77884615384613,
  "eval/distributor_cost": 277.47596153846155,
  "eval/factory_cost": 257.49278846153845,
  "eval/bullwhip_retailer_a": 0.9189280293061328,
  "eval/bullwhip_retailer_b": 0.8568087843962924,
  "eval/bullwhip_wholesaler": 2.915708289137538,
  "eval/bullwhip_distributor": 3.387247658619709,
  "eval/bullwhip_factory": 4.022210986077992,
  "eval/sharing_rate": 0.5128846153846155,
  "eval/honesty_score": -0.0417601356156926,
  "eval/inflation_rate": 0.25748502994011974
}