{
  "eval/mean_system_cost": 554.7716346153845,
  "eval/std_system_cost": 204.43765729886277,
  "eval/frac_actions_at_cap": 0.0,
  "eval/frac_capacity_binds": 0.6259615384615385,
  "eval/frac_allocation_triggers": 0.9673076923076923,
  "eval/retailer_a_cost": 83.9514423076923,
  "eval/retailer_b_cost": 76.75,
  "eval/wholesaler_cost": 156.88124999999997,
  "eval/distributor_cost": 131.27932692307692,
  "eval/factory_cost": 105.90961538461538,
  "eval/bullwhip_retailer_a": 0.5545494725594912,
  "eval/bullwhip_retailer_b": 0.5432994323106515,
  "eval/bullwhip_wholesaler": 1.2203368285754277,
  "eval/bullwhip_distributor": 1.3652158290636704,
  "eval/bullwhip_factory": 1.4788930090558248
}