{
  "config": {
    "regime": "C",
    "horizon": 52,
    "total_timesteps": 400000,
    "n_envs": 64,
    "rollout_steps": 128,
    "update_epochs": 4,
    "minibatch_size": 2048,
    "gamma": 0.99,
    "gae_lambda": 0.95,
    "clip_coef": 0.2,
    "ent_coef": 0.01,
    "vf_coef": 0.5,
    "max_grad_norm": 0.5,
    "learning_rate": 0.0003,
    "hidden": 256,
    "order_cap": 128,
    "action_mode": "relative",
    "action_delta_max": 8,
    "claim_delta_max": 8,
    "reward_scale": 0.1,
    "demand": "regime_switch",
    "topology": "y",
    "capacity_mult": 0.8,
    "rationing": "proportional",
    "seed": 4,
    "device": "cpu",
    "log_every": 10,
    "eval_every": 10,
    "eval_episodes": 8,
    "out_dir": "artifacts/runs/ippo/tier1_v11",
    "run_name": "regimeC_topoy_cap0p8mu_ratproportional_demregime_switch_seed4",
    "boundary_warn_frac": 0.05
  },
  "git_sha": "444811133fcd635b68779b05ca0bbe250a1c6c90",
  "obs_dim": 12,
  "n_order": 17,
  "signaling": false,
  "capacity": 12.492307692307692,
  "topology": "y",
  "roles": [
    "retailer_a",
    "retailer_b",
    "wholesaler",
    "distributor",
    "factory"
  ],
  "independent_policies": true,
  "shared_critic": false,
  "demand_info_value": {
    "uniform": {
      "process": "uniform",
      "mse_blind": 21.195402691263485,
      "mse_informed": 21.19541176470588,
      "mse_reduction": -9.073442395646225e-06,
      "relative_mse_reduction": -4.280853979427435e-07,
      "lag1_r2": 0.00029704697597310314,
      "mean": 7.496769230769231,
      "var": 21.197451100591717,
      "n_pairs": 25500.0
    },
    "ar1": {
      "process": "ar1",
      "mse_blind": 7.96733122821673,
      "mse_informed": 4.13918,
      "mse_reduction": 3.82815122821673,
      "relative_mse_reduction": 0.4804809940195693,
      "lag1_r2": 0.48049812070115927,
      "mean": 7.522769230769231,
      "var": 7.894481562130178,
      "n_pairs": 25500.0
    },
    "regime_switch": {
      "process": "regime_switch",
      "mse_blind": 18.427299227636617,
      "mse_informed": 8.313904001774324,
      "mse_reduction": 10.113395225862293,
      "relative_mse_reduction": 0.548826776020144,
      "lag1_r2": 0.48942149633176146,
      "mean": 8.004076923076923,
      "var": 18.43313722485207,
      "n_pairs": 25500.0
    },
    "classic_step": {
      "process": "classic_step",
      "mse_blind": 0.8910546467107553,
      "mse_informed": 0.3137254901960784,
      "mse_reduction": 0.5773291565146769,
      "relative_mse_reduction": 0.6479166666666667,
      "lag1_r2": 0.734375,
      "mean": 7.6923076923076925,
      "var": 1.136094674556213,
      "n_pairs": 25500.0
    }
  },
  "order_cap_recommendation": {
    "suggested_hard_cap": 128,
    "d_hi_approx": 16.0,
    "max_plausible_need_abs": 176.0,
    "relative_ratchet_horizon": 432.0,
    "rationale": "Fallback d_hi=16.0; cap=128."
  }
}