{
  "eval/mean_system_cost": 179.2418269230769,
  "eval/std_system_cost": 41.88784359634663,
  "eval/frac_actions_at_cap": 0.0,
  "eval/frac_capacity_binds": 0.0,
  "eval/frac_allocation_triggers": 0.9490384615384615,
  "eval/retailer_a_cost": 20.639423076923073,
  "eval/retailer_b_cost": 55.54807692307693,
  "eval/wholesaler_cost": 38.64230769230769,
  "eval/distributor_cost": 44.879326923076924,
  "eval/factory_cost": 19.53269230769231,
  "eval/bullwhip_retailer_a": 0.3167974555688297,
  "eval/bullwhip_retailer_b": 0.3632073706901358,
  "eval/bullwhip_wholesaler": 1.5132840044356133,
  "eval/bullwhip_distributor": 2.7537967928426434,
  "eval/bullwhip_factory": 4.033504416101996
}