{
  "eval/mean_system_cost": 401.14375000000007,
  "eval/std_system_cost": 99.41302998796829,
  "eval/frac_actions_at_cap": 0.0,
  "eval/frac_capacity_binds": 0.7028846153846153,
  "eval/frac_allocation_triggers": 0.9423076923076923,
  "eval/retailer_cost": 55.84519230769231,
  "eval/wholesaler_cost": 87.38365384615385,
  "eval/distributor_cost": 114.3096153846154,
  "eval/factory_cost": 143.60528846153846,
  "eval/bullwhip_retailer": 4.078005691876123,
  "eval/bullwhip_wholesaler": 6.087530131870497,
  "eval/bullwhip_distributor": 8.770410901005786,
  "eval/bullwhip_factory": 11.145006113897356,
  "eval/sharing_rate": 0.4,
  "eval/honesty_score": -0.03634258437419227,
  "eval/inflation_rate": 0.280561122244489
}