{
  "eval/mean_system_cost": 46.02596153846154,
  "eval/std_system_cost": 4.007101337832225,
  "eval/frac_actions_at_cap": 0.0,
  "eval/frac_capacity_binds": 0.4182692307692308,
  "eval/frac_allocation_triggers": 0.5846153846153846,
  "eval/retailer_cost": 12.634134615384614,
  "eval/wholesaler_cost": 11.455288461538462,
  "eval/distributor_cost": 9.149038461538462,
  "eval/factory_cost": 12.7875,
  "eval/bullwhip_retailer": 1.9048395145130537,
  "eval/bullwhip_wholesaler": 2.59939197821585,
  "eval/bullwhip_distributor": 3.152198505670005,
  "eval/bullwhip_factory": 4.423816201578477
}