{
  "eval/mean_system_cost": 1391.9764423076922,
  "eval/std_system_cost": 210.31136718561683,
  "eval/frac_actions_at_cap": 0.0,
  "eval/frac_capacity_binds": 0.8846153846153846,
  "eval/frac_allocation_triggers": 0.9807692307692307,
  "eval/retailer_a_cost": 49.310096153846146,
  "eval/retailer_b_cost": 50.27692307692308,
  "eval/wholesaler_cost": 493.1413461538462,
  "eval/distributor_cost": 430.4298076923077,
  "eval/factory_cost": 368.8182692307692,
  "eval/bullwhip_retailer_a": 0.3053413228077018,
  "eval/bullwhip_retailer_b": 0.3123073315999149,
  "eval/bullwhip_wholesaler": 1.8371746133802462,
  "eval/bullwhip_distributor": 2.614478708798354,
  "eval/bullwhip_factory": 4.74642396526826
}