{
  "eval/mean_system_cost": 403.5663461538462,
  "eval/std_system_cost": 189.70271159384544,
  "eval/frac_actions_at_cap": 0.0,
  "eval/frac_capacity_binds": 0.7288461538461538,
  "eval/frac_allocation_triggers": 0.926923076923077,
  "eval/retailer_cost": 87.2701923076923,
  "eval/wholesaler_cost": 84.7048076923077,
  "eval/distributor_cost": 89.43461538461538,
  "eval/factory_cost": 142.15673076923076,
  "eval/bullwhip_retailer": 1.0487760733892357,
  "eval/bullwhip_wholesaler": 1.2229098520873998,
  "eval/bullwhip_distributor": 2.129777864876624,
  "eval/bullwhip_factory": 3.0514433630645876
}