{
  "eval/mean_system_cost": 870.0394230769232,
  "eval/std_system_cost": 211.62861597016655,
  "eval/frac_actions_at_cap": 0.0,
  "eval/frac_capacity_binds": 0.6942307692307692,
  "eval/frac_allocation_triggers": 0.9625,
  "eval/retailer_a_cost": 46.81490384615385,
  "eval/retailer_b_cost": 82.89471153846155,
  "eval/wholesaler_cost": 272.7149038461538,
  "eval/distributor_cost": 244.2475961538461,
  "eval/factory_cost": 223.36730769230772,
  "eval/bullwhip_retailer_a": 0.7739009269818989,
  "eval/bullwhip_retailer_b": 0.8508534773119387,
  "eval/bullwhip_wholesaler": 2.8538259868622187,
  "eval/bullwhip_distributor": 3.505800110057502,
  "eval/bullwhip_factory": 4.3284221103924585,
  "eval/sharing_rate": 0.3478846153846153,
  "eval/honesty_score": -0.046901159372519687,
  "eval/inflation_rate": 0.24975024975024976
}