{
  "eval/mean_system_cost": 304.9216346153846,
  "eval/std_system_cost": 76.05892304721189,
  "eval/retailer_cost": 34.552403846153844,
  "eval/wholesaler_cost": 81.75528846153846,
  "eval/distributor_cost": 88.99471153846156,
  "eval/factory_cost": 99.61923076923077,
  "eval/bullwhip_retailer": 1.8086435320326246,
  "eval/bullwhip_wholesaler": 2.5004743539369043,
  "eval/bullwhip_distributor": 2.9689200073223074,
  "eval/bullwhip_factory": 3.662179931235212,
  "eval/sharing_rate": 0.516826923076923,
  "eval/honesty_score": -0.08085634221863262,
  "eval/inflation_rate": 0.28043912175648705
}