{
  "eval/mean_system_cost": 99.48750000000001,
  "eval/std_system_cost": 35.18905750281458,
  "eval/frac_actions_at_cap": 0.0,
  "eval/frac_capacity_binds": 0.13365384615384615,
  "eval/frac_allocation_triggers": 0.9086538461538461,
  "eval/retailer_cost": 81.69326923076923,
  "eval/wholesaler_cost": 6.904326923076923,
  "eval/distributor_cost": 6.68173076923077,
  "eval/factory_cost": 4.208173076923076,
  "eval/bullwhip_retailer": 1.4703486710488713,
  "eval/bullwhip_wholesaler": 1.4564282691806851,
  "eval/bullwhip_distributor": 1.4477814891923175,
  "eval/bullwhip_factory": 1.5054525745142922
}