{
  "eval/mean_system_cost": 512.8278846153846,
  "eval/std_system_cost": 145.33638174308962,
  "eval/frac_actions_at_cap": 0.0,
  "eval/frac_capacity_binds": 0.739423076923077,
  "eval/frac_allocation_triggers": 0.9567307692307693,
  "eval/retailer_cost": 97.48509615384614,
  "eval/wholesaler_cost": 110.25192307692305,
  "eval/distributor_cost": 139.05961538461537,
  "eval/factory_cost": 166.03125,
  "eval/bullwhip_retailer": 1.9467254059120664,
  "eval/bullwhip_wholesaler": 2.7809155335622053,
  "eval/bullwhip_distributor": 3.417453976667572,
  "eval/bullwhip_factory": 3.8406719099959994,
  "eval/sharing_rate": 0.3872596153846154,
  "eval/honesty_score": -0.03609653290584934,
  "eval/inflation_rate": 0.2524850894632207
}