{
  "eval/mean_system_cost": 1025.7173076923077,
  "eval/std_system_cost": 384.4182690491858,
  "eval/frac_actions_at_cap": 0.0,
  "eval/frac_capacity_binds": 0.7846153846153846,
  "eval/frac_allocation_triggers": 0.9663461538461539,
  "eval/retailer_a_cost": 67.78028846153846,
  "eval/retailer_b_cost": 58.15576923076924,
  "eval/wholesaler_cost": 334.4269230769231,
  "eval/distributor_cost": 279.4894230769231,
  "eval/factory_cost": 285.8649038461539,
  "eval/bullwhip_retailer_a": 1.0412567371991177,
  "eval/bullwhip_retailer_b": 1.0801636801201489,
  "eval/bullwhip_wholesaler": 3.0946825021065205,
  "eval/bullwhip_distributor": 4.489142148993351,
  "eval/bullwhip_factory": 6.8051955020282895
}