{
  "eval/mean_system_cost": 663.8802884615384,
  "eval/std_system_cost": 164.62619253911024,
  "eval/frac_actions_at_cap": 0.0,
  "eval/frac_capacity_binds": 0.6701923076923076,
  "eval/frac_allocation_triggers": 0.9653846153846154,
  "eval/retailer_a_cost": 24.72596153846154,
  "eval/retailer_b_cost": 25.872115384615388,
  "eval/wholesaler_cost": 227.64903846153848,
  "eval/distributor_cost": 196.36875,
  "eval/factory_cost": 189.26442307692307,
  "eval/bullwhip_retailer_a": 0.7127130547095694,
  "eval/bullwhip_retailer_b": 0.7628163209016496,
  "eval/bullwhip_wholesaler": 2.798389282473657,
  "eval/bullwhip_distributor": 3.7988665979537273,
  "eval/bullwhip_factory": 4.922646967612988,
  "eval/sharing_rate": 0.5284615384615384,
  "eval/honesty_score": -0.04159336838266018,
  "eval/inflation_rate": 0.2360557768924303
}