{
  "eval/mean_system_cost": 390.0846153846154,
  "eval/std_system_cost": 111.28862032428756,
  "eval/frac_actions_at_cap": 0.0,
  "eval/frac_capacity_binds": 0.3682692307692308,
  "eval/frac_allocation_triggers": 0.9490384615384615,
  "eval/retailer_a_cost": 57.0451923076923,
  "eval/retailer_b_cost": 72.47451923076923,
  "eval/wholesaler_cost": 112.42836538461536,
  "eval/distributor_cost": 86.82932692307693,
  "eval/factory_cost": 61.30721153846154,
  "eval/bullwhip_retailer_a": 0.3165348361130242,
  "eval/bullwhip_retailer_b": 0.3616747225812318,
  "eval/bullwhip_wholesaler": 1.1454639758682768,
  "eval/bullwhip_distributor": 1.2608949687268713,
  "eval/bullwhip_factory": 1.3742069959100085
}