{
  "eval/mean_system_cost": 29.564423076923077,
  "eval/std_system_cost": 5.295085973426335,
  "eval/frac_actions_at_cap": 0.0,
  "eval/frac_capacity_binds": 0.0,
  "eval/frac_allocation_triggers": 0.6586538461538461,
  "eval/retailer_cost": 6.707692307692308,
  "eval/wholesaler_cost": 7.640384615384616,
  "eval/distributor_cost": 8.133173076923077,
  "eval/factory_cost": 7.083173076923077,
  "eval/bullwhip_retailer": 3.8867171725918905,
  "eval/bullwhip_wholesaler": 6.509000575708687,
  "eval/bullwhip_distributor": 7.8431956272704895,
  "eval/bullwhip_factory": 8.11210601686549,
  "eval/sharing_rate": 0.4699519230769231,
  "eval/honesty_score": -0.04723651377268281,
  "eval/inflation_rate": 0.2116788321167883
}