{
  "eval/mean_system_cost": 80.25913461538462,
  "eval/std_system_cost": 21.247415757194982,
  "eval/frac_actions_at_cap": 0.0,
  "eval/frac_capacity_binds": 0.0,
  "eval/frac_allocation_triggers": 0.675,
  "eval/retailer_a_cost": 9.42596153846154,
  "eval/retailer_b_cost": 9.954807692307693,
  "eval/wholesaler_cost": 25.123557692307692,
  "eval/distributor_cost": 27.390384615384612,
  "eval/factory_cost": 8.364423076923078,
  "eval/bullwhip_retailer_a": 0.3054718234633017,
  "eval/bullwhip_retailer_b": 0.3460559460895845,
  "eval/bullwhip_wholesaler": 1.247682710976018,
  "eval/bullwhip_distributor": 1.265983822690108,
  "eval/bullwhip_factory": 1.189206024525386
}