{
  "eval/mean_system_cost": 871.2201923076922,
  "eval/std_system_cost": 253.19170041095273,
  "eval/frac_actions_at_cap": 0.0,
  "eval/frac_capacity_binds": 0.7951923076923076,
  "eval/frac_allocation_triggers": 0.9519230769230769,
  "eval/retailer_a_cost": 73.65240384615385,
  "eval/retailer_b_cost": 91.00336538461538,
  "eval/wholesaler_cost": 230.74903846153848,
  "eval/distributor_cost": 256.5403846153846,
  "eval/factory_cost": 219.275,
  "eval/bullwhip_retailer_a": 0.6231199799868957,
  "eval/bullwhip_retailer_b": 0.3083890998557286,
  "eval/bullwhip_wholesaler": 2.1192487657666113,
  "eval/bullwhip_distributor": 2.4619502737873957,
  "eval/bullwhip_factory": 2.9905294093187167
}