{
  "eval/mean_system_cost": 804.629326923077,
  "eval/std_system_cost": 200.24853440509543,
  "eval/frac_actions_at_cap": 0.0,
  "eval/frac_capacity_binds": 0.7740384615384616,
  "eval/frac_allocation_triggers": 0.9528846153846153,
  "eval/retailer_a_cost": 88.42932692307691,
  "eval/retailer_b_cost": 105.46057692307693,
  "eval/wholesaler_cost": 194.25288461538463,
  "eval/distributor_cost": 220.97019230769234,
  "eval/factory_cost": 195.51634615384614,
  "eval/bullwhip_retailer_a": 0.30938163103089855,
  "eval/bullwhip_retailer_b": 0.30778659478369985,
  "eval/bullwhip_wholesaler": 1.645022955229991,
  "eval/bullwhip_distributor": 1.835624895325747,
  "eval/bullwhip_factory": 2.025234962131181
}