{
  "eval/mean_system_cost": 824.1192307692309,
  "eval/std_system_cost": 275.8419674687154,
  "eval/frac_actions_at_cap": 0.0,
  "eval/frac_capacity_binds": 0.6865384615384615,
  "eval/frac_allocation_triggers": 0.975,
  "eval/retailer_a_cost": 44.59855769230769,
  "eval/retailer_b_cost": 39.35288461538461,
  "eval/wholesaler_cost": 275.51586538461544,
  "eval/distributor_cost": 239.85096153846152,
  "eval/factory_cost": 224.80096153846156,
  "eval/bullwhip_retailer_a": 0.96923573229504,
  "eval/bullwhip_retailer_b": 0.88999846798496,
  "eval/bullwhip_wholesaler": 3.0985452121677843,
  "eval/bullwhip_distributor": 4.185943334186263,
  "eval/bullwhip_factory": 5.197024646495678,
  "eval/sharing_rate": 0.556923076923077,
  "eval/honesty_score": -0.04022787630063286,
  "eval/inflation_rate": 0.20710059171597633
}