{
  "eval/mean_system_cost": 571.026923076923,
  "eval/std_system_cost": 199.0189566018983,
  "eval/frac_actions_at_cap": 0.0,
  "eval/frac_capacity_binds": 0.6298076923076923,
  "eval/frac_allocation_triggers": 0.9615384615384616,
  "eval/retailer_a_cost": 91.35,
  "eval/retailer_b_cost": 74.30048076923076,
  "eval/wholesaler_cost": 160.79326923076923,
  "eval/distributor_cost": 135.06923076923078,
  "eval/factory_cost": 109.5139423076923,
  "eval/bullwhip_retailer_a": 0.5260327392144425,
  "eval/bullwhip_retailer_b": 0.5256029538717499,
  "eval/bullwhip_wholesaler": 1.2106423952602878,
  "eval/bullwhip_distributor": 1.3543446575729368,
  "eval/bullwhip_factory": 1.4706976177702529
}