{
  "eval/mean_system_cost": 105.74326923076922,
  "eval/std_system_cost": 27.53388194825663,
  "eval/frac_actions_at_cap": 0.0,
  "eval/frac_capacity_binds": 0.0,
  "eval/frac_allocation_triggers": 0.775,
  "eval/retailer_a_cost": 12.330288461538462,
  "eval/retailer_b_cost": 11.609615384615385,
  "eval/wholesaler_cost": 38.72355769230769,
  "eval/distributor_cost": 25.08701923076923,
  "eval/factory_cost": 17.99278846153846,
  "eval/bullwhip_retailer_a": 0.896049686822188,
  "eval/bullwhip_retailer_b": 1.3848856240623961,
  "eval/bullwhip_wholesaler": 3.2129510993378814,
  "eval/bullwhip_distributor": 5.091161038584587,
  "eval/bullwhip_factory": 7.138225110316515
}