{
  "config": {
    "regime": "A",
    "horizon": 52,
    "total_timesteps": 400000,
    "n_envs": 64,
    "rollout_steps": 128,
    "update_epochs": 4,
    "minibatch_size": 2048,
    "gamma": 0.99,
    "gae_lambda": 0.95,
    "clip_coef": 0.2,
    "ent_coef": 0.01,
    "vf_coef": 0.5,
    "max_grad_norm": 0.5,
    "learning_rate": 0.0003,
    "hidden": 256,
    "order_cap": 128,
    "action_mode": "relative",
    "action_delta_max": 8,
    "claim_delta_max": 8,
    "reward_scale": 0.1,
    "demand": "regime_switch",
    "topology": "y",
    "capacity_mult": null,
    "rationing": "proportional",
    "seed": 8,
    "device": "cpu",
    "log_every": 10,
    "eval_every": 10,
    "eval_episodes": 8,
    "out_dir": "artifacts/runs/ippo/tier1_v11",
    "run_name": "regimeA_topoy_capinf_ratproportional_demregime_switch_seed8",
    "boundary_warn_frac": 0.05
  },
  "git_sha": "e194e5f6e05933b55bb6b639c0adda72f279d908",
  "obs_dim": 12,
  "n_order": 17,
  "signaling": false,
  "capacity": null,
  "topology": "y",
  "roles": [
    "retailer_a",
    "retailer_b",
    "wholesaler",
    "distributor",
    "factory"
  ],
  "independent_policies": true,
  "shared_critic": false,
  "demand_info_value": {
    "uniform": {
      "process": "uniform",
      "mse_blind": 21.21156878556097,
      "mse_informed": 21.21156862745098,
      "mse_reduction": 1.5810999087761957e-07,
      "relative_mse_reduction": 7.453950835793314e-09,
      "lag1_r2": 0.0003215150745780049,
      "mean": 7.500884615384615,
      "var": 21.218306909763314,
      "n_pairs": 25500.0
    },
    "ar1": {
      "process": "ar1",
      "mse_blind": 7.982834665825502,
      "mse_informed": 4.141165098039216,
      "mse_reduction": 3.841669567786286,
      "relative_mse_reduction": 0.48124127939570954,
      "lag1_r2": 0.48125368674371494,
      "mean": 7.523346153846154,
      "var": 7.9101472647929,
      "n_pairs": 25500.0
    },
    "regime_switch": {
      "process": "regime_switch",
      "mse_blind": 18.42296500893375,
      "mse_informed": 8.296559771352392,
      "mse_reduction": 10.12640523758136,
      "relative_mse_reduction": 0.549662078426074,
      "lag1_r2": 0.49015403615382525,
      "mean": 8.010923076923078,
      "var": 18.430496071005916,
      "n_pairs": 25500.0
    },
    "classic_step": {
      "process": "classic_step",
      "mse_blind": 0.8910546467107553,
      "mse_informed": 0.3137254901960784,
      "mse_reduction": 0.5773291565146769,
      "relative_mse_reduction": 0.6479166666666667,
      "lag1_r2": 0.734375,
      "mean": 7.6923076923076925,
      "var": 1.136094674556213,
      "n_pairs": 25500.0
    }
  },
  "order_cap_recommendation": {
    "suggested_hard_cap": 128,
    "d_hi_approx": 16.0,
    "max_plausible_need_abs": 176.0,
    "relative_ratchet_horizon": 432.0,
    "rationale": "Fallback d_hi=16.0; cap=128."
  }
}