{
  "eval/mean_system_cost": 846.9110576923076,
  "eval/std_system_cost": 238.17045794643656,
  "eval/frac_actions_at_cap": 0.0,
  "eval/frac_capacity_binds": 0.7086538461538462,
  "eval/frac_allocation_triggers": 0.9692307692307692,
  "eval/retailer_a_cost": 58.0201923076923,
  "eval/retailer_b_cost": 53.62644230769232,
  "eval/wholesaler_cost": 279.56971153846155,
  "eval/distributor_cost": 236.9903846153846,
  "eval/factory_cost": 218.70432692307696,
  "eval/bullwhip_retailer_a": 0.9082126890786214,
  "eval/bullwhip_retailer_b": 0.9714540243329088,
  "eval/bullwhip_wholesaler": 2.8936330847076714,
  "eval/bullwhip_distributor": 3.8568622077717616,
  "eval/bullwhip_factory": 4.447791953521327,
  "eval/sharing_rate": 0.47807692307692307,
  "eval/honesty_score": -0.037675067439013055,
  "eval/inflation_rate": 0.2261904761904762
}