{
  "eval/mean_system_cost": 651.35625,
  "eval/std_system_cost": 222.19224031376308,
  "eval/frac_actions_at_cap": 0.0,
  "eval/frac_capacity_binds": 0.6096153846153847,
  "eval/frac_allocation_triggers": 0.9711538461538461,
  "eval/retailer_a_cost": 75.6201923076923,
  "eval/retailer_b_cost": 68.12403846153846,
  "eval/wholesaler_cost": 183.08798076923077,
  "eval/distributor_cost": 164.92067307692304,
  "eval/factory_cost": 159.6033653846154,
  "eval/bullwhip_retailer_a": 1.0357558211996214,
  "eval/bullwhip_retailer_b": 1.0396400793634737,
  "eval/bullwhip_wholesaler": 2.7195618330232283,
  "eval/bullwhip_distributor": 3.300483538787181,
  "eval/bullwhip_factory": 3.9005301034249142,
  "eval/sharing_rate": 0.5165384615384616,
  "eval/honesty_score": -0.04201587938494048,
  "eval/inflation_rate": 0.24257425742574257
}