{
  "eval/mean_system_cost": 1684.303846153846,
  "eval/std_system_cost": 185.52222271749932,
  "eval/frac_actions_at_cap": 0.0,
  "eval/frac_capacity_binds": 0.8846153846153846,
  "eval/frac_allocation_triggers": 0.9807692307692307,
  "eval/retailer_a_cost": 76.87836538461539,
  "eval/retailer_b_cost": 80.26490384615384,
  "eval/wholesaler_cost": 562.9865384615384,
  "eval/distributor_cost": 508.53557692307686,
  "eval/factory_cost": 455.6384615384615,
  "eval/bullwhip_retailer_a": 0.3165348361130242,
  "eval/bullwhip_retailer_b": 0.3050446252070082,
  "eval/bullwhip_wholesaler": 1.8487378132137013,
  "eval/bullwhip_distributor": 2.6443524193901125,
  "eval/bullwhip_factory": 3.3828442252557225
}