{
  "eval/mean_system_cost": 88.97596153846153,
  "eval/std_system_cost": 38.26330833328436,
  "eval/frac_actions_at_cap": 0.0,
  "eval/frac_capacity_binds": 0.0,
  "eval/frac_allocation_triggers": 0.7586538461538461,
  "eval/retailer_cost": 35.434615384615384,
  "eval/wholesaler_cost": 26.587980769230775,
  "eval/distributor_cost": 17.782211538461542,
  "eval/factory_cost": 9.171153846153846,
  "eval/bullwhip_retailer": 1.0496250636288011,
  "eval/bullwhip_wholesaler": 1.0947149031597165,
  "eval/bullwhip_distributor": 1.3566813651711729,
  "eval/bullwhip_factory": 1.3881135491297012
}