{
  "eval/mean_system_cost": 750.6730769230769,
  "eval/std_system_cost": 188.88153375205738,
  "eval/frac_actions_at_cap": 0.0,
  "eval/frac_capacity_binds": 0.7798076923076923,
  "eval/frac_allocation_triggers": 0.948076923076923,
  "eval/retailer_a_cost": 57.732211538461534,
  "eval/retailer_b_cost": 64.2326923076923,
  "eval/wholesaler_cost": 115.12499999999997,
  "eval/distributor_cost": 217.47019230769234,
  "eval/factory_cost": 296.1129807692308,
  "eval/bullwhip_retailer_a": 0.31691470742152966,
  "eval/bullwhip_retailer_b": 0.3053112046256725,
  "eval/bullwhip_wholesaler": 1.8940975704561693,
  "eval/bullwhip_distributor": 3.7988147192287314,
  "eval/bullwhip_factory": 4.3800456580924605
}