{
  "eval/mean_system_cost": 364.9923076923077,
  "eval/std_system_cost": 134.29905971684389,
  "eval/frac_actions_at_cap": 0.0,
  "eval/frac_capacity_binds": 0.2605769230769231,
  "eval/frac_allocation_triggers": 0.9615384615384616,
  "eval/retailer_a_cost": 63.461057692307705,
  "eval/retailer_b_cost": 57.83942307692306,
  "eval/wholesaler_cost": 112.20096153846154,
  "eval/distributor_cost": 81.27307692307691,
  "eval/factory_cost": 50.21778846153846,
  "eval/bullwhip_retailer_a": 0.5260327392144425,
  "eval/bullwhip_retailer_b": 0.5256029538717499,
  "eval/bullwhip_wholesaler": 1.2106423952602878,
  "eval/bullwhip_distributor": 1.3543446575729368,
  "eval/bullwhip_factory": 1.4706976177702529
}