{
  "eval/mean_system_cost": 435.3649038461538,
  "eval/std_system_cost": 147.4730272410423,
  "eval/frac_actions_at_cap": 0.0,
  "eval/frac_capacity_binds": 0.4375,
  "eval/frac_allocation_triggers": 0.9538461538461539,
  "eval/retailer_a_cost": 59.837019230769236,
  "eval/retailer_b_cost": 74.23509615384617,
  "eval/wholesaler_cost": 128.37307692307692,
  "eval/distributor_cost": 100.4125,
  "eval/factory_cost": 72.50721153846153,
  "eval/bullwhip_retailer_a": 0.3053413228077018,
  "eval/bullwhip_retailer_b": 0.3123073315999149,
  "eval/bullwhip_wholesaler": 1.2034822961124383,
  "eval/bullwhip_distributor": 1.3304232041616775,
  "eval/bullwhip_factory": 1.4527401354700185
}