{
  "eval/mean_system_cost": 164.54423076923075,
  "eval/std_system_cost": 38.42725784791388,
  "eval/frac_actions_at_cap": 0.0,
  "eval/frac_capacity_binds": 0.0,
  "eval/frac_allocation_triggers": 0.9028846153846154,
  "eval/retailer_a_cost": 23.861057692307693,
  "eval/retailer_b_cost": 22.54951923076923,
  "eval/wholesaler_cost": 37.62884615384615,
  "eval/distributor_cost": 46.174038461538466,
  "eval/factory_cost": 34.33076923076923,
  "eval/bullwhip_retailer_a": 0.5260025987829263,
  "eval/bullwhip_retailer_b": 0.5272795285298305,
  "eval/bullwhip_wholesaler": 1.7025356266034564,
  "eval/bullwhip_distributor": 3.195315816122619,
  "eval/bullwhip_factory": 5.276303328537736
}