{
  "eval/mean_system_cost": 1544.9432692307691,
  "eval/std_system_cost": 238.91959729753864,
  "eval/frac_actions_at_cap": 0.0,
  "eval/frac_capacity_binds": 0.8653846153846154,
  "eval/frac_allocation_triggers": 0.9807692307692307,
  "eval/retailer_a_cost": 44.83365384615385,
  "eval/retailer_b_cost": 37.434615384615384,
  "eval/wholesaler_cost": 421.36634615384617,
  "eval/distributor_cost": 485.5115384615386,
  "eval/factory_cost": 555.7971153846154,
  "eval/bullwhip_retailer_a": 0.5510317865408088,
  "eval/bullwhip_retailer_b": 0.5416664681492432,
  "eval/bullwhip_wholesaler": 2.4564660611850724,
  "eval/bullwhip_distributor": 5.164396015744953,
  "eval/bullwhip_factory": 7.453712538208563
}