{
  "eval/mean_system_cost": 1223.449519230769,
  "eval/std_system_cost": 290.7867672182297,
  "eval/frac_actions_at_cap": 0.0,
  "eval/frac_capacity_binds": 0.8105769230769231,
  "eval/frac_allocation_triggers": 0.9615384615384616,
  "eval/retailer_a_cost": 58.3298076923077,
  "eval/retailer_b_cost": 42.39038461538461,
  "eval/wholesaler_cost": 343.36250000000007,
  "eval/distributor_cost": 378.83173076923083,
  "eval/factory_cost": 400.53509615384615,
  "eval/bullwhip_retailer_a": 0.7572863650631564,
  "eval/bullwhip_retailer_b": 0.9007302819103761,
  "eval/bullwhip_wholesaler": 3.3841442431959923,
  "eval/bullwhip_distributor": 5.342344850001333,
  "eval/bullwhip_factory": 7.573110265734585
}