{
  "eval/mean_system_cost": 1095.0682692307694,
  "eval/std_system_cost": 177.49397892477594,
  "eval/frac_actions_at_cap": 0.0,
  "eval/frac_capacity_binds": 0.8846153846153846,
  "eval/frac_allocation_triggers": 0.9807692307692307,
  "eval/retailer_a_cost": 32.09807692307692,
  "eval/retailer_b_cost": 24.57019230769231,
  "eval/wholesaler_cost": 380.8423076923077,
  "eval/distributor_cost": 318.0817307692308,
  "eval/factory_cost": 339.47596153846155,
  "eval/bullwhip_retailer_a": 0.3121017546216644,
  "eval/bullwhip_retailer_b": 0.30611994321155944,
  "eval/bullwhip_wholesaler": 1.7334026781232377,
  "eval/bullwhip_distributor": 2.938357923906842,
  "eval/bullwhip_factory": 4.255754217761506
}