{
  "eval/mean_system_cost": 841.4254807692308,
  "eval/std_system_cost": 88.73869327900323,
  "eval/frac_actions_at_cap": 0.0,
  "eval/frac_capacity_binds": 0.8528846153846154,
  "eval/frac_allocation_triggers": 0.9615384615384616,
  "eval/retailer_a_cost": 24.045673076923073,
  "eval/retailer_b_cost": 37.10288461538462,
  "eval/wholesaler_cost": 224.0692307692308,
  "eval/distributor_cost": 233.73173076923075,
  "eval/factory_cost": 322.47596153846155,
  "eval/bullwhip_retailer_a": 0.37728930627309515,
  "eval/bullwhip_retailer_b": 0.607713876610545,
  "eval/bullwhip_wholesaler": 2.0747817608800667,
  "eval/bullwhip_distributor": 3.6231889351973976,
  "eval/bullwhip_factory": 6.152966406103861
}