{
  "eval/mean_system_cost": 137.65625000000003,
  "eval/std_system_cost": 48.15319813582697,
  "eval/frac_actions_at_cap": 0.0,
  "eval/frac_capacity_binds": 0.12692307692307692,
  "eval/frac_allocation_triggers": 0.926923076923077,
  "eval/retailer_cost": 100.20576923076922,
  "eval/wholesaler_cost": 8.473076923076922,
  "eval/distributor_cost": 11.412019230769229,
  "eval/factory_cost": 17.565384615384616,
  "eval/bullwhip_retailer": 0.6767505568916188,
  "eval/bullwhip_wholesaler": 0.6748714082945321,
  "eval/bullwhip_distributor": 0.6731327605729441,
  "eval/bullwhip_factory": 0.6708473437742626
}