{
  "eval/mean_system_cost": 30.47740384615385,
  "eval/std_system_cost": 10.081093747069518,
  "eval/frac_actions_at_cap": 0.0,
  "eval/frac_capacity_binds": 0.0,
  "eval/frac_allocation_triggers": 0.7028846153846153,
  "eval/retailer_cost": 7.630769230769232,
  "eval/wholesaler_cost": 8.18798076923077,
  "eval/distributor_cost": 7.936057692307692,
  "eval/factory_cost": 6.722596153846155,
  "eval/bullwhip_retailer": 3.630749032872975,
  "eval/bullwhip_wholesaler": 5.855317044277078,
  "eval/bullwhip_distributor": 7.004175310072449,
  "eval/bullwhip_factory": 7.751110924226662,
  "eval/sharing_rate": 0.45144230769230775,
  "eval/honesty_score": -0.04638945203110584,
  "eval/inflation_rate": 0.19562243502051985
}