{
  "eval/mean_system_cost": 851.70625,
  "eval/std_system_cost": 199.983454947934,
  "eval/frac_actions_at_cap": 0.0,
  "eval/frac_capacity_binds": 0.6951923076923077,
  "eval/frac_allocation_triggers": 0.9586538461538462,
  "eval/retailer_a_cost": 45.02596153846154,
  "eval/retailer_b_cost": 88.56201923076922,
  "eval/wholesaler_cost": 259.9451923076923,
  "eval/distributor_cost": 235.4163461538461,
  "eval/factory_cost": 222.75673076923076,
  "eval/bullwhip_retailer_a": 0.8333291879246038,
  "eval/bullwhip_retailer_b": 0.9540259892763585,
  "eval/bullwhip_wholesaler": 2.9811220763790978,
  "eval/bullwhip_distributor": 3.73730307490177,
  "eval/bullwhip_factory": 4.535155042793335,
  "eval/sharing_rate": 0.36769230769230765,
  "eval/honesty_score": -0.04724692464971787,
  "eval/inflation_rate": 0.23671013039117353
}