{
  "eval/mean_system_cost": 1479.185576923077,
  "eval/std_system_cost": 183.11890717038648,
  "eval/frac_actions_at_cap": 0.0,
  "eval/frac_capacity_binds": 0.9038461538461539,
  "eval/frac_allocation_triggers": 0.9807692307692307,
  "eval/retailer_a_cost": 54.93076923076923,
  "eval/retailer_b_cost": 57.68269230769231,
  "eval/wholesaler_cost": 513.9855769230769,
  "eval/distributor_cost": 454.99519230769226,
  "eval/factory_cost": 397.5913461538461,
  "eval/bullwhip_retailer_a": 0.3152402978910084,
  "eval/bullwhip_retailer_b": 0.30707440986538254,
  "eval/bullwhip_wholesaler": 1.8641886228123001,
  "eval/bullwhip_distributor": 2.671886344619826,
  "eval/bullwhip_factory": 3.9543621534610507
}