{
  "eval/mean_system_cost": 50.1375,
  "eval/std_system_cost": 18.178387273582416,
  "eval/frac_actions_at_cap": 0.0,
  "eval/frac_capacity_binds": 0.0,
  "eval/frac_allocation_triggers": 0.6961538461538461,
  "eval/retailer_cost": 15.087980769230771,
  "eval/wholesaler_cost": 15.883173076923077,
  "eval/distributor_cost": 11.849519230769229,
  "eval/factory_cost": 7.316826923076924,
  "eval/bullwhip_retailer": 2.4423927896222084,
  "eval/bullwhip_wholesaler": 3.848924151555523,
  "eval/bullwhip_distributor": 3.241084108400633,
  "eval/bullwhip_factory": 2.6394681476238144
}