{
  "eval/mean_system_cost": 29.959615384615383,
  "eval/std_system_cost": 7.5478041351981044,
  "eval/frac_actions_at_cap": 0.0,
  "eval/frac_capacity_binds": 0.0,
  "eval/frac_allocation_triggers": 0.6894230769230769,
  "eval/retailer_cost": 7.685576923076924,
  "eval/wholesaler_cost": 7.587019230769231,
  "eval/distributor_cost": 7.579807692307692,
  "eval/factory_cost": 7.107211538461537,
  "eval/bullwhip_retailer": 4.201096801357029,
  "eval/bullwhip_wholesaler": 6.089443960487259,
  "eval/bullwhip_distributor": 7.681528099657732,
  "eval/bullwhip_factory": 7.642280551242789,
  "eval/sharing_rate": 0.4843749999999999,
  "eval/honesty_score": -0.04715706311171687,
  "eval/inflation_rate": 0.2105997210599721
}