{
  "eval/mean_system_cost": 71.42548076923077,
  "eval/std_system_cost": 27.295233797230757,
  "eval/frac_actions_at_cap": 0.0,
  "eval/frac_capacity_binds": 0.0,
  "eval/frac_allocation_triggers": 0.9173076923076923,
  "eval/retailer_cost": 28.958653846153844,
  "eval/wholesaler_cost": 28.45913461538462,
  "eval/distributor_cost": 9.416826923076924,
  "eval/factory_cost": 4.590865384615386,
  "eval/bullwhip_retailer": 1.2560888365764276,
  "eval/bullwhip_wholesaler": 1.3208216117246694,
  "eval/bullwhip_distributor": 1.457175294048901,
  "eval/bullwhip_factory": 1.5643095450763678
}