{
  "uniform": {
    "process": "uniform",
    "mse_blind": 21.20521520161852,
    "mse_informed": 21.20521568627451,
    "mse_reduction": -4.846559917837112e-07,
    "relative_mse_reduction": -2.2855509230895198e-08,
    "lag1_r2": 0.00030131109734798933,
    "mean": 7.499576923076923,
    "var": 21.210153667159762,
    "n_pairs": 25500.0
  },
  "ar1": {
    "process": "ar1",
    "mse_blind": 7.982556428820049,
    "mse_informed": 4.139614509803922,
    "mse_reduction": 3.842941919016127,
    "relative_mse_reduction": 0.48141744481024307,
    "lag1_r2": 0.48142840491519745,
    "mean": 7.520769230769231,
    "var": 7.909645562130177,
    "n_pairs": 25500.0
  },
  "regime_switch": {
    "process": "regime_switch",
    "mse_blind": 18.41865933449356,
    "mse_informed": 8.297767831224924,
    "mse_reduction": 10.120891503268638,
    "relative_mse_reduction": 0.5494912153738969,
    "lag1_r2": 0.489903449780109,
    "mean": 8.010307692307693,
    "var": 18.425509136094675,
    "n_pairs": 25500.0
  },
  "classic_step": {
    "process": "classic_step",
    "mse_blind": 0.8910546467107553,
    "mse_informed": 0.3137254901960784,
    "mse_reduction": 0.5773291565146769,
    "relative_mse_reduction": 0.6479166666666667,
    "lag1_r2": 0.734375,
    "mean": 7.6923076923076925,
    "var": 1.136094674556213,
    "n_pairs": 25500.0
  }
}