{
  "eval/mean_system_cost": 229.86298076923077,
  "eval/std_system_cost": 86.62069388247582,
  "eval/frac_actions_at_cap": 0.0,
  "eval/frac_capacity_binds": 0.2865384615384615,
  "eval/frac_allocation_triggers": 0.9211538461538461,
  "eval/retailer_cost": 88.57548076923078,
  "eval/wholesaler_cost": 49.903365384615384,
  "eval/distributor_cost": 44.39086538461538,
  "eval/factory_cost": 46.99326923076923,
  "eval/bullwhip_retailer": 0.9849978796588844,
  "eval/bullwhip_wholesaler": 1.0264250090909974,
  "eval/bullwhip_distributor": 1.0278006959854757,
  "eval/bullwhip_factory": 1.031520553348144
}