{
  "eval/mean_system_cost": 851.0610576923076,
  "eval/std_system_cost": 227.9059490840736,
  "eval/frac_actions_at_cap": 0.0,
  "eval/frac_capacity_binds": 0.6884615384615385,
  "eval/frac_allocation_triggers": 0.9673076923076923,
  "eval/retailer_a_cost": 56.26201923076924,
  "eval/retailer_b_cost": 100.32932692307692,
  "eval/wholesaler_cost": 256.56634615384615,
  "eval/distributor_cost": 223.53221153846152,
  "eval/factory_cost": 214.37115384615385,
  "eval/bullwhip_retailer_a": 0.969605016498313,
  "eval/bullwhip_retailer_b": 0.9906975703442716,
  "eval/bullwhip_wholesaler": 2.9060237530000403,
  "eval/bullwhip_distributor": 3.709388192479557,
  "eval/bullwhip_factory": 4.237639559464095,
  "eval/sharing_rate": 0.2798076923076923,
  "eval/honesty_score": -0.04651852023106158,
  "eval/inflation_rate": 0.2415506958250497
}