{
  "eval/mean_system_cost": 308.21682692307695,
  "eval/std_system_cost": 84.4295881641745,
  "eval/frac_actions_at_cap": 0.0,
  "eval/frac_capacity_binds": 0.7144230769230769,
  "eval/frac_allocation_triggers": 0.9375,
  "eval/retailer_cost": 15.077403846153846,
  "eval/wholesaler_cost": 51.68125,
  "eval/distributor_cost": 100.24038461538461,
  "eval/factory_cost": 141.21778846153848,
  "eval/bullwhip_retailer": 3.915818567649907,
  "eval/bullwhip_wholesaler": 6.727926885896631,
  "eval/bullwhip_distributor": 8.96210641646227,
  "eval/bullwhip_factory": 11.735061218969879,
  "eval/sharing_rate": 0.39447115384615394,
  "eval/honesty_score": -0.03890881062353105,
  "eval/inflation_rate": 0.3
}