{
  "eval/mean_system_cost": 539.5399038461538,
  "eval/std_system_cost": 186.98432913591822,
  "eval/frac_actions_at_cap": 0.0,
  "eval/frac_capacity_binds": 0.6432692307692308,
  "eval/frac_allocation_triggers": 0.9740384615384615,
  "eval/retailer_a_cost": 35.01634615384616,
  "eval/retailer_b_cost": 32.94663461538461,
  "eval/wholesaler_cost": 176.05673076923077,
  "eval/distributor_cost": 149.89086538461538,
  "eval/factory_cost": 145.62932692307692,
  "eval/bullwhip_retailer_a": 0.9554320038180913,
  "eval/bullwhip_retailer_b": 1.0473150226943881,
  "eval/bullwhip_wholesaler": 2.8486766729305324,
  "eval/bullwhip_distributor": 3.6719025086829076,
  "eval/bullwhip_factory": 4.644967501980759,
  "eval/sharing_rate": 0.3321153846153846,
  "eval/honesty_score": -0.04631592695118955,
  "eval/inflation_rate": 0.23198420533070088
}