{
  "eval/mean_system_cost": 384.74759615384613,
  "eval/std_system_cost": 156.97523775094467,
  "eval/frac_actions_at_cap": 0.0,
  "eval/frac_capacity_binds": 0.6509615384615385,
  "eval/frac_allocation_triggers": 0.9596153846153846,
  "eval/retailer_a_cost": 23.471634615384612,
  "eval/retailer_b_cost": 26.797115384615388,
  "eval/wholesaler_cost": 100.87403846153845,
  "eval/distributor_cost": 102.67932692307693,
  "eval/factory_cost": 130.92548076923077,
  "eval/bullwhip_retailer_a": 0.8514967339578506,
  "eval/bullwhip_retailer_b": 0.9633462246174146,
  "eval/bullwhip_wholesaler": 2.8701147685634365,
  "eval/bullwhip_distributor": 3.6217265449762075,
  "eval/bullwhip_factory": 4.608151219369969,
  "eval/sharing_rate": 0.5411538461538463,
  "eval/honesty_score": -0.042463725917718215,
  "eval/inflation_rate": 0.2935871743486974
}