{
  "eval/mean_system_cost": 34.54567307692308,
  "eval/std_system_cost": 13.197629377338297,
  "eval/frac_actions_at_cap": 0.0,
  "eval/frac_capacity_binds": 0.0,
  "eval/frac_allocation_triggers": 0.7221153846153846,
  "eval/retailer_cost": 8.673076923076923,
  "eval/wholesaler_cost": 9.80576923076923,
  "eval/distributor_cost": 8.854326923076922,
  "eval/factory_cost": 7.212499999999999,
  "eval/bullwhip_retailer": 3.8207197307647993,
  "eval/bullwhip_wholesaler": 6.294658964340541,
  "eval/bullwhip_distributor": 7.91963515100558,
  "eval/bullwhip_factory": 8.040188098312127,
  "eval/sharing_rate": 0.4812499999999999,
  "eval/honesty_score": -0.04600367342327595,
  "eval/inflation_rate": 0.20905459387483355
}