{
  "eval/mean_system_cost": 831.3153846153846,
  "eval/std_system_cost": 245.57411559822245,
  "eval/frac_actions_at_cap": 0.0,
  "eval/frac_capacity_binds": 0.6836538461538462,
  "eval/frac_allocation_triggers": 0.9740384615384615,
  "eval/retailer_a_cost": 134.23461538461535,
  "eval/retailer_b_cost": 33.91826923076923,
  "eval/wholesaler_cost": 238.23173076923075,
  "eval/distributor_cost": 215.20144230769228,
  "eval/factory_cost": 209.7293269230769,
  "eval/bullwhip_retailer_a": 1.0027129857424812,
  "eval/bullwhip_retailer_b": 0.9400011367877555,
  "eval/bullwhip_wholesaler": 2.7501274302403464,
  "eval/bullwhip_distributor": 3.501493714663828,
  "eval/bullwhip_factory": 4.222645382522967,
  "eval/sharing_rate": 0.38038461538461543,
  "eval/honesty_score": -0.04743173921639505,
  "eval/inflation_rate": 0.2458045409674235
}