{
  "eval/mean_system_cost": 49.927403846153844,
  "eval/std_system_cost": 13.294781863793146,
  "eval/frac_actions_at_cap": 0.0,
  "eval/frac_capacity_binds": 0.0,
  "eval/frac_allocation_triggers": 0.6586538461538461,
  "eval/retailer_cost": 15.007692307692306,
  "eval/wholesaler_cost": 14.804326923076923,
  "eval/distributor_cost": 11.337019230769231,
  "eval/factory_cost": 8.778365384615384,
  "eval/bullwhip_retailer": 2.1750575839605912,
  "eval/bullwhip_wholesaler": 2.8528179086308505,
  "eval/bullwhip_distributor": 3.488088971683726,
  "eval/bullwhip_factory": 3.4745487479491435,
  "eval/sharing_rate": 0.4937500000000001,
  "eval/honesty_score": -0.046360649162922214,
  "eval/inflation_rate": 0.21897810218978103
}