{
  "eval/mean_system_cost": 479.4538461538462,
  "eval/std_system_cost": 131.8424188418321,
  "eval/frac_actions_at_cap": 0.0,
  "eval/frac_capacity_binds": 0.6826923076923077,
  "eval/frac_allocation_triggers": 0.9548076923076924,
  "eval/retailer_cost": 101.58749999999999,
  "eval/wholesaler_cost": 106.93653846153845,
  "eval/distributor_cost": 122.9014423076923,
  "eval/factory_cost": 148.02836538461543,
  "eval/bullwhip_retailer": 1.7033256698946106,
  "eval/bullwhip_wholesaler": 2.462420773398609,
  "eval/bullwhip_distributor": 3.131978302939728,
  "eval/bullwhip_factory": 3.8697240554707184,
  "eval/sharing_rate": 0.5295673076923076,
  "eval/honesty_score": -0.035607227501544825,
  "eval/inflation_rate": 0.263681592039801
}