{
  "eval/mean_system_cost": 1101.3259615384616,
  "eval/std_system_cost": 284.6471995423203,
  "eval/frac_actions_at_cap": 0.0,
  "eval/frac_capacity_binds": 0.8076923076923077,
  "eval/frac_allocation_triggers": 0.9625,
  "eval/retailer_a_cost": 60.021153846153844,
  "eval/retailer_b_cost": 64.80288461538461,
  "eval/wholesaler_cost": 390.3514423076923,
  "eval/distributor_cost": 319.745673076923,
  "eval/factory_cost": 266.40480769230766,
  "eval/bullwhip_retailer_a": 0.830131928074824,
  "eval/bullwhip_retailer_b": 0.7419394499891142,
  "eval/bullwhip_wholesaler": 2.389205426198518,
  "eval/bullwhip_distributor": 2.9452974640220404,
  "eval/bullwhip_factory": 3.4311944550931948
}