{
  "eval/mean_system_cost": 765.5336538461539,
  "eval/std_system_cost": 222.9113679541774,
  "eval/frac_actions_at_cap": 0.0,
  "eval/frac_capacity_binds": 0.6701923076923076,
  "eval/frac_allocation_triggers": 0.9682692307692308,
  "eval/retailer_a_cost": 42.53221153846154,
  "eval/retailer_b_cost": 79.07836538461538,
  "eval/wholesaler_cost": 244.0278846153846,
  "eval/distributor_cost": 206.1980769230769,
  "eval/factory_cost": 193.69711538461536,
  "eval/bullwhip_retailer_a": 0.9543882390226072,
  "eval/bullwhip_retailer_b": 0.9976876554635651,
  "eval/bullwhip_wholesaler": 2.9053873619194444,
  "eval/bullwhip_distributor": 3.776927431613943,
  "eval/bullwhip_factory": 4.371876201337317,
  "eval/sharing_rate": 0.2701923076923077,
  "eval/honesty_score": -0.04643153683663908,
  "eval/inflation_rate": 0.23038728897715988
}