{
  "eval/mean_system_cost": 409.4947115384615,
  "eval/std_system_cost": 79.179114362382,
  "eval/retailer_cost": 59.125480769230776,
  "eval/wholesaler_cost": 83.56153846153845,
  "eval/distributor_cost": 119.02211538461538,
  "eval/factory_cost": 147.78557692307692,
  "eval/bullwhip_retailer": 1.870464397500666,
  "eval/bullwhip_wholesaler": 2.608003394531591,
  "eval/bullwhip_distributor": 3.4126199364564096,
  "eval/bullwhip_factory": 4.265335318473361,
  "eval/sharing_rate": 0.4858173076923077,
  "eval/honesty_score": -0.08194565635318792,
  "eval/inflation_rate": 0.2701092353525323
}