{
  "eval/mean_system_cost": 258.5024038461538,
  "eval/std_system_cost": 111.29784793442967,
  "eval/frac_actions_at_cap": 0.0,
  "eval/frac_capacity_binds": 0.6605769230769231,
  "eval/frac_allocation_triggers": 0.926923076923077,
  "eval/retailer_cost": 26.80192307692307,
  "eval/wholesaler_cost": 33.2735576923077,
  "eval/distributor_cost": 66.19663461538462,
  "eval/factory_cost": 132.23028846153846,
  "eval/bullwhip_retailer": 2.101235154789868,
  "eval/bullwhip_wholesaler": 2.978939262157069,
  "eval/bullwhip_distributor": 3.774361132705904,
  "eval/bullwhip_factory": 4.861471906038308,
  "eval/sharing_rate": 0.5358173076923076,
  "eval/honesty_score": -0.03885764708848914,
  "eval/inflation_rate": 0.3037716615698267
}