{
  "eval/mean_system_cost": 161.16153846153844,
  "eval/std_system_cost": 31.616959446318955,
  "eval/frac_actions_at_cap": 0.0,
  "eval/frac_capacity_binds": 0.0,
  "eval/frac_allocation_triggers": 0.9625,
  "eval/retailer_a_cost": 33.950961538461534,
  "eval/retailer_b_cost": 20.947596153846156,
  "eval/wholesaler_cost": 30.395673076923078,
  "eval/distributor_cost": 53.04951923076923,
  "eval/factory_cost": 22.817788461538463,
  "eval/bullwhip_retailer_a": 0.5537752062157889,
  "eval/bullwhip_retailer_b": 0.5591131850739208,
  "eval/bullwhip_wholesaler": 1.4579252498810187,
  "eval/bullwhip_distributor": 2.719318542205406,
  "eval/bullwhip_factory": 3.827122598253136
}