{
  "eval/mean_system_cost": 765.0947115384615,
  "eval/std_system_cost": 254.06238352681524,
  "eval/frac_actions_at_cap": 0.0,
  "eval/frac_capacity_binds": 0.675,
  "eval/frac_allocation_triggers": 0.9701923076923077,
  "eval/retailer_a_cost": 64.76826923076922,
  "eval/retailer_b_cost": 42.164423076923086,
  "eval/wholesaler_cost": 239.77548076923077,
  "eval/distributor_cost": 216.93798076923076,
  "eval/factory_cost": 201.44855769230767,
  "eval/bullwhip_retailer_a": 1.1001187018610898,
  "eval/bullwhip_retailer_b": 1.1020535400873503,
  "eval/bullwhip_wholesaler": 2.9871268496142136,
  "eval/bullwhip_distributor": 3.943030252625911,
  "eval/bullwhip_factory": 4.815498028878283,
  "eval/sharing_rate": 0.31980769230769224,
  "eval/honesty_score": -0.04684179525752582,
  "eval/inflation_rate": 0.25074331020812685
}