{
  "run_dir": "artifacts/runs/ippo/regimeC_seed0",
  "git_sha": "0dbb854a9a2ba7610ec9962d3e0e38d19ceadca7",
  "regime": "C",
  "ippo": {
    "eval/mean_system_cost": 24.91346153846154,
    "eval/std_system_cost": 0.0,
    "eval/retailer_cost": 8.58653846153846,
    "eval/wholesaler_cost": 3.096153846153845,
    "eval/distributor_cost": 9.125,
    "eval/factory_cost": 4.10576923076923
  },
  "base_stock": {
    "mean": 53.23076923076925,
    "std": 1.4210854715202004e-14
  },
  "sterman": {
    "mean": 404.028846153846,
    "std": 1.1368683772161603e-13
  },
  "beats_sterman": true
}