{
  "eval/mean_system_cost": 24.91346153846154,
  "eval/std_system_cost": 0.0,
  "eval/retailer_cost": 8.58653846153846,
  "eval/wholesaler_cost": 3.0961538461538463,
  "eval/distributor_cost": 9.125,
  "eval/factory_cost": 4.10576923076923
}