{
  "eval/mean_system_cost": 889.11875,
  "eval/std_system_cost": 71.3164083282891,
  "eval/frac_actions_at_cap": 0.0,
  "eval/frac_capacity_binds": 0.9423076923076923,
  "eval/frac_allocation_triggers": 0.9596153846153846,
  "eval/retailer_cost": 17.851442307692302,
  "eval/wholesaler_cost": 200.84230769230768,
  "eval/distributor_cost": 253.80480769230766,
  "eval/factory_cost": 416.62019230769226,
  "eval/bullwhip_retailer": 1.134925591234678,
  "eval/bullwhip_wholesaler": 2.361141689295983,
  "eval/bullwhip_distributor": 5.37367324247978,
  "eval/bullwhip_factory": 10.035508628915641
}