{
  "eval/mean_system_cost": 521.0346153846154,
  "eval/std_system_cost": 156.23339915953883,
  "eval/frac_actions_at_cap": 0.0,
  "eval/frac_capacity_binds": 0.5605769230769231,
  "eval/frac_allocation_triggers": 0.9538461538461539,
  "eval/retailer_a_cost": 68.68990384615384,
  "eval/retailer_b_cost": 84.41298076923076,
  "eval/wholesaler_cost": 149.0024038461538,
  "eval/distributor_cost": 122.60913461538459,
  "eval/factory_cost": 96.32019230769231,
  "eval/bullwhip_retailer_a": 0.30804804661277235,
  "eval/bullwhip_retailer_b": 0.3138662024686518,
  "eval/bullwhip_wholesaler": 1.212313765048706,
  "eval/bullwhip_distributor": 1.3503043792805376,
  "eval/bullwhip_factory": 1.4805394594969774
}