{
  "eval/mean_system_cost": 867.8923076923078,
  "eval/std_system_cost": 209.0273384362854,
  "eval/frac_actions_at_cap": 0.0,
  "eval/frac_capacity_binds": 0.8057692307692308,
  "eval/frac_allocation_triggers": 0.9230769230769231,
  "eval/retailer_cost": 68.1389423076923,
  "eval/wholesaler_cost": 199.72115384615384,
  "eval/distributor_cost": 243.56634615384615,
  "eval/factory_cost": 356.4658653846153,
  "eval/bullwhip_retailer": 1.5417364358229748,
  "eval/bullwhip_wholesaler": 2.43221389589961,
  "eval/bullwhip_distributor": 5.436829997677165,
  "eval/bullwhip_factory": 10.3222059845295
}