{
  "eval/mean_system_cost": 56.83942307692308,
  "eval/std_system_cost": 18.11429113860496,
  "eval/frac_actions_at_cap": 0.0,
  "eval/frac_capacity_binds": 0.0,
  "eval/frac_allocation_triggers": 0.7403846153846154,
  "eval/retailer_cost": 16.688461538461535,
  "eval/wholesaler_cost": 16.25384615384615,
  "eval/distributor_cost": 14.441826923076922,
  "eval/factory_cost": 9.455288461538464,
  "eval/bullwhip_retailer": 2.2268540323578785,
  "eval/bullwhip_wholesaler": 3.3508646017897594,
  "eval/bullwhip_distributor": 3.8210094766868603,
  "eval/bullwhip_factory": 4.427247052994187,
  "eval/sharing_rate": 0.5209134615384615,
  "eval/honesty_score": -0.046247674534312125,
  "eval/inflation_rate": 0.21298701298701297
}