{
  "eval/mean_system_cost": 496.6615384615385,
  "eval/std_system_cost": 215.07100562214222,
  "eval/frac_actions_at_cap": 0.0,
  "eval/frac_capacity_binds": 0.6211538461538462,
  "eval/frac_allocation_triggers": 0.9721153846153846,
  "eval/retailer_a_cost": 43.83269230769231,
  "eval/retailer_b_cost": 45.2375,
  "eval/wholesaler_cost": 127.71249999999998,
  "eval/distributor_cost": 129.13413461538465,
  "eval/factory_cost": 150.74471153846156,
  "eval/bullwhip_retailer_a": 1.0869418535100255,
  "eval/bullwhip_retailer_b": 0.9424418435274808,
  "eval/bullwhip_wholesaler": 2.95585912225317,
  "eval/bullwhip_distributor": 3.7245395194688142,
  "eval/bullwhip_factory": 4.666988009537607,
  "eval/sharing_rate": 0.5567307692307693,
  "eval/honesty_score": -0.041500394840135554,
  "eval/inflation_rate": 0.2512363996043521
}