{
  "eval/mean_system_cost": 41.10240384615385,
  "eval/std_system_cost": 6.720643671486953,
  "eval/retailer_cost": 8.550961538461538,
  "eval/wholesaler_cost": 11.138942307692307,
  "eval/distributor_cost": 11.787019230769229,
  "eval/factory_cost": 9.62548076923077,
  "eval/bullwhip_retailer": 1.6781877218789352,
  "eval/bullwhip_wholesaler": 2.2778211278392493,
  "eval/bullwhip_distributor": 2.953015446662651,
  "eval/bullwhip_factory": 3.6442656699564346,
  "eval/sharing_rate": 0.6072115384615385,
  "eval/honesty_score": -0.10651549332005136,
  "eval/inflation_rate": 0.2401685393258427
}