{
  "eval/mean_system_cost": 772.3192307692308,
  "eval/std_system_cost": 197.127208149148,
  "eval/frac_actions_at_cap": 0.0,
  "eval/frac_capacity_binds": 0.6519230769230769,
  "eval/frac_allocation_triggers": 0.9567307692307693,
  "eval/retailer_a_cost": 74.00528846153846,
  "eval/retailer_b_cost": 91.06778846153847,
  "eval/wholesaler_cost": 212.8125,
  "eval/distributor_cost": 199.37451923076918,
  "eval/factory_cost": 195.05913461538464,
  "eval/bullwhip_retailer_a": 0.9371418428769458,
  "eval/bullwhip_retailer_b": 0.8741861501297717,
  "eval/bullwhip_wholesaler": 2.799523894814935,
  "eval/bullwhip_distributor": 3.449719941688554,
  "eval/bullwhip_factory": 3.9544225233009622,
  "eval/sharing_rate": 0.45999999999999996,
  "eval/honesty_score": -0.04049004792428611,
  "eval/inflation_rate": 0.2868605817452357
}