{
  "eval/mean_system_cost": 699.6778846153845,
  "eval/std_system_cost": 172.44554247969666,
  "eval/frac_actions_at_cap": 0.0,
  "eval/frac_capacity_binds": 0.7980769230769231,
  "eval/frac_allocation_triggers": 0.9134615384615384,
  "eval/retailer_cost": 68.92163461538462,
  "eval/wholesaler_cost": 183.85817307692307,
  "eval/distributor_cost": 185.63125,
  "eval/factory_cost": 261.2668269230769,
  "eval/bullwhip_retailer": 1.5379436594201528,
  "eval/bullwhip_wholesaler": 1.8929699554419759,
  "eval/bullwhip_distributor": 3.5003874950891296,
  "eval/bullwhip_factory": 5.109902761618482
}