{
  "eval/mean_system_cost": 101.76682692307693,
  "eval/std_system_cost": 28.256786552443295,
  "eval/frac_actions_at_cap": 0.0,
  "eval/frac_capacity_binds": 0.0,
  "eval/frac_allocation_triggers": 0.7326923076923076,
  "eval/retailer_a_cost": 16.03942307692308,
  "eval/retailer_b_cost": 15.584615384615386,
  "eval/wholesaler_cost": 32.52211538461539,
  "eval/distributor_cost": 23.88653846153846,
  "eval/factory_cost": 13.734134615384614,
  "eval/bullwhip_retailer_a": 1.0801315435272503,
  "eval/bullwhip_retailer_b": 1.1179323967357908,
  "eval/bullwhip_wholesaler": 3.162614053493833,
  "eval/bullwhip_distributor": 4.2141863269432625,
  "eval/bullwhip_factory": 4.885566278452214,
  "eval/sharing_rate": 0.5553846153846155,
  "eval/honesty_score": -0.054092090791677795,
  "eval/inflation_rate": 0.24015748031496062
}