{
  "eval/mean_system_cost": 309.5524038461539,
  "eval/std_system_cost": 95.57750055326821,
  "eval/frac_actions_at_cap": 0.0,
  "eval/frac_capacity_binds": 0.1375,
  "eval/frac_allocation_triggers": 0.9673076923076923,
  "eval/retailer_a_cost": 63.52115384615386,
  "eval/retailer_b_cost": 58.90432692307693,
  "eval/wholesaler_cost": 91.85721153846154,
  "eval/distributor_cost": 62.43028846153845,
  "eval/factory_cost": 32.839423076923076,
  "eval/bullwhip_retailer_a": 0.5579753883442499,
  "eval/bullwhip_retailer_b": 0.5116236063398379,
  "eval/bullwhip_wholesaler": 1.1748101231626835,
  "eval/bullwhip_distributor": 1.3014799541714175,
  "eval/bullwhip_factory": 1.417841407995623
}