{
  "eval/mean_system_cost": 243.72451923076923,
  "eval/std_system_cost": 51.01438155386767,
  "eval/frac_actions_at_cap": 0.0,
  "eval/frac_capacity_binds": 0.06153846153846154,
  "eval/frac_allocation_triggers": 0.95,
  "eval/retailer_a_cost": 82.71923076923078,
  "eval/retailer_b_cost": 76.3625,
  "eval/wholesaler_cost": 40.94615384615385,
  "eval/distributor_cost": 28.371634615384615,
  "eval/factory_cost": 15.325,
  "eval/bullwhip_retailer_a": 0.38363480122567606,
  "eval/bullwhip_retailer_b": 0.42276781028794236,
  "eval/bullwhip_wholesaler": 1.1342379958921927,
  "eval/bullwhip_distributor": 1.1589026117832868,
  "eval/bullwhip_factory": 1.1813588038537581
}