{
  "eval/mean_system_cost": 1495.7879807692311,
  "eval/std_system_cost": 159.93754546474722,
  "eval/frac_actions_at_cap": 0.0,
  "eval/frac_capacity_binds": 0.8846153846153846,
  "eval/frac_allocation_triggers": 0.9807692307692307,
  "eval/retailer_a_cost": 44.520673076923075,
  "eval/retailer_b_cost": 48.840384615384615,
  "eval/wholesaler_cost": 467.7586538461539,
  "eval/distributor_cost": 500.19519230769237,
  "eval/factory_cost": 434.473076923077,
  "eval/bullwhip_retailer_a": 0.3121773808583737,
  "eval/bullwhip_retailer_b": 0.30310629539316364,
  "eval/bullwhip_wholesaler": 2.2137855609580925,
  "eval/bullwhip_distributor": 3.193143762776792,
  "eval/bullwhip_factory": 4.090505226331552
}