{
  "eval/mean_system_cost": 542.45,
  "eval/std_system_cost": 152.9960307501337,
  "eval/frac_actions_at_cap": 0.0,
  "eval/frac_capacity_binds": 0.6028846153846154,
  "eval/frac_allocation_triggers": 0.95,
  "eval/retailer_a_cost": 74.95288461538462,
  "eval/retailer_b_cost": 81.68365384615383,
  "eval/wholesaler_cost": 153.56730769230768,
  "eval/distributor_cost": 128.5230769230769,
  "eval/factory_cost": 103.7230769230769,
  "eval/bullwhip_retailer_a": 0.3152402978910084,
  "eval/bullwhip_retailer_b": 0.30707440986538254,
  "eval/bullwhip_wholesaler": 1.2059039026328175,
  "eval/bullwhip_distributor": 1.3405433810981098,
  "eval/bullwhip_factory": 1.4757239495573067
}