{
  "eval/mean_system_cost": 903.7783653846154,
  "eval/std_system_cost": 169.9201665324232,
  "eval/frac_actions_at_cap": 0.0,
  "eval/frac_capacity_binds": 0.7125,
  "eval/frac_allocation_triggers": 0.9576923076923077,
  "eval/retailer_a_cost": 102.40961538461538,
  "eval/retailer_b_cost": 54.47307692307692,
  "eval/wholesaler_cost": 274.0197115384616,
  "eval/distributor_cost": 242.0673076923077,
  "eval/factory_cost": 230.80865384615385,
  "eval/bullwhip_retailer_a": 0.8683191680940414,
  "eval/bullwhip_retailer_b": 0.8229820939872553,
  "eval/bullwhip_wholesaler": 2.9561749782093214,
  "eval/bullwhip_distributor": 3.6674524615113717,
  "eval/bullwhip_factory": 4.372100212089134,
  "eval/sharing_rate": 0.31134615384615383,
  "eval/honesty_score": -0.048494367778453465,
  "eval/inflation_rate": 0.253
}