{
  "eval/mean_system_cost": 334.23173076923075,
  "eval/std_system_cost": 130.13905533385383,
  "eval/frac_actions_at_cap": 0.0,
  "eval/frac_capacity_binds": 0.7673076923076924,
  "eval/frac_allocation_triggers": 0.9259615384615385,
  "eval/retailer_cost": 56.589903846153845,
  "eval/wholesaler_cost": 54.84182692307693,
  "eval/distributor_cost": 93.21153846153845,
  "eval/factory_cost": 129.58846153846153,
  "eval/bullwhip_retailer": 1.134925591234678,
  "eval/bullwhip_wholesaler": 4.314419857540396,
  "eval/bullwhip_distributor": 8.143552405082978,
  "eval/bullwhip_factory": 11.324612507986817
}