{
  "eval/mean_system_cost": 1335.2427884615383,
  "eval/std_system_cost": 211.9195926672207,
  "eval/frac_actions_at_cap": 0.0,
  "eval/frac_capacity_binds": 0.8240384615384615,
  "eval/frac_allocation_triggers": 0.948076923076923,
  "eval/retailer_a_cost": 84.31394230769232,
  "eval/retailer_b_cost": 71.29278846153845,
  "eval/wholesaler_cost": 433.1153846153846,
  "eval/distributor_cost": 384.23173076923075,
  "eval/factory_cost": 362.2889423076923,
  "eval/bullwhip_retailer_a": 0.5648347759999888,
  "eval/bullwhip_retailer_b": 0.6128270199902683,
  "eval/bullwhip_wholesaler": 2.6890783603869366,
  "eval/bullwhip_distributor": 3.6170078059673956,
  "eval/bullwhip_factory": 4.237168290434373
}