{
  "eval/mean_system_cost": 108.44519230769231,
  "eval/std_system_cost": 30.85380116035785,
  "eval/frac_actions_at_cap": 0.0,
  "eval/frac_capacity_binds": 0.0,
  "eval/frac_allocation_triggers": 0.7682692307692308,
  "eval/retailer_a_cost": 15.638461538461538,
  "eval/retailer_b_cost": 14.21875,
  "eval/wholesaler_cost": 36.10625,
  "eval/distributor_cost": 27.01298076923077,
  "eval/factory_cost": 15.468749999999996,
  "eval/bullwhip_retailer_a": 1.2085397411220542,
  "eval/bullwhip_retailer_b": 1.0703756930738253,
  "eval/bullwhip_wholesaler": 3.3212130044852177,
  "eval/bullwhip_distributor": 4.314373331488938,
  "eval/bullwhip_factory": 5.247964757746046,
  "eval/sharing_rate": 0.5048076923076924,
  "eval/honesty_score": -0.04975277093447174,
  "eval/inflation_rate": 0.2428035043804756
}