{
  "eval/mean_system_cost": 885.8826923076924,
  "eval/std_system_cost": 285.09406450460244,
  "eval/frac_actions_at_cap": 0.0,
  "eval/frac_capacity_binds": 0.7884615384615384,
  "eval/frac_allocation_triggers": 0.9634615384615385,
  "eval/retailer_a_cost": 59.593269230769224,
  "eval/retailer_b_cost": 53.244230769230775,
  "eval/wholesaler_cost": 261.7,
  "eval/distributor_cost": 214.1528846153846,
  "eval/factory_cost": 297.19230769230774,
  "eval/bullwhip_retailer_a": 0.857247142042271,
  "eval/bullwhip_retailer_b": 0.9571223806273161,
  "eval/bullwhip_wholesaler": 2.3183762378576875,
  "eval/bullwhip_distributor": 4.239374738421348,
  "eval/bullwhip_factory": 6.69244212255888
}