{
  "eval/mean_system_cost": 30.144711538461543,
  "eval/std_system_cost": 13.519865559489547,
  "eval/frac_actions_at_cap": 0.0,
  "eval/frac_capacity_binds": 0.0,
  "eval/frac_allocation_triggers": 0.725,
  "eval/retailer_cost": 8.09375,
  "eval/wholesaler_cost": 8.840865384615386,
  "eval/distributor_cost": 7.7317307692307695,
  "eval/factory_cost": 5.478365384615384,
  "eval/bullwhip_retailer": 3.33353630241927,
  "eval/bullwhip_wholesaler": 5.817587655337867,
  "eval/bullwhip_distributor": 5.21210341620778,
  "eval/bullwhip_factory": 2.807109434625219
}