{
  "eval/mean_system_cost": 427.1875,
  "eval/std_system_cost": 114.50295557427363,
  "eval/frac_actions_at_cap": 0.0,
  "eval/frac_capacity_binds": 0.4567307692307692,
  "eval/frac_allocation_triggers": 0.948076923076923,
  "eval/retailer_a_cost": 60.599038461538456,
  "eval/retailer_b_cost": 69.22932692307691,
  "eval/wholesaler_cost": 125.48461538461541,
  "eval/distributor_cost": 99.05961538461537,
  "eval/factory_cost": 72.81490384615385,
  "eval/bullwhip_retailer_a": 0.3121773808583737,
  "eval/bullwhip_retailer_b": 0.30310629539316364,
  "eval/bullwhip_wholesaler": 1.1882258473401535,
  "eval/bullwhip_distributor": 1.3204633927407323,
  "eval/bullwhip_factory": 1.4479059145628699
}