{
  "episode_count": 3,
  "episodes": [
    {
      "actions": [
        15,
        22,
        30,
        22,
        22,
        22,
        22,
        22,
        22,
        22,
        22,
        30,
        30,
        30,
        30,
        30,
        30,
        30,
        30,
        30,
        15,
        15,
        15,
        15,
        15,
        15,
        15,
        15,
        15,
        15,
        15,
        0,
        15,
        15,
        0,
        0
      ],
      "bullwhip_ratio": 6.112373163713463,
      "completion_tokens": 1005,
      "controlled_role": "wholesaler",
      "environment_version": "0.2.0",
      "episode_id": "sha256:f789d5921b14e4f692db05571b9650eba10805ee9a7751650dd8a43a1c3c3d72",
      "immediate_fill_rate": 0.47131782945736433,
      "local_total_cost": 1274.0,
      "master_seed_hex": "e2056d6d52741a08",
      "paired_base_stock_local_total_cost": 1015.5,
      "prompt_tokens": 38795,
      "protocol_clean": true,
      "reward": 0.4435466259008517,
      "scenario_id": "t5-strategic-y-v2",
      "seed_index": 0,
      "system_total_cost": 6114.5
    },
    {
      "actions": [
        15,
        22,
        22,
        22,
        22,
        22,
        22,
        22,
        22,
        22,
        22,
        22,
        22,
        22,
        22,
        22,
        22,
        22,
        15,
        15,
        15,
        15,
        15,
        15,
        15,
        15,
        15,
        15,
        15,
        15,
        15,
        15,
        15,
        15,
        15,
        15
      ],
      "bullwhip_ratio": 1.339339947357765,
      "completion_tokens": 1008,
      "controlled_role": "wholesaler",
      "environment_version": "0.2.0",
      "episode_id": "sha256:67b5979a997b7d49954b9d3dd7f7a598dd14bdd0155b01601c0e58f7dbbf665e",
      "immediate_fill_rate": 0.5663430420711975,
      "local_total_cost": 659.0,
      "master_seed_hex": "eb407ffb0878d586",
      "paired_base_stock_local_total_cost": 475.0,
      "prompt_tokens": 38827,
      "protocol_clean": true,
      "reward": 0.41887125220458554,
      "scenario_id": "t5-strategic-y-v2",
      "seed_index": 1,
      "system_total_cost": 2692.0
    },
    {
      "actions": [
        15,
        30,
        22,
        22,
        22,
        22,
        22,
        30,
        22,
        30,
        22,
        22,
        30,
        22,
        22,
        22,
        22,
        22,
        22,
        22,
        22,
        22,
        30,
        30,
        30,
        30,
        22,
        22,
        22,
        22,
        22,
        22,
        22,
        15,
        15,
        0
      ],
      "bullwhip_ratio": 1.64737616478666,
      "completion_tokens": 1007,
      "controlled_role": "wholesaler",
      "environment_version": "0.2.0",
      "episode_id": "sha256:e2e16e6e26cf02b999712f15d5f375dcd2845be04e9639237126dd4492abed93",
      "immediate_fill_rate": 0.3042168674698795,
      "local_total_cost": 1231.5,
      "master_seed_hex": "28ddd0687a15373c",
      "paired_base_stock_local_total_cost": 1061.5,
      "prompt_tokens": 38821,
      "protocol_clean": true,
      "reward": 0.46293065852594856,
      "scenario_id": "t5-strategic-y-v2",
      "seed_index": 2,
      "system_total_cost": 7001.0
    }
  ],
  "schema_version": "1.0.0",
  "source_trace_sha256": "9d750e1127e71adb9de1fa919b2182236fabcdafc499691b8d20825aeecb670e"
}
