{
  "eval/mean_system_cost": 1667.7442307692309,
  "eval/std_system_cost": 180.9917786543316,
  "eval/frac_actions_at_cap": 0.0,
  "eval/frac_capacity_binds": 0.8653846153846154,
  "eval/frac_allocation_triggers": 0.9807692307692307,
  "eval/retailer_a_cost": 39.362019230769235,
  "eval/retailer_b_cost": 37.629326923076924,
  "eval/wholesaler_cost": 446.1134615384614,
  "eval/distributor_cost": 542.5067307692307,
  "eval/factory_cost": 602.1326923076922,
  "eval/bullwhip_retailer_a": 0.31572598560756304,
  "eval/bullwhip_retailer_b": 0.30567532019702454,
  "eval/bullwhip_wholesaler": 2.589039943083809,
  "eval/bullwhip_distributor": 5.517597716399652,
  "eval/bullwhip_factory": 7.112023973043695
}