{
  "eval/mean_system_cost": 585.8163461538461,
  "eval/std_system_cost": 195.88196292089805,
  "eval/frac_actions_at_cap": 0.0,
  "eval/frac_capacity_binds": 0.65,
  "eval/frac_allocation_triggers": 0.9576923076923077,
  "eval/retailer_a_cost": 48.576923076923066,
  "eval/retailer_b_cost": 67.78413461538462,
  "eval/wholesaler_cost": 149.98509615384617,
  "eval/distributor_cost": 152.25576923076923,
  "eval/factory_cost": 167.21442307692308,
  "eval/bullwhip_retailer_a": 0.8496620436152778,
  "eval/bullwhip_retailer_b": 0.7471177459850368,
  "eval/bullwhip_wholesaler": 2.661343737613954,
  "eval/bullwhip_distributor": 3.3964120736265278,
  "eval/bullwhip_factory": 4.154075696428997,
  "eval/sharing_rate": 0.5386538461538463,
  "eval/honesty_score": -0.04142823018472551,
  "eval/inflation_rate": 0.2751004016064257
}