{
  "eval/mean_system_cost": 364.82884615384614,
  "eval/std_system_cost": 39.66049634603936,
  "eval/frac_actions_at_cap": 0.0,
  "eval/frac_capacity_binds": 0.9230769230769231,
  "eval/frac_allocation_triggers": 0.9721153846153846,
  "eval/retailer_cost": 15.725,
  "eval/wholesaler_cost": 31.659615384615385,
  "eval/distributor_cost": 93.10384615384615,
  "eval/factory_cost": 224.3403846153846,
  "eval/bullwhip_retailer": 1.4420514558921564,
  "eval/bullwhip_wholesaler": 1.4483791291537154,
  "eval/bullwhip_distributor": 1.6059604461887653,
  "eval/bullwhip_factory": 3.2577864820008733
}