{
  "eval/mean_system_cost": 666.3471153846154,
  "eval/std_system_cost": 221.03676821330419,
  "eval/frac_actions_at_cap": 0.0,
  "eval/frac_capacity_binds": 0.6192307692307693,
  "eval/frac_allocation_triggers": 0.9721153846153846,
  "eval/retailer_a_cost": 79.47115384615384,
  "eval/retailer_b_cost": 79.02740384615383,
  "eval/wholesaler_cost": 176.04471153846157,
  "eval/distributor_cost": 163.23125,
  "eval/factory_cost": 168.57259615384615,
  "eval/bullwhip_retailer_a": 1.0126656083811,
  "eval/bullwhip_retailer_b": 0.9132714215225295,
  "eval/bullwhip_wholesaler": 2.5878019821666927,
  "eval/bullwhip_distributor": 3.2513600707986527,
  "eval/bullwhip_factory": 3.945280578775724,
  "eval/sharing_rate": 0.5878846153846153,
  "eval/honesty_score": -0.03989723689081009,
  "eval/inflation_rate": 0.27200791295746785
}