{
  "eval/mean_system_cost": 102.06442307692306,
  "eval/std_system_cost": 18.444303879493862,
  "eval/frac_actions_at_cap": 0.0,
  "eval/frac_capacity_binds": 0.0,
  "eval/frac_allocation_triggers": 0.7317307692307692,
  "eval/retailer_a_cost": 12.379326923076922,
  "eval/retailer_b_cost": 12.623557692307694,
  "eval/wholesaler_cost": 31.949519230769234,
  "eval/distributor_cost": 27.38990384615385,
  "eval/factory_cost": 17.72211538461539,
  "eval/bullwhip_retailer_a": 1.60290267403434,
  "eval/bullwhip_retailer_b": 1.5913794805172614,
  "eval/bullwhip_wholesaler": 4.727163307777784,
  "eval/bullwhip_distributor": 5.519743195974722,
  "eval/bullwhip_factory": 7.739702598859362
}