{
  "eval/mean_system_cost": 188.47644230769228,
  "eval/std_system_cost": 32.46852274524522,
  "eval/frac_actions_at_cap": 0.0,
  "eval/frac_capacity_binds": 0.0,
  "eval/frac_allocation_triggers": 0.948076923076923,
  "eval/retailer_a_cost": 39.141826923076934,
  "eval/retailer_b_cost": 18.696153846153848,
  "eval/wholesaler_cost": 53.14038461538462,
  "eval/distributor_cost": 53.934615384615384,
  "eval/factory_cost": 23.56346153846154,
  "eval/bullwhip_retailer_a": 0.3508413456847955,
  "eval/bullwhip_retailer_b": 0.3083890998557286,
  "eval/bullwhip_wholesaler": 1.9633401968018063,
  "eval/bullwhip_distributor": 3.7929493908800698,
  "eval/bullwhip_factory": 5.308133149583826
}