{
  "eval/mean_system_cost": 305.9346153846153,
  "eval/std_system_cost": 74.82496566198054,
  "eval/retailer_cost": 45.66634615384615,
  "eval/wholesaler_cost": 61.23750000000001,
  "eval/distributor_cost": 78.88076923076922,
  "eval/factory_cost": 120.15,
  "eval/bullwhip_retailer": 1.6825248691647157,
  "eval/bullwhip_wholesaler": 2.2394902388542333,
  "eval/bullwhip_distributor": 2.8776478495724653,
  "eval/bullwhip_factory": 3.7546203745501106,
  "eval/sharing_rate": 0.46298076923076914,
  "eval/honesty_score": -0.07940551925062755,
  "eval/inflation_rate": 0.31
}