{
  "eval/mean_system_cost": 384.4240384615385,
  "eval/std_system_cost": 170.50725758198303,
  "eval/frac_actions_at_cap": 0.0,
  "eval/frac_capacity_binds": 0.6240384615384615,
  "eval/frac_allocation_triggers": 0.9134615384615384,
  "eval/retailer_cost": 97.56586538461536,
  "eval/wholesaler_cost": 96.39182692307692,
  "eval/distributor_cost": 95.58413461538463,
  "eval/factory_cost": 94.88221153846152,
  "eval/bullwhip_retailer": 1.0496250636288011,
  "eval/bullwhip_wholesaler": 1.0947149031597165,
  "eval/bullwhip_distributor": 1.1340200941490717,
  "eval/bullwhip_factory": 1.169057990466419
}