{
  "eval/mean_system_cost": 882.7014423076926,
  "eval/std_system_cost": 262.4199011260015,
  "eval/frac_actions_at_cap": 0.0,
  "eval/frac_capacity_binds": 0.7125,
  "eval/frac_allocation_triggers": 0.9682692307692308,
  "eval/retailer_a_cost": 74.36442307692309,
  "eval/retailer_b_cost": 65.89807692307691,
  "eval/wholesaler_cost": 270.1927884615385,
  "eval/distributor_cost": 245.14134615384614,
  "eval/factory_cost": 227.1048076923077,
  "eval/bullwhip_retailer_a": 1.0736536926467708,
  "eval/bullwhip_retailer_b": 1.0456290207170293,
  "eval/bullwhip_wholesaler": 2.8890779679473333,
  "eval/bullwhip_distributor": 3.8489837880301607,
  "eval/bullwhip_factory": 4.556752336488028,
  "eval/sharing_rate": 0.48769230769230765,
  "eval/honesty_score": -0.04015964499361614,
  "eval/inflation_rate": 0.23733862959285004
}