{
  "eval/mean_system_cost": 40.62115384615384,
  "eval/std_system_cost": 4.764867343254854,
  "eval/retailer_cost": 9.160576923076922,
  "eval/wholesaler_cost": 11.131730769230769,
  "eval/distributor_cost": 10.128365384615385,
  "eval/factory_cost": 10.20048076923077,
  "eval/bullwhip_retailer": 1.6881002215763736,
  "eval/bullwhip_wholesaler": 2.3408393578422766,
  "eval/bullwhip_distributor": 3.0979487420939464,
  "eval/bullwhip_factory": 3.5972660357518396,
  "eval/sharing_rate": 0.48125,
  "eval/honesty_score": -0.10308831308059623,
  "eval/inflation_rate": 0.22134387351778656
}