{
  "eval/mean_system_cost": 573.9975961538463,
  "eval/std_system_cost": 162.40226165355722,
  "eval/frac_actions_at_cap": 0.0,
  "eval/frac_capacity_binds": 0.6278846153846154,
  "eval/frac_allocation_triggers": 0.948076923076923,
  "eval/retailer_a_cost": 80.76778846153846,
  "eval/retailer_b_cost": 81.88990384615383,
  "eval/wholesaler_cost": 160.7971153846154,
  "eval/distributor_cost": 136.99903846153848,
  "eval/factory_cost": 113.54374999999997,
  "eval/bullwhip_retailer_a": 0.31691470742152966,
  "eval/bullwhip_retailer_b": 0.3053112046256725,
  "eval/bullwhip_wholesaler": 1.2044848240936523,
  "eval/bullwhip_distributor": 1.343743268471797,
  "eval/bullwhip_factory": 1.481179439483474
}