{
  "eval/mean_system_cost": 42.23798076923076,
  "eval/std_system_cost": 8.7666482970982,
  "eval/retailer_cost": 9.546634615384615,
  "eval/wholesaler_cost": 11.564423076923077,
  "eval/distributor_cost": 11.135576923076922,
  "eval/factory_cost": 9.991346153846154,
  "eval/bullwhip_retailer": 1.6866951255711782,
  "eval/bullwhip_wholesaler": 2.0766910259734717,
  "eval/bullwhip_distributor": 2.5824012437471753,
  "eval/bullwhip_factory": 2.990182902104144,
  "eval/sharing_rate": 0.5365384615384615,
  "eval/honesty_score": -0.09648205831609062,
  "eval/inflation_rate": 0.21583652618135377
}