{
  "eval/mean_system_cost": 612.0153846153845,
  "eval/std_system_cost": 210.66840521186808,
  "eval/frac_actions_at_cap": 0.0,
  "eval/frac_capacity_binds": 0.6548076923076923,
  "eval/frac_allocation_triggers": 0.9644230769230769,
  "eval/retailer_a_cost": 87.80192307692306,
  "eval/retailer_b_cost": 86.48894230769231,
  "eval/wholesaler_cost": 170.57644230769233,
  "eval/distributor_cost": 145.81682692307692,
  "eval/factory_cost": 121.33125,
  "eval/bullwhip_retailer_a": 0.5527441333479923,
  "eval/bullwhip_retailer_b": 0.5577372745810919,
  "eval/bullwhip_wholesaler": 1.230676453652091,
  "eval/bullwhip_distributor": 1.384408321043788,
  "eval/bullwhip_factory": 1.508972289655004
}