{
  "eval/mean_system_cost": 1320.577403846154,
  "eval/std_system_cost": 241.40926937657161,
  "eval/frac_actions_at_cap": 0.0,
  "eval/frac_capacity_binds": 0.8653846153846154,
  "eval/frac_allocation_triggers": 0.9807692307692307,
  "eval/retailer_a_cost": 51.09278846153846,
  "eval/retailer_b_cost": 42.35288461538461,
  "eval/wholesaler_cost": 473.5961538461538,
  "eval/distributor_cost": 408.68461538461537,
  "eval/factory_cost": 344.85096153846155,
  "eval/bullwhip_retailer_a": 0.5544387365919845,
  "eval/bullwhip_retailer_b": 0.5551938340004995,
  "eval/bullwhip_wholesaler": 1.8831076461549623,
  "eval/bullwhip_distributor": 2.699175241453972,
  "eval/bullwhip_factory": 4.8801833708544
}