{
  "eval/mean_system_cost": 789.2874999999999,
  "eval/std_system_cost": 272.7807824916971,
  "eval/frac_actions_at_cap": 0.0,
  "eval/frac_capacity_binds": 0.7836538461538461,
  "eval/frac_allocation_triggers": 0.9625,
  "eval/retailer_a_cost": 62.54086538461538,
  "eval/retailer_b_cost": 64.96105769230769,
  "eval/wholesaler_cost": 163.83317307692306,
  "eval/distributor_cost": 212.95048076923075,
  "eval/factory_cost": 285.00192307692305,
  "eval/bullwhip_retailer_a": 0.6081658753826492,
  "eval/bullwhip_retailer_b": 0.6400730821427475,
  "eval/bullwhip_wholesaler": 1.9348868475357686,
  "eval/bullwhip_distributor": 3.720515414823353,
  "eval/bullwhip_factory": 4.496096843877897
}