{
  "eval/mean_system_cost": 58.86634615384615,
  "eval/std_system_cost": 19.562332551223907,
  "eval/frac_actions_at_cap": 0.0,
  "eval/frac_capacity_binds": 0.0,
  "eval/frac_allocation_triggers": 0.8778846153846154,
  "eval/retailer_cost": 19.729326923076922,
  "eval/wholesaler_cost": 19.87403846153846,
  "eval/distributor_cost": 13.037019230769229,
  "eval/factory_cost": 6.225961538461538,
  "eval/bullwhip_retailer": 2.261577601390547,
  "eval/bullwhip_wholesaler": 2.3664052385115935,
  "eval/bullwhip_distributor": 2.571032101752056,
  "eval/bullwhip_factory": 2.9936436492189737
}