{
  "eval/mean_system_cost": 1461.3048076923076,
  "eval/std_system_cost": 196.2427438332728,
  "eval/frac_actions_at_cap": 0.0,
  "eval/frac_capacity_binds": 0.864423076923077,
  "eval/frac_allocation_triggers": 0.9615384615384616,
  "eval/retailer_a_cost": 73.02307692307691,
  "eval/retailer_b_cost": 54.81153846153846,
  "eval/wholesaler_cost": 502.4048076923077,
  "eval/distributor_cost": 444.07307692307694,
  "eval/factory_cost": 386.9923076923077,
  "eval/bullwhip_retailer_a": 0.5132029296751733,
  "eval/bullwhip_retailer_b": 0.3083890998557286,
  "eval/bullwhip_wholesaler": 2.114726385525972,
  "eval/bullwhip_distributor": 2.888273965295459,
  "eval/bullwhip_factory": 3.601661146869838
}