{
  "eval/mean_system_cost": 75.71346153846154,
  "eval/std_system_cost": 34.74409505617018,
  "eval/retailer_cost": 11.008173076923077,
  "eval/wholesaler_cost": 14.56105769230769,
  "eval/distributor_cost": 17.411538461538463,
  "eval/factory_cost": 32.73269230769231,
  "eval/bullwhip_retailer": 1.6611962598327805,
  "eval/bullwhip_wholesaler": 2.2526161831044824,
  "eval/bullwhip_distributor": 2.8561021035067435,
  "eval/bullwhip_factory": 3.6078257017311084,
  "eval/sharing_rate": 0.5533653846153846,
  "eval/honesty_score": -0.09188423110720935,
  "eval/inflation_rate": 0.34303534303534305
}