{
  "eval/mean_system_cost": 754.1528846153846,
  "eval/std_system_cost": 78.1917088509079,
  "eval/frac_actions_at_cap": 0.0,
  "eval/frac_capacity_binds": 0.9230769230769231,
  "eval/frac_allocation_triggers": 0.9451923076923077,
  "eval/retailer_cost": 19.603365384615387,
  "eval/wholesaler_cost": 106.88701923076924,
  "eval/distributor_cost": 265.4038461538461,
  "eval/factory_cost": 362.2586538461539,
  "eval/bullwhip_retailer": 1.15647419644878,
  "eval/bullwhip_wholesaler": 2.1788752826627293,
  "eval/bullwhip_distributor": 4.053585481985377,
  "eval/bullwhip_factory": 6.579757091745728
}