{
  "eval/mean_system_cost": 821.6259615384615,
  "eval/std_system_cost": 183.0217375743688,
  "eval/frac_actions_at_cap": 0.0,
  "eval/frac_capacity_binds": 0.8846153846153846,
  "eval/frac_allocation_triggers": 0.9471153846153846,
  "eval/retailer_a_cost": 46.330769230769235,
  "eval/retailer_b_cost": 69.16586538461539,
  "eval/wholesaler_cost": 163.36298076923077,
  "eval/distributor_cost": 233.12932692307692,
  "eval/factory_cost": 309.6370192307693,
  "eval/bullwhip_retailer_a": 0.4320931588047174,
  "eval/bullwhip_retailer_b": 0.27943749962479114,
  "eval/bullwhip_wholesaler": 1.7627440251728754,
  "eval/bullwhip_distributor": 2.364966350190435,
  "eval/bullwhip_factory": 3.44516951189391
}