{
  "eval/mean_system_cost": 649.916826923077,
  "eval/std_system_cost": 206.49227348189095,
  "eval/frac_actions_at_cap": 0.0,
  "eval/frac_capacity_binds": 0.675,
  "eval/frac_allocation_triggers": 0.9701923076923077,
  "eval/retailer_a_cost": 39.22644230769231,
  "eval/retailer_b_cost": 43.118269230769236,
  "eval/wholesaler_cost": 212.66923076923075,
  "eval/distributor_cost": 182.6932692307692,
  "eval/factory_cost": 172.20961538461535,
  "eval/bullwhip_retailer_a": 1.0174980007004937,
  "eval/bullwhip_retailer_b": 1.1208588609545513,
  "eval/bullwhip_wholesaler": 3.0217568733518507,
  "eval/bullwhip_distributor": 3.7995825686053792,
  "eval/bullwhip_factory": 4.662417151459834,
  "eval/sharing_rate": 0.36576923076923074,
  "eval/honesty_score": -0.046646666042640006,
  "eval/inflation_rate": 0.23885034687809711
}