{
  "eval/mean_system_cost": 50.964903846153845,
  "eval/std_system_cost": 21.710033775234425,
  "eval/frac_actions_at_cap": 0.0,
  "eval/frac_capacity_binds": 0.0,
  "eval/frac_allocation_triggers": 0.7173076923076923,
  "eval/retailer_cost": 15.597596153846155,
  "eval/wholesaler_cost": 17.126442307692304,
  "eval/distributor_cost": 10.963461538461537,
  "eval/factory_cost": 7.277403846153845,
  "eval/bullwhip_retailer": 2.100195082605875,
  "eval/bullwhip_wholesaler": 3.1302661297222487,
  "eval/bullwhip_distributor": 3.5507837257828845,
  "eval/bullwhip_factory": 2.6997605181380724
}