{
  "eval/mean_system_cost": 382.97019230769234,
  "eval/std_system_cost": 169.82740095738188,
  "eval/frac_actions_at_cap": 0.0,
  "eval/frac_capacity_binds": 0.7,
  "eval/frac_allocation_triggers": 0.9134615384615384,
  "eval/retailer_cost": 97.32451923076921,
  "eval/wholesaler_cost": 96.08798076923077,
  "eval/distributor_cost": 95.18990384615384,
  "eval/factory_cost": 94.36778846153847,
  "eval/bullwhip_retailer": 1.0496250636288011,
  "eval/bullwhip_wholesaler": 1.0947149031597165,
  "eval/bullwhip_distributor": 1.1340200941490717,
  "eval/bullwhip_factory": 1.610180486450901
}