{
  "eval/mean_system_cost": 399.7298076923077,
  "eval/std_system_cost": 97.69424943652507,
  "eval/frac_actions_at_cap": 0.0,
  "eval/frac_capacity_binds": 0.7288461538461538,
  "eval/frac_allocation_triggers": 0.9442307692307692,
  "eval/retailer_cost": 25.97355769230769,
  "eval/wholesaler_cost": 91.01778846153846,
  "eval/distributor_cost": 123.95432692307693,
  "eval/factory_cost": 158.78413461538463,
  "eval/bullwhip_retailer": 3.405216131522949,
  "eval/bullwhip_wholesaler": 5.708706559024731,
  "eval/bullwhip_distributor": 9.171101157152941,
  "eval/bullwhip_factory": 11.855022784690878,
  "eval/sharing_rate": 0.4158653846153846,
  "eval/honesty_score": -0.03516339398945888,
  "eval/inflation_rate": 0.2772177419354839
}