{
  "eval/mean_system_cost": 325.39375000000007,
  "eval/std_system_cost": 76.44597145761668,
  "eval/retailer_cost": 45.26971153846153,
  "eval/wholesaler_cost": 61.40913461538461,
  "eval/distributor_cost": 98.94951923076924,
  "eval/factory_cost": 119.76538461538462,
  "eval/bullwhip_retailer": 1.8022124509486601,
  "eval/bullwhip_wholesaler": 2.5414875497046814,
  "eval/bullwhip_distributor": 3.0021759786297464,
  "eval/bullwhip_factory": 3.554508635490295,
  "eval/sharing_rate": 0.6127403846153845,
  "eval/honesty_score": -0.07990634716348526,
  "eval/inflation_rate": 0.27844311377245506
}