{
  "eval/mean_system_cost": 896.3932692307692,
  "eval/std_system_cost": 316.17532938805715,
  "eval/frac_actions_at_cap": 0.0,
  "eval/frac_capacity_binds": 0.7673076923076924,
  "eval/frac_allocation_triggers": 0.9644230769230769,
  "eval/retailer_a_cost": 84.81201923076922,
  "eval/retailer_b_cost": 88.57692307692308,
  "eval/wholesaler_cost": 246.5418269230769,
  "eval/distributor_cost": 213.08798076923077,
  "eval/factory_cost": 263.3745192307692,
  "eval/bullwhip_retailer_a": 0.9098451878882303,
  "eval/bullwhip_retailer_b": 0.5455306421906897,
  "eval/bullwhip_wholesaler": 1.79314752327649,
  "eval/bullwhip_distributor": 3.623916513104194,
  "eval/bullwhip_factory": 3.997932695983386
}