{
  "eval/mean_system_cost": 495.4384615384615,
  "eval/std_system_cost": 199.50714113974578,
  "eval/frac_actions_at_cap": 0.0,
  "eval/frac_capacity_binds": 0.5884615384615385,
  "eval/frac_allocation_triggers": 0.9730769230769231,
  "eval/retailer_a_cost": 48.08269230769231,
  "eval/retailer_b_cost": 50.823076923076925,
  "eval/wholesaler_cost": 133.4403846153846,
  "eval/distributor_cost": 128.54711538461535,
  "eval/factory_cost": 134.54519230769233,
  "eval/bullwhip_retailer_a": 1.1156440701205452,
  "eval/bullwhip_retailer_b": 1.0097173762589151,
  "eval/bullwhip_wholesaler": 2.787980566511189,
  "eval/bullwhip_distributor": 3.474261221397584,
  "eval/bullwhip_factory": 4.254497189095562,
  "eval/sharing_rate": 0.46269230769230774,
  "eval/honesty_score": -0.04057980958071024,
  "eval/inflation_rate": 0.2826086956521739
}