{
  "eval/mean_system_cost": 174.3461538461538,
  "eval/std_system_cost": 56.58133464079588,
  "eval/frac_actions_at_cap": 0.0,
  "eval/frac_capacity_binds": 0.19807692307692307,
  "eval/frac_allocation_triggers": 0.9317307692307693,
  "eval/retailer_cost": 95.36682692307691,
  "eval/wholesaler_cost": 21.491346153846152,
  "eval/distributor_cost": 26.332211538461536,
  "eval/factory_cost": 31.15576923076923,
  "eval/bullwhip_retailer": 0.8297310143676179,
  "eval/bullwhip_wholesaler": 0.8370674680091845,
  "eval/bullwhip_distributor": 0.8424751165802562,
  "eval/bullwhip_factory": 0.8474437201047035
}