{
  "eval/mean_system_cost": 1221.8716346153847,
  "eval/std_system_cost": 256.49644797236266,
  "eval/frac_actions_at_cap": 0.0,
  "eval/frac_capacity_binds": 0.8038461538461539,
  "eval/frac_allocation_triggers": 0.95,
  "eval/retailer_a_cost": 57.92307692307693,
  "eval/retailer_b_cost": 74.37980769230768,
  "eval/wholesaler_cost": 292.3600961538462,
  "eval/distributor_cost": 362.5927884615385,
  "eval/factory_cost": 434.6158653846154,
  "eval/bullwhip_retailer_a": 0.6280064242144274,
  "eval/bullwhip_retailer_b": 0.35527604821121955,
  "eval/bullwhip_wholesaler": 2.9821239355480595,
  "eval/bullwhip_distributor": 5.667894716113888,
  "eval/bullwhip_factory": 6.565256386122629
}