{
  "eval/mean_system_cost": 311.0033653846154,
  "eval/std_system_cost": 79.48633878584441,
  "eval/retailer_cost": 31.547596153846154,
  "eval/wholesaler_cost": 61.74471153846152,
  "eval/distributor_cost": 90.01057692307693,
  "eval/factory_cost": 127.70048076923077,
  "eval/bullwhip_retailer": 1.7705935811840723,
  "eval/bullwhip_wholesaler": 2.5081020133324805,
  "eval/bullwhip_distributor": 3.2263087458121538,
  "eval/bullwhip_factory": 4.037133820049375,
  "eval/sharing_rate": 0.4675480769230769,
  "eval/honesty_score": -0.08165494026009804,
  "eval/inflation_rate": 0.32167832167832167
}