{
  "eval/mean_system_cost": 72.85384615384615,
  "eval/std_system_cost": 9.033577649410503,
  "eval/frac_actions_at_cap": 0.0,
  "eval/frac_capacity_binds": 0.0,
  "eval/frac_allocation_triggers": 0.8875,
  "eval/retailer_cost": 19.35769230769231,
  "eval/wholesaler_cost": 35.02788461538462,
  "eval/distributor_cost": 12.018269230769231,
  "eval/factory_cost": 6.45,
  "eval/bullwhip_retailer": 1.5301323592502654,
  "eval/bullwhip_wholesaler": 1.999315290285102,
  "eval/bullwhip_distributor": 2.4507809565254877,
  "eval/bullwhip_factory": 2.5134369630859736
}