{
  "eval/mean_system_cost": 1586.7975961538461,
  "eval/std_system_cost": 217.90428827938538,
  "eval/frac_actions_at_cap": 0.0,
  "eval/frac_capacity_binds": 0.8846153846153846,
  "eval/frac_allocation_triggers": 0.9807692307692307,
  "eval/retailer_a_cost": 67.49375,
  "eval/retailer_b_cost": 70.39519230769231,
  "eval/wholesaler_cost": 540.4490384615385,
  "eval/distributor_cost": 482.5259615384615,
  "eval/factory_cost": 425.9336538461538,
  "eval/bullwhip_retailer_a": 0.3053413228077018,
  "eval/bullwhip_retailer_b": 0.3123073315999149,
  "eval/bullwhip_wholesaler": 1.8371746133802462,
  "eval/bullwhip_distributor": 2.614478708798354,
  "eval/bullwhip_factory": 3.332364134912316
}