{
  "eval/mean_system_cost": 252.10432692307694,
  "eval/std_system_cost": 69.59894157932753,
  "eval/retailer_cost": 18.480769230769234,
  "eval/wholesaler_cost": 38.29759615384615,
  "eval/distributor_cost": 77.88028846153846,
  "eval/factory_cost": 117.44567307692307,
  "eval/bullwhip_retailer": 1.7104770003480805,
  "eval/bullwhip_wholesaler": 2.30231057795043,
  "eval/bullwhip_distributor": 3.0525619557599253,
  "eval/bullwhip_factory": 3.765089829660183,
  "eval/sharing_rate": 0.6584134615384616,
  "eval/honesty_score": -0.080835381639615,
  "eval/inflation_rate": 0.2921686746987952
}