{
  "eval/mean_system_cost": 550.18125,
  "eval/std_system_cost": 135.30982788317075,
  "eval/frac_actions_at_cap": 0.0,
  "eval/frac_capacity_binds": 0.6153846153846154,
  "eval/frac_allocation_triggers": 0.948076923076923,
  "eval/retailer_a_cost": 77.44903846153845,
  "eval/retailer_b_cost": 78.65096153846153,
  "eval/wholesaler_cost": 154.63557692307694,
  "eval/distributor_cost": 131.25288461538463,
  "eval/factory_cost": 108.19278846153847,
  "eval/bullwhip_retailer_a": 0.3121773808583737,
  "eval/bullwhip_retailer_b": 0.30310629539316364,
  "eval/bullwhip_wholesaler": 1.1882258473401535,
  "eval/bullwhip_distributor": 1.3204633927407323,
  "eval/bullwhip_factory": 1.4479059145628699
}