{
  "eval/mean_system_cost": 622.3201923076923,
  "eval/std_system_cost": 168.98479389756366,
  "eval/frac_actions_at_cap": 0.0,
  "eval/frac_capacity_binds": 0.6788461538461539,
  "eval/frac_allocation_triggers": 0.9490384615384615,
  "eval/retailer_a_cost": 84.71490384615385,
  "eval/retailer_b_cost": 87.92980769230768,
  "eval/wholesaler_cost": 172.1360576923077,
  "eval/distributor_cost": 149.77067307692306,
  "eval/factory_cost": 127.76875000000003,
  "eval/bullwhip_retailer_a": 0.3165348361130242,
  "eval/bullwhip_retailer_b": 0.3050446252070082,
  "eval/bullwhip_wholesaler": 1.199244709768383,
  "eval/bullwhip_distributor": 1.3313012374605178,
  "eval/bullwhip_factory": 1.462391950546176
}