{
  "eval/mean_system_cost": 1469.7144230769231,
  "eval/std_system_cost": 157.83228244982396,
  "eval/frac_actions_at_cap": 0.0,
  "eval/frac_capacity_binds": 0.8846153846153846,
  "eval/frac_allocation_triggers": 0.9807692307692307,
  "eval/retailer_a_cost": 43.68701923076923,
  "eval/retailer_b_cost": 46.75432692307692,
  "eval/wholesaler_cost": 490.02788461538466,
  "eval/distributor_cost": 429.1903846153846,
  "eval/factory_cost": 460.0548076923078,
  "eval/bullwhip_retailer_a": 0.3121773808583737,
  "eval/bullwhip_retailer_b": 0.30310629539316364,
  "eval/bullwhip_wholesaler": 1.824384344352426,
  "eval/bullwhip_distributor": 2.9905060041281226,
  "eval/bullwhip_factory": 3.9349228419210207
}