{
  "eval/mean_system_cost": 1430.6346153846155,
  "eval/std_system_cost": 236.84771144199527,
  "eval/frac_actions_at_cap": 0.0,
  "eval/frac_capacity_binds": 0.864423076923077,
  "eval/frac_allocation_triggers": 0.9807692307692307,
  "eval/retailer_a_cost": 41.0235576923077,
  "eval/retailer_b_cost": 36.49471153846154,
  "eval/wholesaler_cost": 420.46923076923076,
  "eval/distributor_cost": 506.97211538461534,
  "eval/factory_cost": 425.675,
  "eval/bullwhip_retailer_a": 0.5403438399370571,
  "eval/bullwhip_retailer_b": 0.5272795285298305,
  "eval/bullwhip_wholesaler": 2.53651894846542,
  "eval/bullwhip_distributor": 3.722206418153082,
  "eval/bullwhip_factory": 4.786857762750318
}