{
  "eval/mean_system_cost": 863.9745192307691,
  "eval/std_system_cost": 157.2767388695824,
  "eval/frac_actions_at_cap": 0.0,
  "eval/frac_capacity_binds": 0.7125,
  "eval/frac_allocation_triggers": 0.9557692307692308,
  "eval/retailer_a_cost": 98.1423076923077,
  "eval/retailer_b_cost": 37.37500000000001,
  "eval/wholesaler_cost": 264.86778846153845,
  "eval/distributor_cost": 240.0600961538461,
  "eval/factory_cost": 223.5293269230769,
  "eval/bullwhip_retailer_a": 0.8754394364965575,
  "eval/bullwhip_retailer_b": 0.8219923420929376,
  "eval/bullwhip_wholesaler": 2.961914661280611,
  "eval/bullwhip_distributor": 3.7586750058530023,
  "eval/bullwhip_factory": 4.444444741570038,
  "eval/sharing_rate": 0.30269230769230765,
  "eval/honesty_score": -0.048504499585856974,
  "eval/inflation_rate": 0.2545271629778672
}