{
  "eval/mean_system_cost": 848.7995192307692,
  "eval/std_system_cost": 232.74706635322747,
  "eval/frac_actions_at_cap": 0.0,
  "eval/frac_capacity_binds": 0.7134615384615385,
  "eval/frac_allocation_triggers": 0.9692307692307692,
  "eval/retailer_a_cost": 62.46923076923076,
  "eval/retailer_b_cost": 48.82932692307692,
  "eval/wholesaler_cost": 275.71875000000006,
  "eval/distributor_cost": 241.8860576923077,
  "eval/factory_cost": 219.89615384615385,
  "eval/bullwhip_retailer_a": 1.0475673864144885,
  "eval/bullwhip_retailer_b": 1.0301405653762723,
  "eval/bullwhip_wholesaler": 2.993351772230338,
  "eval/bullwhip_distributor": 3.728064671507041,
  "eval/bullwhip_factory": 4.664394621309346,
  "eval/sharing_rate": 0.49826923076923063,
  "eval/honesty_score": -0.04017970601871611,
  "eval/inflation_rate": 0.22718253968253968
}