{
  "eval/mean_system_cost": 680.6754807692307,
  "eval/std_system_cost": 149.8130082581981,
  "eval/frac_actions_at_cap": 0.0,
  "eval/frac_capacity_binds": 0.6548076923076923,
  "eval/frac_allocation_triggers": 0.9548076923076924,
  "eval/retailer_a_cost": 58.46057692307693,
  "eval/retailer_b_cost": 76.94519230769231,
  "eval/wholesaler_cost": 191.00480769230768,
  "eval/distributor_cost": 179.53028846153845,
  "eval/factory_cost": 174.73461538461535,
  "eval/bullwhip_retailer_a": 0.940721590005812,
  "eval/bullwhip_retailer_b": 0.8696340064877074,
  "eval/bullwhip_wholesaler": 2.8435418214598154,
  "eval/bullwhip_distributor": 3.4863039467356014,
  "eval/bullwhip_factory": 4.1134133709458665,
  "eval/sharing_rate": 0.46769230769230763,
  "eval/honesty_score": -0.04040777691842709,
  "eval/inflation_rate": 0.27895266868076535
}