{
  "eval/mean_system_cost": 304.0326923076923,
  "eval/std_system_cost": 70.33953904162834,
  "eval/frac_actions_at_cap": 0.0,
  "eval/frac_capacity_binds": 0.16826923076923078,
  "eval/frac_allocation_triggers": 0.948076923076923,
  "eval/retailer_a_cost": 51.2298076923077,
  "eval/retailer_b_cost": 64.97548076923076,
  "eval/wholesaler_cost": 92.05336538461538,
  "eval/distributor_cost": 61.62644230769231,
  "eval/factory_cost": 34.14759615384615,
  "eval/bullwhip_retailer_a": 0.31572598560756304,
  "eval/bullwhip_retailer_b": 0.33161224521721755,
  "eval/bullwhip_wholesaler": 1.097531978253437,
  "eval/bullwhip_distributor": 1.21638691029242,
  "eval/bullwhip_factory": 1.3305915296653976
}