{
  "eval/mean_system_cost": 866.7966346153846,
  "eval/std_system_cost": 153.73601190382436,
  "eval/frac_actions_at_cap": 0.0,
  "eval/frac_capacity_binds": 0.7346153846153847,
  "eval/frac_allocation_triggers": 0.9586538461538462,
  "eval/retailer_a_cost": 46.00528846153847,
  "eval/retailer_b_cost": 53.03798076923077,
  "eval/wholesaler_cost": 286.4057692307692,
  "eval/distributor_cost": 247.55913461538466,
  "eval/factory_cost": 233.78846153846158,
  "eval/bullwhip_retailer_a": 0.7396767345621553,
  "eval/bullwhip_retailer_b": 0.7148724591594182,
  "eval/bullwhip_wholesaler": 2.7749777569955225,
  "eval/bullwhip_distributor": 3.7362898128028217,
  "eval/bullwhip_factory": 4.390068170573689,
  "eval/sharing_rate": 0.505,
  "eval/honesty_score": -0.037068191338251844,
  "eval/inflation_rate": 0.23771313941825475
}