{
  "eval/mean_system_cost": 1021.433173076923,
  "eval/std_system_cost": 219.3837667349899,
  "eval/frac_actions_at_cap": 0.0,
  "eval/frac_capacity_binds": 0.7471153846153846,
  "eval/frac_allocation_triggers": 0.9576923076923077,
  "eval/retailer_a_cost": 60.07740384615386,
  "eval/retailer_b_cost": 71.41923076923075,
  "eval/wholesaler_cost": 324.5235576923077,
  "eval/distributor_cost": 291.875,
  "eval/factory_cost": 273.5379807692307,
  "eval/bullwhip_retailer_a": 0.7745189527677552,
  "eval/bullwhip_retailer_b": 0.8421840497765415,
  "eval/bullwhip_wholesaler": 3.0270389796654107,
  "eval/bullwhip_distributor": 4.003893108599486,
  "eval/bullwhip_factory": 4.8845727521153925,
  "eval/sharing_rate": 0.43826923076923074,
  "eval/honesty_score": -0.038289770793890336,
  "eval/inflation_rate": 0.23470411233701102
}