{
  "eval/mean_system_cost": 187.9735576923077,
  "eval/std_system_cost": 67.69182015196753,
  "eval/retailer_cost": 15.059615384615384,
  "eval/wholesaler_cost": 33.020673076923075,
  "eval/distributor_cost": 51.83125,
  "eval/factory_cost": 88.06201923076922,
  "eval/bullwhip_retailer": 1.7792879084563762,
  "eval/bullwhip_wholesaler": 2.2569918335084393,
  "eval/bullwhip_distributor": 3.1008541692318943,
  "eval/bullwhip_factory": 4.019537201168546,
  "eval/sharing_rate": 0.5783653846153844,
  "eval/honesty_score": -0.08222175336018434,
  "eval/inflation_rate": 0.28326612903225806
}