{
  "eval/mean_system_cost": 1199.6485576923078,
  "eval/std_system_cost": 169.6089693447911,
  "eval/frac_actions_at_cap": 0.0,
  "eval/frac_capacity_binds": 0.8653846153846154,
  "eval/frac_allocation_triggers": 0.9807692307692307,
  "eval/retailer_a_cost": 25.066346153846155,
  "eval/retailer_b_cost": 29.33894230769231,
  "eval/wholesaler_cost": 402.28653846153844,
  "eval/distributor_cost": 328.49519230769226,
  "eval/factory_cost": 414.4615384615384,
  "eval/bullwhip_retailer_a": 0.31572598560756304,
  "eval/bullwhip_retailer_b": 0.29670949598392415,
  "eval/bullwhip_wholesaler": 1.8025435258167894,
  "eval/bullwhip_distributor": 3.7067271626260334,
  "eval/bullwhip_factory": 4.799580375466618
}