{
  "eval/mean_system_cost": 47.96971153846154,
  "eval/std_system_cost": 10.077915428879228,
  "eval/frac_actions_at_cap": 0.0,
  "eval/frac_capacity_binds": 0.0,
  "eval/frac_allocation_triggers": 0.6961538461538461,
  "eval/retailer_cost": 13.21105769230769,
  "eval/wholesaler_cost": 14.108653846153848,
  "eval/distributor_cost": 12.14951923076923,
  "eval/factory_cost": 8.500480769230768,
  "eval/bullwhip_retailer": 2.281400281926263,
  "eval/bullwhip_wholesaler": 3.033772639932812,
  "eval/bullwhip_distributor": 3.4738817563194497,
  "eval/bullwhip_factory": 3.808186836453615,
  "eval/sharing_rate": 0.5213942307692307,
  "eval/honesty_score": -0.04704356553193423,
  "eval/inflation_rate": 0.23066298342541436
}