{
  "eval/mean_system_cost": 841.1822115384615,
  "eval/std_system_cost": 288.21729460229824,
  "eval/frac_actions_at_cap": 0.0,
  "eval/frac_capacity_binds": 0.6846153846153846,
  "eval/frac_allocation_triggers": 0.9711538461538461,
  "eval/retailer_a_cost": 43.965384615384615,
  "eval/retailer_b_cost": 40.971153846153854,
  "eval/wholesaler_cost": 295.9870192307692,
  "eval/distributor_cost": 248.2725961538461,
  "eval/factory_cost": 211.98605769230767,
  "eval/bullwhip_retailer_a": 0.9450269003192577,
  "eval/bullwhip_retailer_b": 0.9327775553231811,
  "eval/bullwhip_wholesaler": 3.0031198394101075,
  "eval/bullwhip_distributor": 4.091565384803412,
  "eval/bullwhip_factory": 5.244515636820419,
  "eval/sharing_rate": 0.4684615384615384,
  "eval/honesty_score": -0.03884971637877436,
  "eval/inflation_rate": 0.22574257425742575
}