{
  "eval/mean_system_cost": 648.0629807692309,
  "eval/std_system_cost": 235.53818263630535,
  "eval/frac_actions_at_cap": 0.0,
  "eval/frac_capacity_binds": 0.6086538461538461,
  "eval/frac_allocation_triggers": 0.975,
  "eval/retailer_a_cost": 26.073557692307695,
  "eval/retailer_b_cost": 92.10384615384616,
  "eval/wholesaler_cost": 196.71442307692308,
  "eval/distributor_cost": 170.79134615384618,
  "eval/factory_cost": 162.3798076923077,
  "eval/bullwhip_retailer_a": 1.1470395313619095,
  "eval/bullwhip_retailer_b": 1.094221983034031,
  "eval/bullwhip_wholesaler": 2.9846001786941696,
  "eval/bullwhip_distributor": 3.7672330126970937,
  "eval/bullwhip_factory": 4.487192496585536,
  "eval/sharing_rate": 0.3257692307692307,
  "eval/honesty_score": -0.04279575915318505,
  "eval/inflation_rate": 0.257396449704142
}