{
  "eval/mean_system_cost": 1183.5254807692309,
  "eval/std_system_cost": 172.93098626419962,
  "eval/frac_actions_at_cap": 0.0,
  "eval/frac_capacity_binds": 0.8846153846153846,
  "eval/frac_allocation_triggers": 0.9807692307692307,
  "eval/retailer_a_cost": 26.84855769230769,
  "eval/retailer_b_cost": 28.756730769230767,
  "eval/wholesaler_cost": 441.30480769230763,
  "eval/distributor_cost": 375.46826923076924,
  "eval/factory_cost": 311.1471153846154,
  "eval/bullwhip_retailer_a": 0.3152402978910084,
  "eval/bullwhip_retailer_b": 0.30707440986538254,
  "eval/bullwhip_wholesaler": 1.8641886228123001,
  "eval/bullwhip_distributor": 2.671886344619826,
  "eval/bullwhip_factory": 3.7068020877525267
}