{
  "eval/mean_system_cost": 877.4716346153846,
  "eval/std_system_cost": 194.3661092754213,
  "eval/frac_actions_at_cap": 0.0,
  "eval/frac_capacity_binds": 0.7019230769230769,
  "eval/frac_allocation_triggers": 0.9567307692307693,
  "eval/retailer_a_cost": 87.26490384615384,
  "eval/retailer_b_cost": 105.85384615384615,
  "eval/wholesaler_cost": 244.71249999999995,
  "eval/distributor_cost": 226.34086538461537,
  "eval/factory_cost": 213.29951923076925,
  "eval/bullwhip_retailer_a": 0.9015835785701566,
  "eval/bullwhip_retailer_b": 0.8842040636206794,
  "eval/bullwhip_wholesaler": 2.7526359037342467,
  "eval/bullwhip_distributor": 3.2620690012680544,
  "eval/bullwhip_factory": 3.7379133204135413,
  "eval/sharing_rate": 0.5115384615384615,
  "eval/honesty_score": -0.0424047767019793,
  "eval/inflation_rate": 0.262
}