{
  "eval/mean_system_cost": 419.88798076923086,
  "eval/std_system_cost": 134.1515902298455,
  "eval/frac_actions_at_cap": 0.0,
  "eval/frac_capacity_binds": 0.6807692307692308,
  "eval/frac_allocation_triggers": 0.9509615384615384,
  "eval/retailer_cost": 65.42836538461538,
  "eval/wholesaler_cost": 94.14182692307693,
  "eval/distributor_cost": 122.84086538461538,
  "eval/factory_cost": 137.47692307692307,
  "eval/bullwhip_retailer": 2.0442417720516213,
  "eval/bullwhip_wholesaler": 2.968894605203817,
  "eval/bullwhip_distributor": 3.6877260532482947,
  "eval/bullwhip_factory": 4.589826738339734,
  "eval/sharing_rate": 0.6048076923076922,
  "eval/honesty_score": -0.03630982652066964,
  "eval/inflation_rate": 0.28857715430861725
}