{
  "eval/mean_system_cost": 780.5889423076923,
  "eval/std_system_cost": 192.25819494914046,
  "eval/frac_actions_at_cap": 0.0,
  "eval/frac_capacity_binds": 0.8317307692307693,
  "eval/frac_allocation_triggers": 0.9471153846153846,
  "eval/retailer_cost": 46.548557692307696,
  "eval/wholesaler_cost": 145.68942307692308,
  "eval/distributor_cost": 253.85673076923072,
  "eval/factory_cost": 334.49423076923074,
  "eval/bullwhip_retailer": 1.3985990107535629,
  "eval/bullwhip_wholesaler": 2.6029621180771083,
  "eval/bullwhip_distributor": 4.630118533871041,
  "eval/bullwhip_factory": 8.98398488099862
}