{
  "eval/mean_system_cost": 904.270673076923,
  "eval/std_system_cost": 214.5213357410387,
  "eval/frac_actions_at_cap": 0.0,
  "eval/frac_capacity_binds": 0.7076923076923077,
  "eval/frac_allocation_triggers": 0.9586538461538462,
  "eval/retailer_a_cost": 112.05913461538462,
  "eval/retailer_b_cost": 41.86778846153846,
  "eval/wholesaler_cost": 267.475,
  "eval/distributor_cost": 244.3451923076923,
  "eval/factory_cost": 238.52355769230766,
  "eval/bullwhip_retailer_a": 0.8167563000081024,
  "eval/bullwhip_retailer_b": 0.6696905363365216,
  "eval/bullwhip_wholesaler": 2.680335936089878,
  "eval/bullwhip_distributor": 3.5682785066858473,
  "eval/bullwhip_factory": 4.32435435468236,
  "eval/sharing_rate": 0.3594230769230769,
  "eval/honesty_score": -0.046999141861788586,
  "eval/inflation_rate": 0.25376128385155466
}