{
  "eval/mean_system_cost": 121.72548076923074,
  "eval/std_system_cost": 47.374463947081225,
  "eval/frac_actions_at_cap": 0.0,
  "eval/frac_capacity_binds": 0.07115384615384615,
  "eval/frac_allocation_triggers": 0.9211538461538461,
  "eval/retailer_cost": 104.06201923076921,
  "eval/wholesaler_cost": 5.68846153846154,
  "eval/distributor_cost": 5.822596153846154,
  "eval/factory_cost": 6.152403846153845,
  "eval/bullwhip_retailer": 0.5447174835335226,
  "eval/bullwhip_wholesaler": 0.5398427082906843,
  "eval/bullwhip_distributor": 0.5356711374781314,
  "eval/bullwhip_factory": 0.5324377191620926
}