{
  "eval/mean_system_cost": 125.61875,
  "eval/std_system_cost": 42.87572252515826,
  "eval/frac_actions_at_cap": 0.0,
  "eval/frac_capacity_binds": 0.0798076923076923,
  "eval/frac_allocation_triggers": 0.9240384615384616,
  "eval/retailer_cost": 105.45865384615384,
  "eval/wholesaler_cost": 6.166346153846154,
  "eval/distributor_cost": 6.677403846153846,
  "eval/factory_cost": 7.316346153846155,
  "eval/bullwhip_retailer": 0.6003634488212392,
  "eval/bullwhip_wholesaler": 0.5961191457566521,
  "eval/bullwhip_distributor": 0.5917726704096609,
  "eval/bullwhip_factory": 0.5886202816964585
}