{
  "eval/mean_system_cost": 367.745673076923,
  "eval/std_system_cost": 91.62717357560349,
  "eval/frac_actions_at_cap": 0.0,
  "eval/frac_capacity_binds": 0.3278846153846154,
  "eval/frac_allocation_triggers": 0.95,
  "eval/retailer_a_cost": 59.32596153846153,
  "eval/retailer_b_cost": 68.10288461538462,
  "eval/wholesaler_cost": 107.01538461538462,
  "eval/distributor_cost": 80.09711538461538,
  "eval/factory_cost": 53.20432692307693,
  "eval/bullwhip_retailer_a": 0.3407475741424081,
  "eval/bullwhip_retailer_b": 0.30707440986538254,
  "eval/bullwhip_wholesaler": 1.098624485324043,
  "eval/bullwhip_distributor": 1.21896492248269,
  "eval/bullwhip_factory": 1.3437795388214342
}