{
  "eval/mean_system_cost": 563.1985576923076,
  "eval/std_system_cost": 146.28851435149238,
  "eval/frac_actions_at_cap": 0.0,
  "eval/frac_capacity_binds": 0.7548076923076923,
  "eval/frac_allocation_triggers": 0.9586538461538462,
  "eval/retailer_cost": 111.94038461538462,
  "eval/wholesaler_cost": 125.08990384615383,
  "eval/distributor_cost": 151.73798076923077,
  "eval/factory_cost": 174.43028846153845,
  "eval/bullwhip_retailer": 1.914404485391152,
  "eval/bullwhip_wholesaler": 2.7624386476861944,
  "eval/bullwhip_distributor": 3.3502564347818553,
  "eval/bullwhip_factory": 3.7134630453914452,
  "eval/sharing_rate": 0.3790865384615384,
  "eval/honesty_score": -0.0358693248571312,
  "eval/inflation_rate": 0.24876604146100692
}