{
  "eval/mean_system_cost": 91.7028846153846,
  "eval/std_system_cost": 27.549693183221567,
  "eval/frac_actions_at_cap": 0.0,
  "eval/frac_capacity_binds": 0.0,
  "eval/frac_allocation_triggers": 0.864423076923077,
  "eval/retailer_cost": 32.33269230769231,
  "eval/wholesaler_cost": 25.27307692307692,
  "eval/distributor_cost": 19.2625,
  "eval/factory_cost": 14.834615384615384,
  "eval/bullwhip_retailer": 0.9299373873942955,
  "eval/bullwhip_wholesaler": 1.3744179506962986,
  "eval/bullwhip_distributor": 1.8396620620048578,
  "eval/bullwhip_factory": 1.917943486680472
}