{
  "eval/mean_system_cost": 270.9259615384616,
  "eval/std_system_cost": 58.50495873796061,
  "eval/retailer_cost": 33.46298076923076,
  "eval/wholesaler_cost": 53.114423076923075,
  "eval/distributor_cost": 76.52740384615386,
  "eval/factory_cost": 107.82115384615386,
  "eval/bullwhip_retailer": 1.8822798201522393,
  "eval/bullwhip_wholesaler": 2.4860059505988006,
  "eval/bullwhip_distributor": 3.187427601362038,
  "eval/bullwhip_factory": 4.016248063434366,
  "eval/sharing_rate": 0.47548076923076915,
  "eval/honesty_score": -0.08343306560911322,
  "eval/inflation_rate": 0.29112662013958124
}