{
  "eval/mean_system_cost": 569.2240384615385,
  "eval/std_system_cost": 228.01710125813204,
  "eval/frac_actions_at_cap": 0.0,
  "eval/frac_capacity_binds": 0.6105769230769231,
  "eval/frac_allocation_triggers": 0.975,
  "eval/retailer_a_cost": 60.133653846153855,
  "eval/retailer_b_cost": 50.347115384615385,
  "eval/wholesaler_cost": 159.13365384615386,
  "eval/distributor_cost": 146.89519230769233,
  "eval/factory_cost": 152.71442307692308,
  "eval/bullwhip_retailer_a": 1.0922864479428516,
  "eval/bullwhip_retailer_b": 1.0481904296514295,
  "eval/bullwhip_wholesaler": 2.8486552669352947,
  "eval/bullwhip_distributor": 3.6450341573756875,
  "eval/bullwhip_factory": 4.376681466922474,
  "eval/sharing_rate": 0.42326923076923073,
  "eval/honesty_score": -0.04014440093775486,
  "eval/inflation_rate": 0.2702169625246548
}