{
  "eval/mean_system_cost": 563.1403846153846,
  "eval/std_system_cost": 219.86592712324327,
  "eval/frac_actions_at_cap": 0.0,
  "eval/frac_capacity_binds": 0.6,
  "eval/frac_allocation_triggers": 0.9721153846153846,
  "eval/retailer_a_cost": 64.82836538461537,
  "eval/retailer_b_cost": 56.83173076923076,
  "eval/wholesaler_cost": 147.11971153846156,
  "eval/distributor_cost": 141.2466346153846,
  "eval/factory_cost": 153.1139423076923,
  "eval/bullwhip_retailer_a": 1.0314454235940096,
  "eval/bullwhip_retailer_b": 0.9262546378088272,
  "eval/bullwhip_wholesaler": 2.801566566868382,
  "eval/bullwhip_distributor": 3.5079497472582624,
  "eval/bullwhip_factory": 4.306785604273995,
  "eval/sharing_rate": 0.5696153846153846,
  "eval/honesty_score": -0.04086216602774543,
  "eval/inflation_rate": 0.2818991097922849
}