{
  "eval/mean_system_cost": 1109.5596153846154,
  "eval/std_system_cost": 234.356293150884,
  "eval/frac_actions_at_cap": 0.0,
  "eval/frac_capacity_binds": 0.8182692307692307,
  "eval/frac_allocation_triggers": 0.9490384615384615,
  "eval/retailer_a_cost": 81.49423076923077,
  "eval/retailer_b_cost": 87.47548076923076,
  "eval/wholesaler_cost": 294.2418269230769,
  "eval/distributor_cost": 325.1927884615385,
  "eval/factory_cost": 321.1552884615385,
  "eval/bullwhip_retailer_a": 0.33251527957997196,
  "eval/bullwhip_retailer_b": 0.6286613960173824,
  "eval/bullwhip_wholesaler": 2.6150780552513395,
  "eval/bullwhip_distributor": 3.8175831698851743,
  "eval/bullwhip_factory": 4.348992767686922
}