{
  "eval/mean_system_cost": 438.7254807692308,
  "eval/std_system_cost": 136.91467956082616,
  "eval/frac_actions_at_cap": 0.0,
  "eval/frac_capacity_binds": 0.6884615384615385,
  "eval/frac_allocation_triggers": 0.9528846153846153,
  "eval/retailer_cost": 77.38990384615386,
  "eval/wholesaler_cost": 97.09615384615384,
  "eval/distributor_cost": 124.12307692307691,
  "eval/factory_cost": 140.11634615384614,
  "eval/bullwhip_retailer": 2.028262750832687,
  "eval/bullwhip_wholesaler": 2.8826093980764043,
  "eval/bullwhip_distributor": 3.5625107731039285,
  "eval/bullwhip_factory": 4.390918125241843,
  "eval/sharing_rate": 0.5913461538461539,
  "eval/honesty_score": -0.03522513310450903,
  "eval/inflation_rate": 0.27
}