{
  "eval/mean_system_cost": 839.1360576923076,
  "eval/std_system_cost": 222.65719546980824,
  "eval/frac_actions_at_cap": 0.0,
  "eval/frac_capacity_binds": 0.7067307692307693,
  "eval/frac_allocation_triggers": 0.9576923076923077,
  "eval/retailer_a_cost": 60.7875,
  "eval/retailer_b_cost": 51.87019230769231,
  "eval/wholesaler_cost": 261.3014423076923,
  "eval/distributor_cost": 236.30048076923077,
  "eval/factory_cost": 228.8764423076923,
  "eval/bullwhip_retailer_a": 0.8009487317039367,
  "eval/bullwhip_retailer_b": 0.6909377232115117,
  "eval/bullwhip_wholesaler": 2.8947287843032092,
  "eval/bullwhip_distributor": 3.858675044097144,
  "eval/bullwhip_factory": 4.762321275448172,
  "eval/sharing_rate": 0.3538461538461538,
  "eval/honesty_score": -0.048256493763249045,
  "eval/inflation_rate": 0.24497991967871485
}