{
  "eval/mean_system_cost": 110.55913461538462,
  "eval/std_system_cost": 19.34898001679826,
  "eval/frac_actions_at_cap": 0.0,
  "eval/frac_capacity_binds": 0.0,
  "eval/frac_allocation_triggers": 0.7673076923076924,
  "eval/retailer_a_cost": 11.053846153846155,
  "eval/retailer_b_cost": 11.33846153846154,
  "eval/wholesaler_cost": 38.892307692307696,
  "eval/distributor_cost": 28.787019230769225,
  "eval/factory_cost": 20.487500000000004,
  "eval/bullwhip_retailer_a": 1.578135415682231,
  "eval/bullwhip_retailer_b": 1.653565654554169,
  "eval/bullwhip_wholesaler": 5.620780752156758,
  "eval/bullwhip_distributor": 6.921566036585571,
  "eval/bullwhip_factory": 8.93234033471098
}