{
  "eval/mean_system_cost": 953.1134615384615,
  "eval/std_system_cost": 310.2197293067986,
  "eval/frac_actions_at_cap": 0.0,
  "eval/frac_capacity_binds": 0.7951923076923076,
  "eval/frac_allocation_triggers": 0.9673076923076923,
  "eval/retailer_a_cost": 82.55769230769232,
  "eval/retailer_b_cost": 69.99423076923077,
  "eval/wholesaler_cost": 292.8504807692308,
  "eval/distributor_cost": 253.3043269230769,
  "eval/factory_cost": 254.40673076923076,
  "eval/bullwhip_retailer_a": 0.993044369663743,
  "eval/bullwhip_retailer_b": 0.5432994323106515,
  "eval/bullwhip_wholesaler": 1.9529082398738846,
  "eval/bullwhip_distributor": 2.824879079343112,
  "eval/bullwhip_factory": 3.204030955793303
}