{
  "eval/mean_system_cost": 286.0322115384616,
  "eval/std_system_cost": 117.78406833545867,
  "eval/frac_actions_at_cap": 0.0,
  "eval/frac_capacity_binds": 0.6778846153846154,
  "eval/frac_allocation_triggers": 0.9519230769230769,
  "eval/retailer_cost": 31.839423076923076,
  "eval/wholesaler_cost": 49.11875,
  "eval/distributor_cost": 78.96826923076921,
  "eval/factory_cost": 126.10576923076924,
  "eval/bullwhip_retailer": 2.046947286723907,
  "eval/bullwhip_wholesaler": 2.993644001463288,
  "eval/bullwhip_distributor": 3.6899080607478854,
  "eval/bullwhip_factory": 4.749250510544454,
  "eval/sharing_rate": 0.49975961538461533,
  "eval/honesty_score": -0.03668331890552825,
  "eval/inflation_rate": 0.3173173173173173
}