{
  "eval/mean_system_cost": 182.12115384615385,
  "eval/std_system_cost": 58.9386174494203,
  "eval/frac_actions_at_cap": 0.0,
  "eval/frac_capacity_binds": 0.28557692307692306,
  "eval/frac_allocation_triggers": 0.9298076923076923,
  "eval/retailer_cost": 98.89182692307692,
  "eval/wholesaler_cost": 21.775961538461537,
  "eval/distributor_cost": 27.722596153846155,
  "eval/factory_cost": 33.73076923076923,
  "eval/bullwhip_retailer": 0.7821024462145314,
  "eval/bullwhip_wholesaler": 0.7827950957192233,
  "eval/bullwhip_distributor": 0.7888333879829028,
  "eval/bullwhip_factory": 0.7904631025998711
}