{
  "eval/mean_system_cost": 941.6240384615385,
  "eval/std_system_cost": 202.39111621534184,
  "eval/frac_actions_at_cap": 0.0,
  "eval/frac_capacity_binds": 0.8846153846153846,
  "eval/frac_allocation_triggers": 0.9528846153846153,
  "eval/retailer_a_cost": 61.258653846153855,
  "eval/retailer_b_cost": 79.10336538461539,
  "eval/wholesaler_cost": 211.99134615384614,
  "eval/distributor_cost": 315.70913461538464,
  "eval/factory_cost": 273.5615384615385,
  "eval/bullwhip_retailer_a": 0.47995680110163846,
  "eval/bullwhip_retailer_b": 0.33326038700896143,
  "eval/bullwhip_wholesaler": 1.9254422636754422,
  "eval/bullwhip_distributor": 2.359121454035044,
  "eval/bullwhip_factory": 3.12238742367087
}