{
  "eval/mean_system_cost": 653.2149038461539,
  "eval/std_system_cost": 178.45849643759576,
  "eval/frac_actions_at_cap": 0.0,
  "eval/frac_capacity_binds": 0.6951923076923077,
  "eval/frac_allocation_triggers": 0.9644230769230769,
  "eval/retailer_a_cost": 32.95,
  "eval/retailer_b_cost": 30.760096153846156,
  "eval/wholesaler_cost": 208.09278846153842,
  "eval/distributor_cost": 191.78076923076924,
  "eval/factory_cost": 189.63125,
  "eval/bullwhip_retailer_a": 0.878462396173554,
  "eval/bullwhip_retailer_b": 0.8217782776354466,
  "eval/bullwhip_wholesaler": 2.892849025833063,
  "eval/bullwhip_distributor": 3.9828942751411205,
  "eval/bullwhip_factory": 5.023683804320285,
  "eval/sharing_rate": 0.2965384615384615,
  "eval/honesty_score": -0.048088933861382056,
  "eval/inflation_rate": 0.24825523429710866
}