{
  "eval/mean_system_cost": 969.4235576923074,
  "eval/std_system_cost": 194.83536887352102,
  "eval/frac_actions_at_cap": 0.0,
  "eval/frac_capacity_binds": 0.7173076923076923,
  "eval/frac_allocation_triggers": 0.9586538461538462,
  "eval/retailer_a_cost": 73.35096153846155,
  "eval/retailer_b_cost": 72.47548076923076,
  "eval/wholesaler_cost": 295.375,
  "eval/distributor_cost": 272.9427884615385,
  "eval/factory_cost": 255.2793269230769,
  "eval/bullwhip_retailer_a": 0.9350327415402541,
  "eval/bullwhip_retailer_b": 0.8305509199527671,
  "eval/bullwhip_wholesaler": 2.9322664813072756,
  "eval/bullwhip_distributor": 3.8927335807164964,
  "eval/bullwhip_factory": 4.741955327998427,
  "eval/sharing_rate": 0.5201923076923077,
  "eval/honesty_score": -0.03919466939329636,
  "eval/inflation_rate": 0.2246740220661986
}