{
  "eval/mean_system_cost": 111.5596153846154,
  "eval/std_system_cost": 33.48608455355464,
  "eval/frac_actions_at_cap": 0.0,
  "eval/frac_capacity_binds": 0.04807692307692308,
  "eval/frac_allocation_triggers": 0.9038461538461539,
  "eval/retailer_cost": 92.09134615384616,
  "eval/wholesaler_cost": 7.148557692307692,
  "eval/distributor_cost": 7.100480769230769,
  "eval/factory_cost": 5.2192307692307685,
  "eval/bullwhip_retailer": 1.255134650245753,
  "eval/bullwhip_wholesaler": 1.2469714336736706,
  "eval/bullwhip_distributor": 1.2444156590480107,
  "eval/bullwhip_factory": 1.3530932491107412
}