{
  "eval/mean_system_cost": 419.3466346153846,
  "eval/std_system_cost": 83.43920426727203,
  "eval/frac_actions_at_cap": 0.0,
  "eval/frac_capacity_binds": 0.7288461538461538,
  "eval/frac_allocation_triggers": 0.9307692307692308,
  "eval/retailer_cost": 61.3389423076923,
  "eval/wholesaler_cost": 94.28942307692307,
  "eval/distributor_cost": 121.6206730769231,
  "eval/factory_cost": 142.09759615384615,
  "eval/bullwhip_retailer": 4.097234395999766,
  "eval/bullwhip_wholesaler": 6.73516037386714,
  "eval/bullwhip_distributor": 8.47497474810715,
  "eval/bullwhip_factory": 10.787624068184284,
  "eval/sharing_rate": 0.5360576923076923,
  "eval/honesty_score": -0.03655452441442026,
  "eval/inflation_rate": 0.30386178861788615
}