{
  "eval/mean_system_cost": 711.825,
  "eval/std_system_cost": 208.60266320129895,
  "eval/frac_actions_at_cap": 0.0,
  "eval/frac_capacity_binds": 0.6384615384615384,
  "eval/frac_allocation_triggers": 0.9673076923076923,
  "eval/retailer_a_cost": 87.16826923076923,
  "eval/retailer_b_cost": 71.6576923076923,
  "eval/wholesaler_cost": 200.16201923076923,
  "eval/distributor_cost": 175.9591346153846,
  "eval/factory_cost": 176.87788461538463,
  "eval/bullwhip_retailer_a": 0.9930636979616841,
  "eval/bullwhip_retailer_b": 1.0114367249494138,
  "eval/bullwhip_wholesaler": 2.746966294935266,
  "eval/bullwhip_distributor": 3.403077905827087,
  "eval/bullwhip_factory": 3.8802787356102195,
  "eval/sharing_rate": 0.47326923076923066,
  "eval/honesty_score": -0.038464709710783244,
  "eval/inflation_rate": 0.24950298210735586
}