{
  "eval/mean_system_cost": 67.43317307692307,
  "eval/std_system_cost": 22.50351375320651,
  "eval/frac_actions_at_cap": 0.0,
  "eval/frac_capacity_binds": 0.0,
  "eval/frac_allocation_triggers": 0.9163461538461538,
  "eval/retailer_cost": 23.26394230769231,
  "eval/wholesaler_cost": 22.569230769230767,
  "eval/distributor_cost": 14.748076923076923,
  "eval/factory_cost": 6.851923076923077,
  "eval/bullwhip_retailer": 2.875463655584268,
  "eval/bullwhip_wholesaler": 2.966483754538673,
  "eval/bullwhip_distributor": 3.063103396225638,
  "eval/bullwhip_factory": 3.16435547237231
}