{
  "eval/mean_system_cost": 989.5153846153846,
  "eval/std_system_cost": 206.19247723939478,
  "eval/frac_actions_at_cap": 0.0,
  "eval/frac_capacity_binds": 0.7144230769230769,
  "eval/frac_allocation_triggers": 0.9586538461538462,
  "eval/retailer_a_cost": 87.31249999999999,
  "eval/retailer_b_cost": 92.81923076923078,
  "eval/wholesaler_cost": 302.2125,
  "eval/distributor_cost": 265.0370192307692,
  "eval/factory_cost": 242.13413461538462,
  "eval/bullwhip_retailer_a": 0.7834723460584483,
  "eval/bullwhip_retailer_b": 0.8824949716795003,
  "eval/bullwhip_wholesaler": 2.81564238781912,
  "eval/bullwhip_distributor": 3.4418878620080964,
  "eval/bullwhip_factory": 4.260674887262479,
  "eval/sharing_rate": 0.46961538461538455,
  "eval/honesty_score": -0.04108244001674714,
  "eval/inflation_rate": 0.23246492985971945
}