{
  "eval/mean_system_cost": 1008.44375,
  "eval/std_system_cost": 222.91014068005322,
  "eval/frac_actions_at_cap": 0.0,
  "eval/frac_capacity_binds": 0.725,
  "eval/frac_allocation_triggers": 0.9567307692307693,
  "eval/retailer_a_cost": 75.99471153846154,
  "eval/retailer_b_cost": 84.42836538461538,
  "eval/wholesaler_cost": 306.86009615384614,
  "eval/distributor_cost": 277.84759615384615,
  "eval/factory_cost": 263.31298076923076,
  "eval/bullwhip_retailer_a": 0.8982660647484214,
  "eval/bullwhip_retailer_b": 0.8982999761409133,
  "eval/bullwhip_wholesaler": 3.090562015391736,
  "eval/bullwhip_distributor": 3.890236116144367,
  "eval/bullwhip_factory": 4.681931296864502,
  "eval/sharing_rate": 0.45076923076923076,
  "eval/honesty_score": -0.03962663556739544,
  "eval/inflation_rate": 0.26278836509528586
}