{
  "eval/mean_system_cost": 969.0980769230771,
  "eval/std_system_cost": 78.2300006580505,
  "eval/frac_actions_at_cap": 0.0,
  "eval/frac_capacity_binds": 0.8653846153846154,
  "eval/frac_allocation_triggers": 0.9605769230769231,
  "eval/retailer_cost": 18.970192307692308,
  "eval/wholesaler_cost": 197.3201923076923,
  "eval/distributor_cost": 345.5413461538461,
  "eval/factory_cost": 407.26634615384614,
  "eval/bullwhip_retailer": 1.1386765831624275,
  "eval/bullwhip_wholesaler": 4.122364466484704,
  "eval/bullwhip_distributor": 9.228873565287078,
  "eval/bullwhip_factory": 20.013096389725096
}