{
  "eval/mean_system_cost": 121.91394230769231,
  "eval/std_system_cost": 27.50623340378031,
  "eval/frac_actions_at_cap": 0.0,
  "eval/frac_capacity_binds": 0.12692307692307692,
  "eval/frac_allocation_triggers": 0.9336538461538462,
  "eval/retailer_cost": 104.5216346153846,
  "eval/wholesaler_cost": 6.6745192307692305,
  "eval/distributor_cost": 6.538942307692308,
  "eval/factory_cost": 4.178846153846154,
  "eval/bullwhip_retailer": 1.0355359473984707,
  "eval/bullwhip_wholesaler": 1.0324375694289483,
  "eval/bullwhip_distributor": 1.0343788742645168,
  "eval/bullwhip_factory": 1.0374981683222197
}