{
  "eval/mean_system_cost": 32.46346153846154,
  "eval/std_system_cost": 9.843413737564612,
  "eval/frac_actions_at_cap": 0.0,
  "eval/frac_capacity_binds": 0.0,
  "eval/frac_allocation_triggers": 0.7182692307692308,
  "eval/retailer_cost": 7.858653846153845,
  "eval/wholesaler_cost": 8.76875,
  "eval/distributor_cost": 8.88221153846154,
  "eval/factory_cost": 6.953846153846153,
  "eval/bullwhip_retailer": 3.6906067494116845,
  "eval/bullwhip_wholesaler": 5.5832651712814245,
  "eval/bullwhip_distributor": 7.081152073410053,
  "eval/bullwhip_factory": 7.454012225248581,
  "eval/sharing_rate": 0.46298076923076925,
  "eval/honesty_score": -0.04480901107949826,
  "eval/inflation_rate": 0.21285140562248997
}