{
  "eval/mean_system_cost": 362.8086538461539,
  "eval/std_system_cost": 65.44314030218099,
  "eval/frac_actions_at_cap": 0.0,
  "eval/frac_capacity_binds": 0.6913461538461538,
  "eval/frac_allocation_triggers": 0.9403846153846154,
  "eval/retailer_cost": 55.13750000000001,
  "eval/wholesaler_cost": 72.84567307692308,
  "eval/distributor_cost": 105.14471153846152,
  "eval/factory_cost": 129.68076923076924,
  "eval/bullwhip_retailer": 3.954955216022289,
  "eval/bullwhip_wholesaler": 6.272587754546917,
  "eval/bullwhip_distributor": 7.894748121679711,
  "eval/bullwhip_factory": 10.018834720178704,
  "eval/sharing_rate": 0.5052884615384616,
  "eval/honesty_score": -0.03636808411133404,
  "eval/inflation_rate": 0.29547738693467335
}