{
  "eval/mean_system_cost": 892.498076923077,
  "eval/std_system_cost": 285.54722454031577,
  "eval/frac_actions_at_cap": 0.0,
  "eval/frac_capacity_binds": 0.7134615384615385,
  "eval/frac_allocation_triggers": 0.9721153846153846,
  "eval/retailer_a_cost": 80.01298076923078,
  "eval/retailer_b_cost": 70.1221153846154,
  "eval/wholesaler_cost": 270.81634615384615,
  "eval/distributor_cost": 241.86682692307696,
  "eval/factory_cost": 229.67980769230766,
  "eval/bullwhip_retailer_a": 1.1441454004508036,
  "eval/bullwhip_retailer_b": 0.9781696005841214,
  "eval/bullwhip_wholesaler": 2.9370347675737607,
  "eval/bullwhip_distributor": 3.7567993099005648,
  "eval/bullwhip_factory": 4.532601743522754,
  "eval/sharing_rate": 0.575,
  "eval/honesty_score": -0.04049982202246292,
  "eval/inflation_rate": 0.2324431256181998
}