{
  "eval/mean_system_cost": 266.8346153846154,
  "eval/std_system_cost": 84.243329905138,
  "eval/frac_actions_at_cap": 0.0,
  "eval/frac_capacity_binds": 0.051923076923076926,
  "eval/frac_allocation_triggers": 0.9634615384615385,
  "eval/retailer_a_cost": 94.35,
  "eval/retailer_b_cost": 45.28173076923077,
  "eval/wholesaler_cost": 63.4125,
  "eval/distributor_cost": 42.42211538461538,
  "eval/factory_cost": 21.36826923076923,
  "eval/bullwhip_retailer_a": 0.3733376043783203,
  "eval/bullwhip_retailer_b": 0.5461947900282842,
  "eval/bullwhip_wholesaler": 0.9686476626259796,
  "eval/bullwhip_distributor": 1.043866502701854,
  "eval/bullwhip_factory": 1.1014095872373242
}