{
  "eval/mean_system_cost": 1248.6110576923074,
  "eval/std_system_cost": 220.03888355518254,
  "eval/frac_actions_at_cap": 0.0,
  "eval/frac_capacity_binds": 0.8653846153846154,
  "eval/frac_allocation_triggers": 0.9807692307692307,
  "eval/retailer_a_cost": 36.309615384615384,
  "eval/retailer_b_cost": 33.73125,
  "eval/wholesaler_cost": 413.70576923076925,
  "eval/distributor_cost": 342.4961538461538,
  "eval/factory_cost": 422.3682692307692,
  "eval/bullwhip_retailer_a": 0.5544387365919845,
  "eval/bullwhip_retailer_b": 0.5497725109525513,
  "eval/bullwhip_wholesaler": 1.8789930561415293,
  "eval/bullwhip_distributor": 3.9267663889573297,
  "eval/bullwhip_factory": 6.588128353058614
}