{
  "eval/mean_system_cost": 1082.2437499999999,
  "eval/std_system_cost": 400.9484619970981,
  "eval/frac_actions_at_cap": 0.0,
  "eval/frac_capacity_binds": 0.7826923076923077,
  "eval/frac_allocation_triggers": 0.9673076923076923,
  "eval/retailer_a_cost": 62.212019230769236,
  "eval/retailer_b_cost": 53.87932692307692,
  "eval/wholesaler_cost": 299.8995192307693,
  "eval/distributor_cost": 307.025,
  "eval/factory_cost": 359.22788461538465,
  "eval/bullwhip_retailer_a": 0.9721658039051193,
  "eval/bullwhip_retailer_b": 1.1306699524203951,
  "eval/bullwhip_wholesaler": 3.7956388422706597,
  "eval/bullwhip_distributor": 5.823840807014966,
  "eval/bullwhip_factory": 9.16730254909844
}