{
  "eval/mean_system_cost": 169.87980769230768,
  "eval/std_system_cost": 51.01335178985791,
  "eval/frac_actions_at_cap": 0.0,
  "eval/frac_capacity_binds": 0.0,
  "eval/frac_allocation_triggers": 0.9365384615384615,
  "eval/retailer_a_cost": 29.86201923076923,
  "eval/retailer_b_cost": 42.37692307692309,
  "eval/wholesaler_cost": 34.300961538461536,
  "eval/distributor_cost": 39.71730769230769,
  "eval/factory_cost": 23.622596153846153,
  "eval/bullwhip_retailer_a": 0.5455922128721985,
  "eval/bullwhip_retailer_b": 0.5290664863357526,
  "eval/bullwhip_wholesaler": 1.5788632612725781,
  "eval/bullwhip_distributor": 2.7648034788996827,
  "eval/bullwhip_factory": 4.570802077659819
}