{
  "eval/mean_system_cost": 296.8067307692308,
  "eval/std_system_cost": 66.60489381136179,
  "eval/retailer_cost": 31.458653846153844,
  "eval/wholesaler_cost": 54.72115384615385,
  "eval/distributor_cost": 86.64134615384617,
  "eval/factory_cost": 123.9855769230769,
  "eval/bullwhip_retailer": 1.8202613681183188,
  "eval/bullwhip_wholesaler": 2.2942574268572975,
  "eval/bullwhip_distributor": 3.1608818674293038,
  "eval/bullwhip_factory": 3.936749676669697,
  "eval/sharing_rate": 0.6262019230769231,
  "eval/honesty_score": -0.07847583485877364,
  "eval/inflation_rate": 0.272
}