{
  "eval/mean_system_cost": 367.47596153846155,
  "eval/std_system_cost": 96.55961984176764,
  "eval/frac_actions_at_cap": 0.0,
  "eval/frac_capacity_binds": 0.7048076923076924,
  "eval/frac_allocation_triggers": 0.9538461538461539,
  "eval/retailer_cost": 42.25480769230769,
  "eval/wholesaler_cost": 66.98798076923076,
  "eval/distributor_cost": 103.11971153846154,
  "eval/factory_cost": 155.11346153846154,
  "eval/bullwhip_retailer": 2.018501127993086,
  "eval/bullwhip_wholesaler": 3.0510415276504395,
  "eval/bullwhip_distributor": 3.76367140123509,
  "eval/bullwhip_factory": 4.908972833496687,
  "eval/sharing_rate": 0.507451923076923,
  "eval/honesty_score": -0.037845151430907116,
  "eval/inflation_rate": 0.2991967871485944
}