{
  "eval/mean_system_cost": 1365.210576923077,
  "eval/std_system_cost": 207.51561351617752,
  "eval/frac_actions_at_cap": 0.0,
  "eval/frac_capacity_binds": 0.7923076923076923,
  "eval/frac_allocation_triggers": 0.948076923076923,
  "eval/retailer_a_cost": 53.10288461538461,
  "eval/retailer_b_cost": 59.800480769230774,
  "eval/wholesaler_cost": 371.42019230769233,
  "eval/distributor_cost": 407.0317307692307,
  "eval/factory_cost": 473.85528846153846,
  "eval/bullwhip_retailer_a": 0.5809875406217443,
  "eval/bullwhip_retailer_b": 0.5895897334016564,
  "eval/bullwhip_wholesaler": 3.5705376195812795,
  "eval/bullwhip_distributor": 6.621803931722117,
  "eval/bullwhip_factory": 9.253904861769072
}