{
  "eval/mean_system_cost": 147.82692307692307,
  "eval/std_system_cost": 36.87748324303377,
  "eval/frac_actions_at_cap": 0.0,
  "eval/frac_capacity_binds": 0.04423076923076923,
  "eval/frac_allocation_triggers": 0.9134615384615384,
  "eval/retailer_cost": 128.8610576923077,
  "eval/wholesaler_cost": 6.685576923076923,
  "eval/distributor_cost": 6.652884615384615,
  "eval/factory_cost": 5.627403846153846,
  "eval/bullwhip_retailer": 0.433651136331809,
  "eval/bullwhip_wholesaler": 0.4293516743133677,
  "eval/bullwhip_distributor": 0.42526689017591324,
  "eval/bullwhip_factory": 0.4960015866179075
}