{
  "eval/mean_system_cost": 1057.6365384615387,
  "eval/std_system_cost": 180.90732377821973,
  "eval/frac_actions_at_cap": 0.0,
  "eval/frac_capacity_binds": 0.9423076923076923,
  "eval/frac_allocation_triggers": 0.9615384615384616,
  "eval/retailer_a_cost": 61.06009615384615,
  "eval/retailer_b_cost": 45.65144230769231,
  "eval/wholesaler_cost": 166.4096153846154,
  "eval/distributor_cost": 319.3413461538462,
  "eval/factory_cost": 465.1740384615384,
  "eval/bullwhip_retailer_a": 0.37006428169766614,
  "eval/bullwhip_retailer_b": 0.31386620246865177,
  "eval/bullwhip_wholesaler": 1.5958847487947236,
  "eval/bullwhip_distributor": 2.3849040199172116,
  "eval/bullwhip_factory": 3.7137876987615672
}