{
  "eval/mean_system_cost": 62.22307692307692,
  "eval/std_system_cost": 23.749186882686267,
  "eval/frac_actions_at_cap": 0.0,
  "eval/frac_capacity_binds": 0.0,
  "eval/frac_allocation_triggers": 0.8884615384615384,
  "eval/retailer_cost": 23.996634615384615,
  "eval/wholesaler_cost": 14.991346153846152,
  "eval/distributor_cost": 10.608653846153846,
  "eval/factory_cost": 12.626442307692306,
  "eval/bullwhip_retailer": 1.1746610383300005,
  "eval/bullwhip_wholesaler": 1.314851369759189,
  "eval/bullwhip_distributor": 2.0920135968819364,
  "eval/bullwhip_factory": 1.787669675506301
}