{
  "eval/mean_system_cost": 119.3158653846154,
  "eval/std_system_cost": 30.663401879449644,
  "eval/frac_actions_at_cap": 0.0,
  "eval/frac_capacity_binds": 0.5326923076923077,
  "eval/frac_allocation_triggers": 0.8557692307692307,
  "eval/retailer_cost": 67.38413461538461,
  "eval/wholesaler_cost": 10.8125,
  "eval/distributor_cost": 7.8375,
  "eval/factory_cost": 33.28173076923076,
  "eval/bullwhip_retailer": 0.8104746556208994,
  "eval/bullwhip_wholesaler": 0.8154989456611123,
  "eval/bullwhip_distributor": 0.8153758111924692,
  "eval/bullwhip_factory": 2.443473885778146
}