{
  "eval/mean_system_cost": 52.20240384615386,
  "eval/std_system_cost": 10.606676889032135,
  "eval/frac_actions_at_cap": 0.0,
  "eval/frac_capacity_binds": 0.0,
  "eval/frac_allocation_triggers": 0.6990384615384615,
  "eval/retailer_cost": 16.53028846153846,
  "eval/wholesaler_cost": 13.329807692307691,
  "eval/distributor_cost": 13.075480769230769,
  "eval/factory_cost": 9.266826923076923,
  "eval/bullwhip_retailer": 1.9991111104382455,
  "eval/bullwhip_wholesaler": 2.9197152666807464,
  "eval/bullwhip_distributor": 3.4468718924632378,
  "eval/bullwhip_factory": 3.985679007112277,
  "eval/sharing_rate": 0.46442307692307694,
  "eval/honesty_score": -0.044516235218626146,
  "eval/inflation_rate": 0.2324621733149931
}