{
  "eval/mean_system_cost": 751.1173076923076,
  "eval/std_system_cost": 205.80833557699592,
  "eval/frac_actions_at_cap": 0.0,
  "eval/frac_capacity_binds": 0.6423076923076924,
  "eval/frac_allocation_triggers": 0.9711538461538461,
  "eval/retailer_a_cost": 84.35576923076925,
  "eval/retailer_b_cost": 88.72163461538462,
  "eval/wholesaler_cost": 208.81778846153847,
  "eval/distributor_cost": 186.26346153846154,
  "eval/factory_cost": 182.95865384615388,
  "eval/bullwhip_retailer_a": 0.9834488383209026,
  "eval/bullwhip_retailer_b": 0.9727647630526131,
  "eval/bullwhip_wholesaler": 2.578136204652631,
  "eval/bullwhip_distributor": 3.1522712686350594,
  "eval/bullwhip_factory": 3.62810674539681,
  "eval/sharing_rate": 0.49826923076923074,
  "eval/honesty_score": -0.04036227071328498,
  "eval/inflation_rate": 0.2561819980217606
}