{
  "eval/mean_system_cost": 516.6091346153846,
  "eval/std_system_cost": 153.19968213443795,
  "eval/frac_actions_at_cap": 0.0,
  "eval/frac_capacity_binds": 0.6567307692307692,
  "eval/frac_allocation_triggers": 0.9576923076923077,
  "eval/retailer_a_cost": 26.977403846153845,
  "eval/retailer_b_cost": 41.77884615384615,
  "eval/wholesaler_cost": 147.5144230769231,
  "eval/distributor_cost": 135.51971153846154,
  "eval/factory_cost": 164.81875,
  "eval/bullwhip_retailer_a": 0.8979151228832895,
  "eval/bullwhip_retailer_b": 0.9338393053828401,
  "eval/bullwhip_wholesaler": 2.9346554380965553,
  "eval/bullwhip_distributor": 3.830768340410185,
  "eval/bullwhip_factory": 4.615792987992535,
  "eval/sharing_rate": 0.51,
  "eval/honesty_score": -0.040993531576586806,
  "eval/inflation_rate": 0.2710843373493976
}