{
  "eval/mean_system_cost": 55.71538461538462,
  "eval/std_system_cost": 15.678634102105079,
  "eval/frac_actions_at_cap": 0.0,
  "eval/frac_capacity_binds": 0.0,
  "eval/frac_allocation_triggers": 0.9105769230769231,
  "eval/retailer_cost": 22.290384615384614,
  "eval/wholesaler_cost": 17.584134615384617,
  "eval/distributor_cost": 9.908653846153847,
  "eval/factory_cost": 5.932211538461537,
  "eval/bullwhip_retailer": 1.4023620458418178,
  "eval/bullwhip_wholesaler": 1.5465749125881363,
  "eval/bullwhip_distributor": 1.8653318149904743,
  "eval/bullwhip_factory": 3.862791412663565
}