{
  "eval/mean_system_cost": 790.898076923077,
  "eval/std_system_cost": 198.89228582098812,
  "eval/frac_actions_at_cap": 0.0,
  "eval/frac_capacity_binds": 0.6759615384615385,
  "eval/frac_allocation_triggers": 0.9567307692307693,
  "eval/retailer_a_cost": 75.20240384615384,
  "eval/retailer_b_cost": 92.28846153846153,
  "eval/wholesaler_cost": 222.72500000000005,
  "eval/distributor_cost": 204.93798076923082,
  "eval/factory_cost": 195.7442307692308,
  "eval/bullwhip_retailer_a": 0.8995108821347965,
  "eval/bullwhip_retailer_b": 0.9109900389986364,
  "eval/bullwhip_wholesaler": 2.782143462876861,
  "eval/bullwhip_distributor": 3.309294010373053,
  "eval/bullwhip_factory": 3.948364529583935,
  "eval/sharing_rate": 0.5134615384615384,
  "eval/honesty_score": -0.042259486056704244,
  "eval/inflation_rate": 0.26753507014028055
}