{
  "eval/mean_system_cost": 263.2548076923077,
  "eval/std_system_cost": 50.840859699436734,
  "eval/retailer_cost": 34.69086538461538,
  "eval/wholesaler_cost": 63.97211538461538,
  "eval/distributor_cost": 66.47259615384617,
  "eval/factory_cost": 98.11923076923077,
  "eval/bullwhip_retailer": 1.8039307219883862,
  "eval/bullwhip_wholesaler": 2.3628538237909282,
  "eval/bullwhip_distributor": 2.9643353606149447,
  "eval/bullwhip_factory": 3.6691181060348614,
  "eval/sharing_rate": 0.5338942307692307,
  "eval/honesty_score": -0.08139040989936222,
  "eval/inflation_rate": 0.30861723446893785
}