{
  "eval/mean_system_cost": 457.589423076923,
  "eval/std_system_cost": 137.0009673084615,
  "eval/frac_actions_at_cap": 0.0,
  "eval/frac_capacity_binds": 0.7355769230769231,
  "eval/frac_allocation_triggers": 0.9548076923076924,
  "eval/retailer_cost": 84.17548076923076,
  "eval/wholesaler_cost": 94.82692307692307,
  "eval/distributor_cost": 123.37548076923076,
  "eval/factory_cost": 155.21153846153845,
  "eval/bullwhip_retailer": 1.9211445612380524,
  "eval/bullwhip_wholesaler": 2.738946465793811,
  "eval/bullwhip_distributor": 3.407819624007228,
  "eval/bullwhip_factory": 3.9945772565091824,
  "eval/sharing_rate": 0.39374999999999993,
  "eval/honesty_score": -0.0362869224212519,
  "eval/inflation_rate": 0.26812313803376364
}