{
  "eval/mean_system_cost": 415.88653846153846,
  "eval/std_system_cost": 113.68589135636455,
  "eval/frac_actions_at_cap": 0.0,
  "eval/frac_capacity_binds": 0.6807692307692308,
  "eval/frac_allocation_triggers": 0.9528846153846153,
  "eval/retailer_cost": 78.58942307692307,
  "eval/wholesaler_cost": 82.0048076923077,
  "eval/distributor_cost": 117.64807692307693,
  "eval/factory_cost": 137.64423076923075,
  "eval/bullwhip_retailer": 1.9809066066425272,
  "eval/bullwhip_wholesaler": 2.890856276410081,
  "eval/bullwhip_distributor": 3.5843041776834137,
  "eval/bullwhip_factory": 4.301456204224948,
  "eval/sharing_rate": 0.501201923076923,
  "eval/honesty_score": -0.03729002068926095,
  "eval/inflation_rate": 0.2772772772772773
}