{
  "eval/mean_system_cost": 185.26394230769228,
  "eval/std_system_cost": 55.668098328858015,
  "eval/retailer_cost": 12.755769230769229,
  "eval/wholesaler_cost": 22.326923076923077,
  "eval/distributor_cost": 48.004326923076924,
  "eval/factory_cost": 102.17692307692309,
  "eval/bullwhip_retailer": 1.7370236022244334,
  "eval/bullwhip_wholesaler": 2.3280055562181166,
  "eval/bullwhip_distributor": 3.166247675540495,
  "eval/bullwhip_factory": 4.066879390295703,
  "eval/sharing_rate": 0.5151442307692308,
  "eval/honesty_score": -0.08311210175993515,
  "eval/inflation_rate": 0.3233233233233233
}