{
  "eval/mean_system_cost": 1489.4423076923076,
  "eval/std_system_cost": 254.15496738845152,
  "eval/frac_actions_at_cap": 0.0,
  "eval/frac_capacity_binds": 0.8846153846153846,
  "eval/frac_allocation_triggers": 0.9807692307692307,
  "eval/retailer_a_cost": 60.48125,
  "eval/retailer_b_cost": 45.71971153846154,
  "eval/wholesaler_cost": 493.1625,
  "eval/distributor_cost": 479.1807692307692,
  "eval/factory_cost": 410.8980769230769,
  "eval/bullwhip_retailer_a": 0.5260327392144425,
  "eval/bullwhip_retailer_b": 0.5256029538717499,
  "eval/bullwhip_wholesaler": 2.2767280028397066,
  "eval/bullwhip_distributor": 3.2402075249946902,
  "eval/bullwhip_factory": 4.591033553150234
}