{
  "eval/mean_system_cost": 1287.855769230769,
  "eval/std_system_cost": 196.01200178732563,
  "eval/frac_actions_at_cap": 0.0,
  "eval/frac_capacity_binds": 0.864423076923077,
  "eval/frac_allocation_triggers": 0.9615384615384616,
  "eval/retailer_a_cost": 51.06442307692307,
  "eval/retailer_b_cost": 67.77788461538462,
  "eval/wholesaler_cost": 445.6701923076923,
  "eval/distributor_cost": 389.3278846153846,
  "eval/factory_cost": 334.0153846153846,
  "eval/bullwhip_retailer_a": 0.30938163103089855,
  "eval/bullwhip_retailer_b": 0.4533599172707867,
  "eval/bullwhip_wholesaler": 1.9321990233061381,
  "eval/bullwhip_distributor": 2.597082439448437,
  "eval/bullwhip_factory": 4.8066332240733525
}