{
  "eval/mean_system_cost": 111.26298076923078,
  "eval/std_system_cost": 28.94195075089759,
  "eval/frac_actions_at_cap": 0.0,
  "eval/frac_capacity_binds": 0.17596153846153847,
  "eval/frac_allocation_triggers": 0.9346153846153846,
  "eval/retailer_cost": 91.18076923076924,
  "eval/wholesaler_cost": 6.756730769230769,
  "eval/distributor_cost": 6.408173076923077,
  "eval/factory_cost": 6.917307692307693,
  "eval/bullwhip_retailer": 1.3059833207631155,
  "eval/bullwhip_wholesaler": 1.297604549182524,
  "eval/bullwhip_distributor": 1.2955979508483868,
  "eval/bullwhip_factory": 1.3007598542266845
}