{
  "eval/mean_system_cost": 215.52115384615385,
  "eval/std_system_cost": 54.34130924225806,
  "eval/frac_actions_at_cap": 0.0,
  "eval/frac_capacity_binds": 0.0,
  "eval/frac_allocation_triggers": 0.9644230769230769,
  "eval/retailer_a_cost": 32.76682692307692,
  "eval/retailer_b_cost": 51.85144230769231,
  "eval/wholesaler_cost": 42.10961538461538,
  "eval/distributor_cost": 62.53798076923077,
  "eval/factory_cost": 26.25528846153846,
  "eval/bullwhip_retailer_a": 0.5550711845503592,
  "eval/bullwhip_retailer_b": 0.47298593025886126,
  "eval/bullwhip_wholesaler": 1.111478166950184,
  "eval/bullwhip_distributor": 2.160064978377828,
  "eval/bullwhip_factory": 3.4606868178078214
}