{
  "eval/mean_system_cost": 356.0759615384615,
  "eval/std_system_cost": 125.95714026011943,
  "eval/frac_actions_at_cap": 0.0,
  "eval/frac_capacity_binds": 0.2298076923076923,
  "eval/frac_allocation_triggers": 0.9625,
  "eval/retailer_a_cost": 61.3326923076923,
  "eval/retailer_b_cost": 58.99471153846154,
  "eval/wholesaler_cost": 110.42259615384614,
  "eval/distributor_cost": 78.61682692307691,
  "eval/factory_cost": 46.70913461538461,
  "eval/bullwhip_retailer_a": 0.5260025987829263,
  "eval/bullwhip_retailer_b": 0.5272795285298305,
  "eval/bullwhip_wholesaler": 1.220233840269591,
  "eval/bullwhip_distributor": 1.369117248276628,
  "eval/bullwhip_factory": 1.4915563145970412
}