{
  "eval/mean_system_cost": 525.9307692307693,
  "eval/std_system_cost": 132.14148782688784,
  "eval/frac_actions_at_cap": 0.0,
  "eval/frac_capacity_binds": 0.6625,
  "eval/frac_allocation_triggers": 0.948076923076923,
  "eval/retailer_a_cost": 71.76009615384615,
  "eval/retailer_b_cost": 88.98846153846156,
  "eval/wholesaler_cost": 130.7875,
  "eval/distributor_cost": 109.8798076923077,
  "eval/factory_cost": 124.51490384615386,
  "eval/bullwhip_retailer_a": 0.31691470742152966,
  "eval/bullwhip_retailer_b": 0.33584783386204314,
  "eval/bullwhip_wholesaler": 1.0712676593668653,
  "eval/bullwhip_distributor": 1.3267416776689944,
  "eval/bullwhip_factory": 1.4800830296569176
}