{
  "eval/mean_system_cost": 93.56778846153846,
  "eval/std_system_cost": 24.42772791779787,
  "eval/frac_actions_at_cap": 0.0,
  "eval/frac_capacity_binds": 0.0,
  "eval/frac_allocation_triggers": 0.7519230769230769,
  "eval/retailer_a_cost": 11.401442307692308,
  "eval/retailer_b_cost": 11.16778846153846,
  "eval/wholesaler_cost": 32.64855769230769,
  "eval/distributor_cost": 24.327884615384615,
  "eval/factory_cost": 14.022115384615384,
  "eval/bullwhip_retailer_a": 0.8552704942992602,
  "eval/bullwhip_retailer_b": 0.9510235486464311,
  "eval/bullwhip_wholesaler": 3.2097191736189923,
  "eval/bullwhip_distributor": 4.033417329700789,
  "eval/bullwhip_factory": 4.949405429334483,
  "eval/sharing_rate": 0.5567307692307691,
  "eval/honesty_score": -0.05893323487917072,
  "eval/inflation_rate": 0.28388746803069054
}