{
  "eval/mean_system_cost": 433.10625,
  "eval/std_system_cost": 167.54168530119077,
  "eval/frac_actions_at_cap": 0.0,
  "eval/frac_capacity_binds": 0.4576923076923077,
  "eval/frac_allocation_triggers": 0.9673076923076923,
  "eval/retailer_a_cost": 70.27259615384615,
  "eval/retailer_b_cost": 64.55192307692309,
  "eval/wholesaler_cost": 128.09471153846155,
  "eval/distributor_cost": 99.40721153846155,
  "eval/factory_cost": 70.77980769230768,
  "eval/bullwhip_retailer_a": 0.5545494725594912,
  "eval/bullwhip_retailer_b": 0.5432994323106515,
  "eval/bullwhip_wholesaler": 1.2203368285754277,
  "eval/bullwhip_distributor": 1.3652158290636704,
  "eval/bullwhip_factory": 1.4788930090558248
}