{
  "eval/mean_system_cost": 326.78269230769234,
  "eval/std_system_cost": 62.38938565122972,
  "eval/retailer_cost": 43.846634615384616,
  "eval/wholesaler_cost": 63.27740384615383,
  "eval/distributor_cost": 89.32932692307692,
  "eval/factory_cost": 130.32932692307693,
  "eval/bullwhip_retailer": 1.7299158134922514,
  "eval/bullwhip_wholesaler": 2.1653842318463687,
  "eval/bullwhip_distributor": 2.99691600882182,
  "eval/bullwhip_factory": 3.7866736178735314,
  "eval/sharing_rate": 0.6295673076923076,
  "eval/honesty_score": -0.07728710598459321,
  "eval/inflation_rate": 0.2595190380761523
}