{
  "eval/mean_system_cost": 752.5793269230769,
  "eval/std_system_cost": 168.0492637225039,
  "eval/frac_actions_at_cap": 0.0,
  "eval/frac_capacity_binds": 0.6846153846153846,
  "eval/frac_allocation_triggers": 0.9605769230769231,
  "eval/retailer_a_cost": 39.87307692307692,
  "eval/retailer_b_cost": 37.924519230769235,
  "eval/wholesaler_cost": 252.58125000000004,
  "eval/distributor_cost": 215.72596153846158,
  "eval/factory_cost": 206.47451923076923,
  "eval/bullwhip_retailer_a": 0.8277460149621627,
  "eval/bullwhip_retailer_b": 0.7646381092835436,
  "eval/bullwhip_wholesaler": 3.0367674526065493,
  "eval/bullwhip_distributor": 3.908537890318515,
  "eval/bullwhip_factory": 4.855714067619486,
  "eval/sharing_rate": 0.2967307692307692,
  "eval/honesty_score": -0.04842183587161522,
  "eval/inflation_rate": 0.23423423423423423
}