{
  "eval/mean_system_cost": 340.5817307692308,
  "eval/std_system_cost": 90.01965076089724,
  "eval/frac_actions_at_cap": 0.0,
  "eval/frac_capacity_binds": 0.24903846153846154,
  "eval/frac_allocation_triggers": 0.9538461538461539,
  "eval/retailer_a_cost": 67.16490384615385,
  "eval/retailer_b_cost": 76.64374999999998,
  "eval/wholesaler_cost": 88.56778846153846,
  "eval/distributor_cost": 65.61298076923077,
  "eval/factory_cost": 42.5923076923077,
  "eval/bullwhip_retailer_a": 0.30804804661277235,
  "eval/bullwhip_retailer_b": 0.3600676125408194,
  "eval/bullwhip_wholesaler": 1.0146461401855678,
  "eval/bullwhip_distributor": 1.1106365990981215,
  "eval/bullwhip_factory": 1.1999551299863496
}