{
  "eval/mean_system_cost": 224.4793269230769,
  "eval/std_system_cost": 37.49930771981806,
  "eval/frac_actions_at_cap": 0.0,
  "eval/frac_capacity_binds": 0.0,
  "eval/frac_allocation_triggers": 0.9538461538461539,
  "eval/retailer_a_cost": 27.35336538461538,
  "eval/retailer_b_cost": 57.695673076923086,
  "eval/wholesaler_cost": 39.385096153846156,
  "eval/distributor_cost": 67.60769230769232,
  "eval/factory_cost": 32.4375,
  "eval/bullwhip_retailer_a": 0.30804804661277235,
  "eval/bullwhip_retailer_b": 0.34845452614166195,
  "eval/bullwhip_wholesaler": 1.0777151485838032,
  "eval/bullwhip_distributor": 1.9679043652593307,
  "eval/bullwhip_factory": 3.2562249550016293
}