{
  "config": {
    "regime": "C",
    "horizon": 52,
    "total_timesteps": 400000,
    "n_envs": 64,
    "rollout_steps": 128,
    "update_epochs": 4,
    "minibatch_size": 2048,
    "gamma": 0.99,
    "gae_lambda": 0.95,
    "clip_coef": 0.2,
    "ent_coef": 0.01,
    "vf_coef": 0.5,
    "max_grad_norm": 0.5,
    "learning_rate": 0.0003,
    "hidden": 256,
    "order_cap": 128,
    "action_mode": "relative",
    "action_delta_max": 8,
    "claim_delta_max": 8,
    "reward_scale": 0.1,
    "demand": "ar1",
    "topology": "y",
    "capacity_mult": null,
    "rationing": "proportional",
    "seed": 1,
    "device": "cpu",
    "log_every": 10,
    "eval_every": 10,
    "eval_episodes": 8,
    "out_dir": "artifacts/runs/ippo/tier1_v11",
    "run_name": "regimeC_topoy_capinf_ratproportional_demar1_seed1",
    "boundary_warn_frac": 0.05
  },
  "git_sha": "444811133fcd635b68779b05ca0bbe250a1c6c90",
  "obs_dim": 12,
  "n_order": 17,
  "signaling": false,
  "capacity": null,
  "topology": "y",
  "roles": [
    "retailer_a",
    "retailer_b",
    "wholesaler",
    "distributor",
    "factory"
  ],
  "independent_policies": true,
  "shared_critic": false,
  "demand_info_value": {
    "uniform": {
      "process": "uniform",
      "mse_blind": 21.20496663194686,
      "mse_informed": 21.204980392156862,
      "mse_reduction": -1.3760210002544682e-05,
      "relative_mse_reduction": -6.489144850534167e-07,
      "lag1_r2": 0.0002674869309184924,
      "mean": 7.5029615384615385,
      "var": 21.208145075443788,
      "n_pairs": 25500.0
    },
    "ar1": {
      "process": "ar1",
      "mse_blind": 7.9710263407587885,
      "mse_informed": 4.136293725490196,
      "mse_reduction": 3.8347326152685923,
      "relative_mse_reduction": 0.4810839221117856,
      "lag1_r2": 0.4810960136210928,
      "mean": 7.513923076923077,
      "var": 7.8989599940828406,
      "n_pairs": 25500.0
    },
    "regime_switch": {
      "process": "regime_switch",
      "mse_blind": 18.42334454678617,
      "mse_informed": 8.306793121848578,
      "mse_reduction": 10.11655142493759,
      "relative_mse_reduction": 0.5491159001692967,
      "lag1_r2": 0.4899912258041442,
      "mean": 8.003807692307692,
      "var": 18.428562424556212,
      "n_pairs": 25500.0
    },
    "classic_step": {
      "process": "classic_step",
      "mse_blind": 0.8910546467107553,
      "mse_informed": 0.3137254901960784,
      "mse_reduction": 0.5773291565146769,
      "relative_mse_reduction": 0.6479166666666667,
      "lag1_r2": 0.734375,
      "mean": 7.6923076923076925,
      "var": 1.136094674556213,
      "n_pairs": 25500.0
    }
  },
  "order_cap_recommendation": {
    "suggested_hard_cap": 128,
    "d_hi_approx": 16.0,
    "max_plausible_need_abs": 176.0,
    "relative_ratchet_horizon": 432.0,
    "rationale": "Fallback d_hi=16.0; cap=128."
  }
}