{
  "eval/mean_system_cost": 1177.926923076923,
  "eval/std_system_cost": 170.4455938862073,
  "eval/frac_actions_at_cap": 0.0,
  "eval/frac_capacity_binds": 0.8846153846153846,
  "eval/frac_allocation_triggers": 0.9807692307692307,
  "eval/retailer_a_cost": 26.30288461538462,
  "eval/retailer_b_cost": 46.025,
  "eval/wholesaler_cost": 402.5961538461539,
  "eval/distributor_cost": 382.6932692307692,
  "eval/factory_cost": 320.30961538461537,
  "eval/bullwhip_retailer_a": 0.31572598560756304,
  "eval/bullwhip_retailer_b": 0.2967065009579403,
  "eval/bullwhip_wholesaler": 1.8233836921102589,
  "eval/bullwhip_distributor": 2.5914449222075424,
  "eval/bullwhip_factory": 3.675954527483173
}