{
  "eval/mean_system_cost": 1326.1586538461538,
  "eval/std_system_cost": 185.60696908273246,
  "eval/frac_actions_at_cap": 0.0,
  "eval/frac_capacity_binds": 0.8615384615384616,
  "eval/frac_allocation_triggers": 0.9807692307692307,
  "eval/retailer_a_cost": 34.090384615384615,
  "eval/retailer_b_cost": 35.04903846153846,
  "eval/wholesaler_cost": 455.1461538461538,
  "eval/distributor_cost": 389.6182692307692,
  "eval/factory_cost": 412.25480769230774,
  "eval/bullwhip_retailer_a": 0.3121017546216644,
  "eval/bullwhip_retailer_b": 0.30611994321155944,
  "eval/bullwhip_wholesaler": 1.8443472024073322,
  "eval/bullwhip_distributor": 3.672494192121729,
  "eval/bullwhip_factory": 4.611482655453697
}