{
  "eval/mean_system_cost": 1186.3855769230768,
  "eval/std_system_cost": 75.18100660820376,
  "eval/frac_actions_at_cap": 0.0,
  "eval/frac_capacity_binds": 0.9615384615384616,
  "eval/frac_allocation_triggers": 0.9461538461538461,
  "eval/retailer_cost": 43.27596153846154,
  "eval/wholesaler_cost": 233.0,
  "eval/distributor_cost": 387.26346153846157,
  "eval/factory_cost": 522.8461538461538,
  "eval/bullwhip_retailer": 1.681321251380854,
  "eval/bullwhip_wholesaler": 3.422238917688568,
  "eval/bullwhip_distributor": 7.407387604729269,
  "eval/bullwhip_factory": 11.855370514136885
}