{
  "eval/mean_system_cost": 155.24519230769232,
  "eval/std_system_cost": 16.801087446534364,
  "eval/frac_actions_at_cap": 0.0,
  "eval/frac_capacity_binds": 0.0,
  "eval/frac_allocation_triggers": 0.7086538461538462,
  "eval/retailer_a_cost": 9.217307692307694,
  "eval/retailer_b_cost": 27.084615384615383,
  "eval/wholesaler_cost": 73.8283653846154,
  "eval/distributor_cost": 32.46634615384615,
  "eval/factory_cost": 12.648557692307694,
  "eval/bullwhip_retailer_a": 0.4706474998256549,
  "eval/bullwhip_retailer_b": 0.2812045985969868,
  "eval/bullwhip_wholesaler": 1.528864254855725,
  "eval/bullwhip_distributor": 1.9429710589805773,
  "eval/bullwhip_factory": 2.3478471052323164
}