{
  "eval/mean_system_cost": 1302.9048076923077,
  "eval/std_system_cost": 342.7611921791763,
  "eval/frac_actions_at_cap": 0.0,
  "eval/frac_capacity_binds": 0.8201923076923077,
  "eval/frac_allocation_triggers": 0.9644230769230769,
  "eval/retailer_a_cost": 91.90336538461538,
  "eval/retailer_b_cost": 77.66826923076924,
  "eval/wholesaler_cost": 426.44375,
  "eval/distributor_cost": 377.31875,
  "eval/factory_cost": 329.5706730769231,
  "eval/bullwhip_retailer_a": 0.7799038320074334,
  "eval/bullwhip_retailer_b": 0.9436363725669179,
  "eval/bullwhip_wholesaler": 2.7152281195109462,
  "eval/bullwhip_distributor": 3.2993849880487565,
  "eval/bullwhip_factory": 3.80509102641314
}