{
  "eval/mean_system_cost": 735.0466346153846,
  "eval/std_system_cost": 137.85742001532662,
  "eval/frac_actions_at_cap": 0.0,
  "eval/frac_capacity_binds": 0.8846153846153846,
  "eval/frac_allocation_triggers": 0.9663461538461539,
  "eval/retailer_cost": 32.93798076923077,
  "eval/wholesaler_cost": 106.97307692307693,
  "eval/distributor_cost": 240.42980769230766,
  "eval/factory_cost": 354.7057692307692,
  "eval/bullwhip_retailer": 1.334703125471737,
  "eval/bullwhip_wholesaler": 1.5157865768199696,
  "eval/bullwhip_distributor": 3.119328328112409,
  "eval/bullwhip_factory": 5.947648256169091
}