{
  "eval/mean_system_cost": 478.3725961538461,
  "eval/std_system_cost": 214.46576368554258,
  "eval/frac_actions_at_cap": 0.0,
  "eval/frac_capacity_binds": 0.6230769230769231,
  "eval/frac_allocation_triggers": 0.975,
  "eval/retailer_a_cost": 39.66105769230769,
  "eval/retailer_b_cost": 40.716346153846146,
  "eval/wholesaler_cost": 129.0658653846154,
  "eval/distributor_cost": 125.73653846153846,
  "eval/factory_cost": 143.1927884615385,
  "eval/bullwhip_retailer_a": 1.0638436822971349,
  "eval/bullwhip_retailer_b": 1.0702502599323007,
  "eval/bullwhip_wholesaler": 2.9325192555810617,
  "eval/bullwhip_distributor": 3.829798473393927,
  "eval/bullwhip_factory": 4.723523284160241,
  "eval/sharing_rate": 0.45673076923076916,
  "eval/honesty_score": -0.04017484299974458,
  "eval/inflation_rate": 0.28106508875739644
}