{
  "eval/mean_system_cost": 812.2913461538462,
  "eval/std_system_cost": 153.03741795816882,
  "eval/frac_actions_at_cap": 0.0,
  "eval/frac_capacity_binds": 0.7028846153846153,
  "eval/frac_allocation_triggers": 0.9586538461538462,
  "eval/retailer_a_cost": 65.6591346153846,
  "eval/retailer_b_cost": 33.39182692307692,
  "eval/wholesaler_cost": 261.2115384615385,
  "eval/distributor_cost": 234.73701923076925,
  "eval/factory_cost": 217.29182692307694,
  "eval/bullwhip_retailer_a": 0.7636871283543789,
  "eval/bullwhip_retailer_b": 0.7295003775203509,
  "eval/bullwhip_wholesaler": 2.947221090545117,
  "eval/bullwhip_distributor": 3.8542045685645014,
  "eval/bullwhip_factory": 4.663785977582497,
  "eval/sharing_rate": 0.29153846153846147,
  "eval/honesty_score": -0.048463684603024804,
  "eval/inflation_rate": 0.23671013039117353
}