{
  "eval/mean_system_cost": 928.9110576923076,
  "eval/std_system_cost": 175.02741086243665,
  "eval/frac_actions_at_cap": 0.0,
  "eval/frac_capacity_binds": 0.7269230769230769,
  "eval/frac_allocation_triggers": 0.9596153846153846,
  "eval/retailer_a_cost": 57.608173076923094,
  "eval/retailer_b_cost": 54.28701923076924,
  "eval/wholesaler_cost": 306.7009615384615,
  "eval/distributor_cost": 266.09663461538463,
  "eval/factory_cost": 244.21826923076918,
  "eval/bullwhip_retailer_a": 0.8158119588791388,
  "eval/bullwhip_retailer_b": 0.7523213398025479,
  "eval/bullwhip_wholesaler": 3.019918823611695,
  "eval/bullwhip_distributor": 3.900967529766986,
  "eval/bullwhip_factory": 4.755503133420622,
  "eval/sharing_rate": 0.4448076923076923,
  "eval/honesty_score": -0.041726995631479795,
  "eval/inflation_rate": 0.23947895791583165
}