{
  "eval/mean_system_cost": 1276.8475961538463,
  "eval/std_system_cost": 371.58033344833404,
  "eval/frac_actions_at_cap": 0.0,
  "eval/frac_capacity_binds": 0.8115384615384615,
  "eval/frac_allocation_triggers": 0.9644230769230769,
  "eval/retailer_a_cost": 52.314423076923084,
  "eval/retailer_b_cost": 55.78653846153846,
  "eval/wholesaler_cost": 307.18798076923076,
  "eval/distributor_cost": 392.38221153846155,
  "eval/factory_cost": 469.17644230769235,
  "eval/bullwhip_retailer_a": 0.7447437453631984,
  "eval/bullwhip_retailer_b": 1.1891068721522302,
  "eval/bullwhip_wholesaler": 4.123107492582598,
  "eval/bullwhip_distributor": 6.948860604037284,
  "eval/bullwhip_factory": 10.703700242486283
}