{
  "eval/mean_system_cost": 281.5394230769231,
  "eval/std_system_cost": 69.13289802750897,
  "eval/frac_actions_at_cap": 0.0,
  "eval/frac_capacity_binds": 0.13942307692307693,
  "eval/frac_allocation_triggers": 0.9538461538461539,
  "eval/retailer_a_cost": 77.78990384615386,
  "eval/retailer_b_cost": 64.60769230769232,
  "eval/wholesaler_cost": 65.21538461538461,
  "eval/distributor_cost": 46.433173076923076,
  "eval/factory_cost": 27.493269230769226,
  "eval/bullwhip_retailer_a": 0.4019402146836336,
  "eval/bullwhip_retailer_b": 0.36025434803798545,
  "eval/bullwhip_wholesaler": 1.1978497545615476,
  "eval/bullwhip_distributor": 1.2454915604109278,
  "eval/bullwhip_factory": 1.2888931080340926
}