{
  "eval/mean_system_cost": 882.8581730769231,
  "eval/std_system_cost": 266.11624020249116,
  "eval/frac_actions_at_cap": 0.0,
  "eval/frac_capacity_binds": 0.7019230769230769,
  "eval/frac_allocation_triggers": 0.9721153846153846,
  "eval/retailer_a_cost": 70.47067307692308,
  "eval/retailer_b_cost": 65.94567307692307,
  "eval/wholesaler_cost": 280.18125,
  "eval/distributor_cost": 245.1764423076923,
  "eval/factory_cost": 221.0841346153846,
  "eval/bullwhip_retailer_a": 1.0899518131693093,
  "eval/bullwhip_retailer_b": 1.0577638768297466,
  "eval/bullwhip_wholesaler": 3.0544948774330765,
  "eval/bullwhip_distributor": 3.742270446319703,
  "eval/bullwhip_factory": 4.504741462508092,
  "eval/sharing_rate": 0.4901923076923077,
  "eval/honesty_score": -0.04152588078978548,
  "eval/inflation_rate": 0.22354104846686448
}