{
  "eval/mean_system_cost": 838.9735576923078,
  "eval/std_system_cost": 152.9032758893362,
  "eval/frac_actions_at_cap": 0.0,
  "eval/frac_capacity_binds": 0.8076923076923077,
  "eval/frac_allocation_triggers": 0.948076923076923,
  "eval/retailer_a_cost": 34.81875,
  "eval/retailer_b_cost": 49.98028846153845,
  "eval/wholesaler_cost": 175.79519230769228,
  "eval/distributor_cost": 243.25576923076923,
  "eval/factory_cost": 335.1235576923076,
  "eval/bullwhip_retailer_a": 0.6562972079890596,
  "eval/bullwhip_retailer_b": 0.4342761385273701,
  "eval/bullwhip_wholesaler": 2.441668934458645,
  "eval/bullwhip_distributor": 4.360872224488522,
  "eval/bullwhip_factory": 6.8871345448302455
}