{
  "eval/mean_system_cost": 520.6552884615384,
  "eval/std_system_cost": 199.2072357712129,
  "eval/frac_actions_at_cap": 0.0,
  "eval/frac_capacity_binds": 0.6,
  "eval/frac_allocation_triggers": 0.9711538461538461,
  "eval/retailer_a_cost": 52.10625000000001,
  "eval/retailer_b_cost": 53.26730769230769,
  "eval/wholesaler_cost": 149.1985576923077,
  "eval/distributor_cost": 133.81634615384615,
  "eval/factory_cost": 132.2668269230769,
  "eval/bullwhip_retailer_a": 0.996700827553319,
  "eval/bullwhip_retailer_b": 1.0140378810114286,
  "eval/bullwhip_wholesaler": 2.674485280001858,
  "eval/bullwhip_distributor": 3.3201948145421047,
  "eval/bullwhip_factory": 4.115390095644131,
  "eval/sharing_rate": 0.4976923076923076,
  "eval/honesty_score": -0.04243417321425553,
  "eval/inflation_rate": 0.27722772277227725
}