{
  "eval/mean_system_cost": 42.146634615384606,
  "eval/std_system_cost": 7.683195850327015,
  "eval/retailer_cost": 8.65,
  "eval/wholesaler_cost": 11.273076923076925,
  "eval/distributor_cost": 12.074519230769234,
  "eval/factory_cost": 10.14903846153846,
  "eval/bullwhip_retailer": 1.84272881811146,
  "eval/bullwhip_wholesaler": 2.5254980003351464,
  "eval/bullwhip_distributor": 2.8916695316551655,
  "eval/bullwhip_factory": 3.4196884128564085,
  "eval/sharing_rate": 0.4610576923076922,
  "eval/honesty_score": -0.10309201334597033,
  "eval/inflation_rate": 0.2325268817204301
}