{
  "eval/mean_system_cost": 52.783173076923084,
  "eval/std_system_cost": 22.133225971187343,
  "eval/frac_actions_at_cap": 0.0,
  "eval/frac_capacity_binds": 0.0,
  "eval/frac_allocation_triggers": 0.7115384615384616,
  "eval/retailer_cost": 17.37403846153846,
  "eval/wholesaler_cost": 17.61009615384615,
  "eval/distributor_cost": 10.388461538461538,
  "eval/factory_cost": 7.410576923076924,
  "eval/bullwhip_retailer": 1.9527604777920555,
  "eval/bullwhip_wholesaler": 2.570602752804906,
  "eval/bullwhip_distributor": 4.362803223260144,
  "eval/bullwhip_factory": 3.9577191565655525
}