{
  "eval/mean_system_cost": 1240.7014423076926,
  "eval/std_system_cost": 154.2789243436231,
  "eval/frac_actions_at_cap": 0.0,
  "eval/frac_capacity_binds": 0.9038461538461539,
  "eval/frac_allocation_triggers": 0.9615384615384616,
  "eval/retailer_a_cost": 29.70480769230769,
  "eval/retailer_b_cost": 33.878846153846155,
  "eval/wholesaler_cost": 419.25,
  "eval/distributor_cost": 359.2394230769231,
  "eval/factory_cost": 398.6283653846154,
  "eval/bullwhip_retailer_a": 0.4119209584668496,
  "eval/bullwhip_retailer_b": 0.38709672401312445,
  "eval/bullwhip_wholesaler": 2.1177850304744656,
  "eval/bullwhip_distributor": 2.9551861300151567,
  "eval/bullwhip_factory": 4.1317312130159385
}