{
  "eval/mean_system_cost": 1215.9788461538462,
  "eval/std_system_cost": 379.9266514118646,
  "eval/frac_actions_at_cap": 0.0,
  "eval/frac_capacity_binds": 0.7990384615384616,
  "eval/frac_allocation_triggers": 0.9644230769230769,
  "eval/retailer_a_cost": 71.7971153846154,
  "eval/retailer_b_cost": 63.369711538461544,
  "eval/wholesaler_cost": 333.3100961538461,
  "eval/distributor_cost": 363.8110576923076,
  "eval/factory_cost": 383.69086538461545,
  "eval/bullwhip_retailer_a": 1.126260889464016,
  "eval/bullwhip_retailer_b": 0.7995142049032655,
  "eval/bullwhip_wholesaler": 3.6504010793738257,
  "eval/bullwhip_distributor": 5.647508218304452,
  "eval/bullwhip_factory": 6.435833592393162
}