{
  "eval/mean_system_cost": 254.64615384615382,
  "eval/std_system_cost": 60.70286348258381,
  "eval/frac_actions_at_cap": 0.0,
  "eval/frac_capacity_binds": 0.07788461538461539,
  "eval/frac_allocation_triggers": 0.95,
  "eval/retailer_a_cost": 60.71490384615386,
  "eval/retailer_b_cost": 70.78028846153848,
  "eval/wholesaler_cost": 60.97548076923077,
  "eval/distributor_cost": 41.11346153846154,
  "eval/factory_cost": 21.06201923076923,
  "eval/bullwhip_retailer_a": 0.3737817150206507,
  "eval/bullwhip_retailer_b": 0.3858909849247504,
  "eval/bullwhip_wholesaler": 1.2153818367216405,
  "eval/bullwhip_distributor": 1.2774649771640632,
  "eval/bullwhip_factory": 1.3183801613250286
}