{
  "eval/mean_system_cost": 580.9653846153847,
  "eval/std_system_cost": 168.45150787884566,
  "eval/frac_actions_at_cap": 0.0,
  "eval/frac_capacity_binds": 0.6182692307692308,
  "eval/frac_allocation_triggers": 0.9596153846153846,
  "eval/retailer_a_cost": 49.23509615384615,
  "eval/retailer_b_cost": 57.572596153846156,
  "eval/wholesaler_cost": 171.2504807692308,
  "eval/distributor_cost": 152.98365384615386,
  "eval/factory_cost": 149.9235576923077,
  "eval/bullwhip_retailer_a": 0.7136080520438396,
  "eval/bullwhip_retailer_b": 0.9192840818895492,
  "eval/bullwhip_wholesaler": 2.7915685986354437,
  "eval/bullwhip_distributor": 3.5651134138518734,
  "eval/bullwhip_factory": 4.389766335882482,
  "eval/sharing_rate": 0.4573076923076922,
  "eval/honesty_score": -0.042905155572448374,
  "eval/inflation_rate": 0.27354709418837675
}