{
  "eval/mean_system_cost": 1304.6504807692309,
  "eval/std_system_cost": 208.72369863351773,
  "eval/frac_actions_at_cap": 0.0,
  "eval/frac_capacity_binds": 0.8653846153846154,
  "eval/frac_allocation_triggers": 0.9807692307692307,
  "eval/retailer_a_cost": 49.23653846153845,
  "eval/retailer_b_cost": 40.48413461538461,
  "eval/wholesaler_cost": 446.1509615384615,
  "eval/distributor_cost": 380.4192307692307,
  "eval/factory_cost": 388.3596153846154,
  "eval/bullwhip_retailer_a": 0.4890196606169263,
  "eval/bullwhip_retailer_b": 0.5455306421906897,
  "eval/bullwhip_wholesaler": 1.7966288870022877,
  "eval/bullwhip_distributor": 3.106150579833401,
  "eval/bullwhip_factory": 3.9902976427632106
}