{
  "eval/mean_system_cost": 144.21875,
  "eval/std_system_cost": 44.67373669532912,
  "eval/frac_actions_at_cap": 0.0,
  "eval/frac_capacity_binds": 0.24423076923076922,
  "eval/frac_allocation_triggers": 0.8923076923076924,
  "eval/retailer_cost": 96.65336538461537,
  "eval/wholesaler_cost": 6.519230769230768,
  "eval/distributor_cost": 6.0942307692307685,
  "eval/factory_cost": 34.95192307692308,
  "eval/bullwhip_retailer": 0.616065193687934,
  "eval/bullwhip_wholesaler": 0.6139299044350885,
  "eval/bullwhip_distributor": 0.6106212267859381,
  "eval/bullwhip_factory": 1.7434338707195651
}