{
  "eval/mean_system_cost": 464.06346153846164,
  "eval/std_system_cost": 176.77070885646012,
  "eval/frac_actions_at_cap": 0.0,
  "eval/frac_capacity_binds": 0.48653846153846153,
  "eval/frac_allocation_triggers": 0.9644230769230769,
  "eval/retailer_a_cost": 72.51778846153846,
  "eval/retailer_b_cost": 72.53942307692307,
  "eval/wholesaler_cost": 136.18750000000003,
  "eval/distributor_cost": 106.28942307692304,
  "eval/factory_cost": 76.52932692307692,
  "eval/bullwhip_retailer_a": 0.5550711845503592,
  "eval/bullwhip_retailer_b": 0.5416664681492432,
  "eval/bullwhip_wholesaler": 1.2241248333489387,
  "eval/bullwhip_distributor": 1.375048369201807,
  "eval/bullwhip_factory": 1.5070176772342845
}