{
  "eval/mean_system_cost": 598.3764423076922,
  "eval/std_system_cost": 172.2112704888554,
  "eval/frac_actions_at_cap": 0.0,
  "eval/frac_capacity_binds": 0.6682692307692307,
  "eval/frac_allocation_triggers": 0.9634615384615385,
  "eval/retailer_a_cost": 26.50625,
  "eval/retailer_b_cost": 26.21105769230769,
  "eval/wholesaler_cost": 197.44999999999996,
  "eval/distributor_cost": 173.68557692307692,
  "eval/factory_cost": 174.52355769230766,
  "eval/bullwhip_retailer_a": 0.8168685239757723,
  "eval/bullwhip_retailer_b": 0.8374197291130233,
  "eval/bullwhip_wholesaler": 2.9032882479750834,
  "eval/bullwhip_distributor": 3.856310691360737,
  "eval/bullwhip_factory": 4.97868208612353,
  "eval/sharing_rate": 0.368076923076923,
  "eval/honesty_score": -0.04698834951190934,
  "eval/inflation_rate": 0.25848303393213573
}