{
  "eval/mean_system_cost": 899.5899038461539,
  "eval/std_system_cost": 293.34234932245784,
  "eval/frac_actions_at_cap": 0.0,
  "eval/frac_capacity_binds": 0.6865384615384615,
  "eval/frac_allocation_triggers": 0.9692307692307692,
  "eval/retailer_a_cost": 53.0110576923077,
  "eval/retailer_b_cost": 116.99230769230769,
  "eval/wholesaler_cost": 273.9600961538461,
  "eval/distributor_cost": 240.06634615384618,
  "eval/factory_cost": 215.56009615384613,
  "eval/bullwhip_retailer_a": 1.0862952132926442,
  "eval/bullwhip_retailer_b": 1.033237383820699,
  "eval/bullwhip_wholesaler": 2.892692433813946,
  "eval/bullwhip_distributor": 3.571387038131089,
  "eval/bullwhip_factory": 4.32828487989109,
  "eval/sharing_rate": 0.3301923076923076,
  "eval/honesty_score": -0.04548513389050242,
  "eval/inflation_rate": 0.23511904761904762
}