{
  "eval/mean_system_cost": 763.8826923076923,
  "eval/std_system_cost": 212.35208589045368,
  "eval/frac_actions_at_cap": 0.0,
  "eval/frac_capacity_binds": 0.6807692307692308,
  "eval/frac_allocation_triggers": 0.9692307692307692,
  "eval/retailer_a_cost": 41.450961538461534,
  "eval/retailer_b_cost": 81.51250000000002,
  "eval/wholesaler_cost": 236.07932692307685,
  "eval/distributor_cost": 208.66298076923076,
  "eval/factory_cost": 196.17692307692306,
  "eval/bullwhip_retailer_a": 1.0337722001100023,
  "eval/bullwhip_retailer_b": 1.1145645864094946,
  "eval/bullwhip_wholesaler": 2.892673528354568,
  "eval/bullwhip_distributor": 3.5691560229020824,
  "eval/bullwhip_factory": 4.417646510704877,
  "eval/sharing_rate": 0.3569230769230768,
  "eval/honesty_score": -0.04739793172869062,
  "eval/inflation_rate": 0.2490079365079365
}