{
  "eval/mean_system_cost": 610.1004807692309,
  "eval/std_system_cost": 170.1984285751511,
  "eval/frac_actions_at_cap": 0.0,
  "eval/frac_capacity_binds": 0.6269230769230769,
  "eval/frac_allocation_triggers": 0.9576923076923077,
  "eval/retailer_a_cost": 56.81778846153846,
  "eval/retailer_b_cost": 63.98413461538462,
  "eval/wholesaler_cost": 174.36586538461538,
  "eval/distributor_cost": 153.81971153846155,
  "eval/factory_cost": 161.11298076923077,
  "eval/bullwhip_retailer_a": 0.857149518166276,
  "eval/bullwhip_retailer_b": 0.8894527958517723,
  "eval/bullwhip_wholesaler": 2.7556900718197994,
  "eval/bullwhip_distributor": 3.3358100164387614,
  "eval/bullwhip_factory": 4.052887988767366,
  "eval/sharing_rate": 0.44846153846153836,
  "eval/honesty_score": -0.041920374376643386,
  "eval/inflation_rate": 0.2700803212851406
}