{
  "eval/mean_system_cost": 109.54086538461539,
  "eval/std_system_cost": 20.548381507362457,
  "eval/frac_actions_at_cap": 0.0,
  "eval/frac_capacity_binds": 0.0,
  "eval/frac_allocation_triggers": 0.7923076923076923,
  "eval/retailer_a_cost": 11.909134615384614,
  "eval/retailer_b_cost": 11.303846153846154,
  "eval/wholesaler_cost": 35.77163461538461,
  "eval/distributor_cost": 29.13365384615385,
  "eval/factory_cost": 21.422596153846158,
  "eval/bullwhip_retailer_a": 1.758483276450367,
  "eval/bullwhip_retailer_b": 1.5718803559958072,
  "eval/bullwhip_wholesaler": 5.407121593124965,
  "eval/bullwhip_distributor": 8.39958291957149,
  "eval/bullwhip_factory": 9.722822268290892
}