{
  "eval/mean_system_cost": 414.9346153846153,
  "eval/std_system_cost": 135.42258852701784,
  "eval/frac_actions_at_cap": 0.0,
  "eval/frac_capacity_binds": 0.7990384615384616,
  "eval/frac_allocation_triggers": 0.9163461538461538,
  "eval/retailer_cost": 69.5375,
  "eval/wholesaler_cost": 56.931730769230775,
  "eval/distributor_cost": 109.35384615384616,
  "eval/factory_cost": 179.11153846153846,
  "eval/bullwhip_retailer": 1.2713062596280036,
  "eval/bullwhip_wholesaler": 1.4749397727478606,
  "eval/bullwhip_distributor": 2.4160703992210077,
  "eval/bullwhip_factory": 4.291755839064311
}