{
  "eval/mean_system_cost": 805.5966346153846,
  "eval/std_system_cost": 207.37336841602445,
  "eval/frac_actions_at_cap": 0.0,
  "eval/frac_capacity_binds": 0.6634615384615384,
  "eval/frac_allocation_triggers": 0.9721153846153846,
  "eval/retailer_a_cost": 102.23317307692307,
  "eval/retailer_b_cost": 38.13701923076924,
  "eval/wholesaler_cost": 250.1543269230769,
  "eval/distributor_cost": 215.3259615384615,
  "eval/factory_cost": 199.74615384615385,
  "eval/bullwhip_retailer_a": 0.9967011188191014,
  "eval/bullwhip_retailer_b": 1.0745366361611022,
  "eval/bullwhip_wholesaler": 2.9201024504736437,
  "eval/bullwhip_distributor": 3.6993979644709882,
  "eval/bullwhip_factory": 4.312175584622411,
  "eval/sharing_rate": 0.30596153846153845,
  "eval/honesty_score": -0.04757041479636984,
  "eval/inflation_rate": 0.2413452027695351
}