{
  "eval/mean_system_cost": 1370.5014423076923,
  "eval/std_system_cost": 232.57121923450885,
  "eval/frac_actions_at_cap": 0.0,
  "eval/frac_capacity_binds": 0.8480769230769231,
  "eval/frac_allocation_triggers": 0.9528846153846153,
  "eval/retailer_a_cost": 101.90624999999999,
  "eval/retailer_b_cost": 90.025,
  "eval/wholesaler_cost": 435.99423076923074,
  "eval/distributor_cost": 392.4173076923077,
  "eval/factory_cost": 350.15865384615387,
  "eval/bullwhip_retailer_a": 0.5059724803079484,
  "eval/bullwhip_retailer_b": 0.5458232912509604,
  "eval/bullwhip_wholesaler": 2.4262957409873813,
  "eval/bullwhip_distributor": 2.961247504432872,
  "eval/bullwhip_factory": 3.444610080097404
}