{
  "eval/mean_system_cost": 786.8947115384615,
  "eval/std_system_cost": 194.14840779183498,
  "eval/frac_actions_at_cap": 0.0,
  "eval/frac_capacity_binds": 0.6634615384615384,
  "eval/frac_allocation_triggers": 0.9605769230769231,
  "eval/retailer_a_cost": 38.55192307692308,
  "eval/retailer_b_cost": 72.8625,
  "eval/wholesaler_cost": 258.5302884615385,
  "eval/distributor_cost": 221.38653846153846,
  "eval/factory_cost": 195.56346153846152,
  "eval/bullwhip_retailer_a": 0.7804306903044079,
  "eval/bullwhip_retailer_b": 0.80751390474466,
  "eval/bullwhip_wholesaler": 2.90028647509135,
  "eval/bullwhip_distributor": 3.6817167409155362,
  "eval/bullwhip_factory": 4.641570094571377,
  "eval/sharing_rate": 0.3363461538461538,
  "eval/honesty_score": -0.04699999360769725,
  "eval/inflation_rate": 0.24124124124124124
}