{
  "eval/mean_system_cost": 925.1673076923076,
  "eval/std_system_cost": 226.1621362949402,
  "eval/frac_actions_at_cap": 0.0,
  "eval/frac_capacity_binds": 0.7067307692307693,
  "eval/frac_allocation_triggers": 0.9711538461538461,
  "eval/retailer_a_cost": 59.44663461538462,
  "eval/retailer_b_cost": 60.25240384615385,
  "eval/wholesaler_cost": 295.93605769230766,
  "eval/distributor_cost": 264.8850961538462,
  "eval/factory_cost": 244.64711538461543,
  "eval/bullwhip_retailer_a": 0.9504711878295146,
  "eval/bullwhip_retailer_b": 1.0080902584540443,
  "eval/bullwhip_wholesaler": 3.0460033767865067,
  "eval/bullwhip_distributor": 4.1275814441126775,
  "eval/bullwhip_factory": 4.965215811291468,
  "eval/sharing_rate": 0.47519230769230775,
  "eval/honesty_score": -0.04013912860270555,
  "eval/inflation_rate": 0.2297029702970297
}