{
  "eval/mean_system_cost": 767.3961538461538,
  "eval/std_system_cost": 126.73877307805753,
  "eval/frac_actions_at_cap": 0.0,
  "eval/frac_capacity_binds": 0.7048076923076924,
  "eval/frac_allocation_triggers": 0.9673076923076923,
  "eval/retailer_a_cost": 28.405288461538458,
  "eval/retailer_b_cost": 27.479807692307684,
  "eval/wholesaler_cost": 267.4322115384615,
  "eval/distributor_cost": 235.05528846153848,
  "eval/factory_cost": 209.02355769230772,
  "eval/bullwhip_retailer_a": 0.6586361641097745,
  "eval/bullwhip_retailer_b": 0.6409158789458631,
  "eval/bullwhip_wholesaler": 2.8574049677586784,
  "eval/bullwhip_distributor": 3.835159011144037,
  "eval/bullwhip_factory": 4.88560522321835,
  "eval/sharing_rate": 0.4473076923076923,
  "eval/honesty_score": -0.04063988260675823,
  "eval/inflation_rate": 0.22266401590457258
}