{
  "eval/mean_system_cost": 399.69903846153846,
  "eval/std_system_cost": 135.0321187924722,
  "eval/frac_actions_at_cap": 0.0,
  "eval/frac_capacity_binds": 0.7807692307692308,
  "eval/frac_allocation_triggers": 0.9221153846153847,
  "eval/retailer_cost": 51.37355769230769,
  "eval/wholesaler_cost": 72.14903846153847,
  "eval/distributor_cost": 110.96538461538462,
  "eval/factory_cost": 165.2110576923077,
  "eval/bullwhip_retailer": 1.4529547847827915,
  "eval/bullwhip_wholesaler": 3.6866608232630407,
  "eval/bullwhip_distributor": 8.478145738865544,
  "eval/bullwhip_factory": 17.036965343963676
}