{
  "eval/mean_system_cost": 1017.0355769230767,
  "eval/std_system_cost": 79.26767659922517,
  "eval/frac_actions_at_cap": 0.0,
  "eval/frac_capacity_binds": 0.9615384615384616,
  "eval/frac_allocation_triggers": 0.9471153846153846,
  "eval/retailer_cost": 22.023076923076925,
  "eval/wholesaler_cost": 176.13653846153846,
  "eval/distributor_cost": 352.6951923076923,
  "eval/factory_cost": 466.1807692307692,
  "eval/bullwhip_retailer": 1.5398131050236918,
  "eval/bullwhip_wholesaler": 3.0490772904180607,
  "eval/bullwhip_distributor": 5.743934790446942,
  "eval/bullwhip_factory": 9.738948857124269
}