{
  "eval/mean_system_cost": 901.0197115384615,
  "eval/std_system_cost": 192.8558864081961,
  "eval/frac_actions_at_cap": 0.0,
  "eval/frac_capacity_binds": 0.6990384615384615,
  "eval/frac_allocation_triggers": 0.9586538461538462,
  "eval/retailer_a_cost": 71.78269230769232,
  "eval/retailer_b_cost": 75.13125,
  "eval/wholesaler_cost": 270.36538461538464,
  "eval/distributor_cost": 249.84086538461537,
  "eval/factory_cost": 233.8995192307692,
  "eval/bullwhip_retailer_a": 0.9428344421565762,
  "eval/bullwhip_retailer_b": 0.8669813375323966,
  "eval/bullwhip_wholesaler": 2.8938389252348196,
  "eval/bullwhip_distributor": 3.741251250318344,
  "eval/bullwhip_factory": 4.597072542680175,
  "eval/sharing_rate": 0.30711538461538457,
  "eval/honesty_score": -0.04808636181769459,
  "eval/inflation_rate": 0.25075225677031093
}