{
  "eval/mean_system_cost": 58.166826923076925,
  "eval/std_system_cost": 14.241956126280007,
  "eval/retailer_cost": 10.222596153846153,
  "eval/wholesaler_cost": 12.93125,
  "eval/distributor_cost": 11.98028846153846,
  "eval/factory_cost": 23.032692307692308,
  "eval/bullwhip_retailer": 1.7655332614408532,
  "eval/bullwhip_wholesaler": 2.2003941561413503,
  "eval/bullwhip_distributor": 2.823163659003234,
  "eval/bullwhip_factory": 3.56468028879413,
  "eval/sharing_rate": 0.5487980769230768,
  "eval/honesty_score": -0.09541116157254012,
  "eval/inflation_rate": 0.34332988624612204
}