{
  "eval/mean_system_cost": 357.8778846153847,
  "eval/std_system_cost": 120.45313288457291,
  "eval/frac_actions_at_cap": 0.0,
  "eval/frac_capacity_binds": 0.3125,
  "eval/frac_allocation_triggers": 0.95,
  "eval/retailer_a_cost": 57.51923076923076,
  "eval/retailer_b_cost": 58.63269230769231,
  "eval/wholesaler_cost": 109.45913461538461,
  "eval/distributor_cost": 80.5764423076923,
  "eval/factory_cost": 51.690384615384616,
  "eval/bullwhip_retailer_a": 0.31210175462166445,
  "eval/bullwhip_retailer_b": 0.30611994321155944,
  "eval/bullwhip_wholesaler": 1.1966803227764273,
  "eval/bullwhip_distributor": 1.3232302895386383,
  "eval/bullwhip_factory": 1.4522770328551173
}