{
  "eval/mean_system_cost": 500.8999999999999,
  "eval/std_system_cost": 188.46829948626004,
  "eval/frac_actions_at_cap": 0.0,
  "eval/frac_capacity_binds": 0.5490384615384616,
  "eval/frac_allocation_triggers": 0.9673076923076923,
  "eval/retailer_a_cost": 78.27884615384615,
  "eval/retailer_b_cost": 73.60480769230767,
  "eval/wholesaler_cost": 145.0456730769231,
  "eval/distributor_cost": 116.28509615384617,
  "eval/factory_cost": 87.68557692307692,
  "eval/bullwhip_retailer_a": 0.5573365340431482,
  "eval/bullwhip_retailer_b": 0.5481179625308663,
  "eval/bullwhip_wholesaler": 1.226687932228615,
  "eval/bullwhip_distributor": 1.3832700095152122,
  "eval/bullwhip_factory": 1.514297053416347
}