{
  "eval/mean_system_cost": 513.3769230769232,
  "eval/std_system_cost": 190.6851532212817,
  "eval/frac_actions_at_cap": 0.0,
  "eval/frac_capacity_binds": 0.5913461538461539,
  "eval/frac_allocation_triggers": 0.9634615384615385,
  "eval/retailer_a_cost": 79.14182692307693,
  "eval/retailer_b_cost": 73.06778846153846,
  "eval/wholesaler_cost": 147.0903846153846,
  "eval/distributor_cost": 120.34134615384615,
  "eval/factory_cost": 93.73557692307693,
  "eval/bullwhip_retailer_a": 0.5544387365919845,
  "eval/bullwhip_retailer_b": 0.5497725109525513,
  "eval/bullwhip_wholesaler": 1.2229537957171979,
  "eval/bullwhip_distributor": 1.3735840736993632,
  "eval/bullwhip_factory": 1.4955295364488757
}