{
  "uniform": {
    "process": "uniform",
    "mse_blind": 21.20082347612832,
    "mse_informed": 21.200823529411764,
    "mse_reduction": -5.3283443435248046e-08,
    "relative_mse_reduction": -2.5132723497860393e-09,
    "lag1_r2": 0.00030746923401170356,
    "mean": 7.499576923076923,
    "var": 21.20484597485207,
    "n_pairs": 25500.0
  },
  "ar1": {
    "process": "ar1",
    "mse_blind": 7.978023339453533,
    "mse_informed": 4.141067843137255,
    "mse_reduction": 3.8369554963162784,
    "relative_mse_reduction": 0.48094062063487225,
    "lag1_r2": 0.48095449748789876,
    "mean": 7.522269230769231,
    "var": 7.905196389053255,
    "n_pairs": 25500.0
  },
  "regime_switch": {
    "process": "regime_switch",
    "mse_blind": 18.430082222879683,
    "mse_informed": 8.304649363639545,
    "mse_reduction": 10.125432859240139,
    "relative_mse_reduction": 0.5493970529697425,
    "lag1_r2": 0.48979628268998654,
    "mean": 8.000692307692308,
    "var": 18.43676875147929,
    "n_pairs": 25500.0
  },
  "classic_step": {
    "process": "classic_step",
    "mse_blind": 0.8910546467107553,
    "mse_informed": 0.3137254901960784,
    "mse_reduction": 0.5773291565146769,
    "relative_mse_reduction": 0.6479166666666667,
    "lag1_r2": 0.734375,
    "mean": 7.6923076923076925,
    "var": 1.136094674556213,
    "n_pairs": 25500.0
  }
}