{
  "eval/mean_system_cost": 406.29375000000005,
  "eval/std_system_cost": 157.79330801851876,
  "eval/frac_actions_at_cap": 0.0,
  "eval/frac_capacity_binds": 0.7798076923076923,
  "eval/frac_allocation_triggers": 0.926923076923077,
  "eval/retailer_cost": 98.74999999999999,
  "eval/wholesaler_cost": 82.80096153846154,
  "eval/distributor_cost": 83.9125,
  "eval/factory_cost": 140.8302884615385,
  "eval/bullwhip_retailer": 1.0623971170192112,
  "eval/bullwhip_wholesaler": 1.0845752004617502,
  "eval/bullwhip_distributor": 1.5584457829593494,
  "eval/bullwhip_factory": 2.239833729158447
}