{
  "eval/mean_system_cost": 370.85480769230765,
  "eval/std_system_cost": 131.7856896288036,
  "eval/frac_actions_at_cap": 0.0,
  "eval/frac_capacity_binds": 0.2826923076923077,
  "eval/frac_allocation_triggers": 0.9644230769230769,
  "eval/retailer_a_cost": 63.18509615384615,
  "eval/retailer_b_cost": 63.63365384615385,
  "eval/wholesaler_cost": 110.51971153846155,
  "eval/distributor_cost": 81.36874999999999,
  "eval/factory_cost": 52.147596153846166,
  "eval/bullwhip_retailer_a": 0.5527441333479923,
  "eval/bullwhip_retailer_b": 0.5370777535426959,
  "eval/bullwhip_wholesaler": 1.220649232361501,
  "eval/bullwhip_distributor": 1.3617489318521012,
  "eval/bullwhip_factory": 1.4798507267786565
}