{
  "eval/mean_system_cost": 342.0870192307692,
  "eval/std_system_cost": 128.18990120822036,
  "eval/frac_actions_at_cap": 0.0,
  "eval/frac_capacity_binds": 0.2144230769230769,
  "eval/frac_allocation_triggers": 0.9673076923076923,
  "eval/retailer_a_cost": 60.73365384615384,
  "eval/retailer_b_cost": 56.10288461538462,
  "eval/wholesaler_cost": 107.02163461538461,
  "eval/distributor_cost": 75.10721153846154,
  "eval/factory_cost": 43.12163461538462,
  "eval/bullwhip_retailer_a": 0.5607638719362694,
  "eval/bullwhip_retailer_b": 0.5583068801713154,
  "eval/bullwhip_wholesaler": 1.2286412651920824,
  "eval/bullwhip_distributor": 1.3839653028057406,
  "eval/bullwhip_factory": 1.506536517251056
}