{
  "eval/mean_system_cost": 385.87307692307695,
  "eval/std_system_cost": 98.40378628551568,
  "eval/frac_actions_at_cap": 0.0,
  "eval/frac_capacity_binds": 0.7365384615384616,
  "eval/frac_allocation_triggers": 0.9451923076923077,
  "eval/retailer_cost": 19.552403846153844,
  "eval/wholesaler_cost": 100.63509615384616,
  "eval/distributor_cost": 111.46490384615383,
  "eval/factory_cost": 154.2206730769231,
  "eval/bullwhip_retailer": 2.963798267095548,
  "eval/bullwhip_wholesaler": 5.91841357236549,
  "eval/bullwhip_distributor": 8.858401338166798,
  "eval/bullwhip_factory": 11.434998506647725,
  "eval/sharing_rate": 0.464423076923077,
  "eval/honesty_score": -0.0368326681172261,
  "eval/inflation_rate": 0.2914572864321608
}