{
  "eval/mean_system_cost": 662.4658653846154,
  "eval/std_system_cost": 165.60327862127758,
  "eval/frac_actions_at_cap": 0.0,
  "eval/frac_capacity_binds": 0.6384615384615384,
  "eval/frac_allocation_triggers": 0.9586538461538462,
  "eval/retailer_a_cost": 73.71298076923078,
  "eval/retailer_b_cost": 81.01923076923077,
  "eval/wholesaler_cost": 170.02836538461537,
  "eval/distributor_cost": 169.08942307692308,
  "eval/factory_cost": 168.61586538461535,
  "eval/bullwhip_retailer_a": 0.8555211512388737,
  "eval/bullwhip_retailer_b": 0.8101620341381,
  "eval/bullwhip_wholesaler": 2.4613604304945973,
  "eval/bullwhip_distributor": 3.195198950147881,
  "eval/bullwhip_factory": 3.9056593348096067,
  "eval/sharing_rate": 0.5023076923076923,
  "eval/honesty_score": -0.039082152966400344,
  "eval/inflation_rate": 0.283851554663992
}