{
  "eval/mean_system_cost": 1022.1274038461539,
  "eval/std_system_cost": 223.31979918861455,
  "eval/frac_actions_at_cap": 0.0,
  "eval/frac_capacity_binds": 0.7211538461538461,
  "eval/frac_allocation_triggers": 0.9596153846153846,
  "eval/retailer_a_cost": 68.36971153846152,
  "eval/retailer_b_cost": 71.07019230769231,
  "eval/wholesaler_cost": 335.32548076923075,
  "eval/distributor_cost": 289.44326923076926,
  "eval/factory_cost": 257.91875,
  "eval/bullwhip_retailer_a": 0.7190830969158694,
  "eval/bullwhip_retailer_b": 0.7530892555483567,
  "eval/bullwhip_wholesaler": 2.9700039442709705,
  "eval/bullwhip_distributor": 3.8253384182072914,
  "eval/bullwhip_factory": 4.853703218299848,
  "eval/sharing_rate": 0.4911538461538461,
  "eval/honesty_score": -0.040009828432712155,
  "eval/inflation_rate": 0.22144288577154309
}