{
  "eval/mean_system_cost": 1019.1653846153847,
  "eval/std_system_cost": 67.54233821776587,
  "eval/frac_actions_at_cap": 0.0,
  "eval/frac_capacity_binds": 0.9615384615384616,
  "eval/frac_allocation_triggers": 0.9605769230769231,
  "eval/retailer_cost": 16.502884615384612,
  "eval/wholesaler_cost": 189.96923076923076,
  "eval/distributor_cost": 338.4221153846154,
  "eval/factory_cost": 474.2711538461539,
  "eval/bullwhip_retailer": 1.14563220754024,
  "eval/bullwhip_wholesaler": 2.8101567716585056,
  "eval/bullwhip_distributor": 5.8165647471596325,
  "eval/bullwhip_factory": 10.423428480131584
}