{
  "eval/mean_system_cost": 343.3528846153846,
  "eval/std_system_cost": 76.20391092408407,
  "eval/frac_actions_at_cap": 0.0,
  "eval/frac_capacity_binds": 0.7086538461538462,
  "eval/frac_allocation_triggers": 0.9346153846153846,
  "eval/retailer_cost": 62.81490384615385,
  "eval/wholesaler_cost": 71.96875,
  "eval/distributor_cost": 87.69759615384616,
  "eval/factory_cost": 120.87163461538462,
  "eval/bullwhip_retailer": 3.6907980467658525,
  "eval/bullwhip_wholesaler": 5.771392651889026,
  "eval/bullwhip_distributor": 7.203092936687836,
  "eval/bullwhip_factory": 8.868559869627749,
  "eval/sharing_rate": 0.5302884615384615,
  "eval/honesty_score": -0.03364677940641335,
  "eval/inflation_rate": 0.29678068410462777
}