{
  "eval/mean_system_cost": 586.6423076923077,
  "eval/std_system_cost": 79.59305623351648,
  "eval/frac_actions_at_cap": 0.0,
  "eval/frac_capacity_binds": 0.8625,
  "eval/frac_allocation_triggers": 0.9451923076923077,
  "eval/retailer_cost": 22.05096153846154,
  "eval/wholesaler_cost": 117.95144230769229,
  "eval/distributor_cost": 176.9581730769231,
  "eval/factory_cost": 269.68173076923074,
  "eval/bullwhip_retailer": 1.060462292598515,
  "eval/bullwhip_wholesaler": 2.301542078664256,
  "eval/bullwhip_distributor": 5.67430743863913,
  "eval/bullwhip_factory": 7.046611065381116
}