{
  "eval/mean_system_cost": 541.2067307692308,
  "eval/std_system_cost": 179.79444478913697,
  "eval/frac_actions_at_cap": 0.0,
  "eval/frac_capacity_binds": 0.6336538461538461,
  "eval/frac_allocation_triggers": 0.9586538461538462,
  "eval/retailer_a_cost": 45.104326923076925,
  "eval/retailer_b_cost": 52.693269230769225,
  "eval/wholesaler_cost": 144.0125,
  "eval/distributor_cost": 146.14903846153848,
  "eval/factory_cost": 153.24759615384613,
  "eval/bullwhip_retailer_a": 0.8440856935535944,
  "eval/bullwhip_retailer_b": 0.8309716029283419,
  "eval/bullwhip_wholesaler": 2.653957186769974,
  "eval/bullwhip_distributor": 3.491761867763377,
  "eval/bullwhip_factory": 4.296020775914151,
  "eval/sharing_rate": 0.48249999999999993,
  "eval/honesty_score": -0.03913632292397733,
  "eval/inflation_rate": 0.2858575727181545
}