{
  "eval/mean_system_cost": 831.3322115384615,
  "eval/std_system_cost": 121.24257863561847,
  "eval/frac_actions_at_cap": 0.0,
  "eval/frac_capacity_binds": 0.6913461538461538,
  "eval/frac_allocation_triggers": 0.9615384615384616,
  "eval/retailer_a_cost": 123.00769230769234,
  "eval/retailer_b_cost": 32.18317307692308,
  "eval/wholesaler_cost": 239.0610576923077,
  "eval/distributor_cost": 223.61730769230772,
  "eval/factory_cost": 213.46298076923077,
  "eval/bullwhip_retailer_a": 0.8608080971375206,
  "eval/bullwhip_retailer_b": 0.7840084825092605,
  "eval/bullwhip_wholesaler": 2.6998017342371514,
  "eval/bullwhip_distributor": 3.3463431493708935,
  "eval/bullwhip_factory": 4.064488339363835,
  "eval/sharing_rate": 0.3744230769230769,
  "eval/honesty_score": -0.04507700115002618,
  "eval/inflation_rate": 0.24975024975024976
}