{
  "eval/mean_system_cost": 370.24086538461535,
  "eval/std_system_cost": 94.6668293768905,
  "eval/frac_actions_at_cap": 0.0,
  "eval/frac_capacity_binds": 0.7163461538461539,
  "eval/frac_allocation_triggers": 0.9375,
  "eval/retailer_cost": 32.16971153846154,
  "eval/wholesaler_cost": 76.77403846153847,
  "eval/distributor_cost": 112.70769230769231,
  "eval/factory_cost": 148.58942307692308,
  "eval/bullwhip_retailer": 3.677088489502414,
  "eval/bullwhip_wholesaler": 6.3937945829782885,
  "eval/bullwhip_distributor": 8.356436140455234,
  "eval/bullwhip_factory": 10.737062847108682,
  "eval/sharing_rate": 0.4572115384615384,
  "eval/honesty_score": -0.03725413007793018,
  "eval/inflation_rate": 0.28024193548387094
}