{
  "eval/mean_system_cost": 378.28798076923084,
  "eval/std_system_cost": 106.0075266441268,
  "eval/frac_actions_at_cap": 0.0,
  "eval/frac_capacity_binds": 0.6884615384615385,
  "eval/frac_allocation_triggers": 0.9384615384615385,
  "eval/retailer_cost": 55.112019230769235,
  "eval/wholesaler_cost": 89.5014423076923,
  "eval/distributor_cost": 101.55192307692309,
  "eval/factory_cost": 132.12259615384613,
  "eval/bullwhip_retailer": 3.768256231538368,
  "eval/bullwhip_wholesaler": 5.834213778253096,
  "eval/bullwhip_distributor": 8.108387097436362,
  "eval/bullwhip_factory": 9.582915305885756,
  "eval/sharing_rate": 0.43076923076923074,
  "eval/honesty_score": -0.03621146324507223,
  "eval/inflation_rate": 0.2818455366098295
}