{
  "eval/mean_system_cost": 294.0447115384615,
  "eval/std_system_cost": 88.51133095290324,
  "eval/frac_actions_at_cap": 0.0,
  "eval/frac_capacity_binds": 0.09711538461538462,
  "eval/frac_allocation_triggers": 0.9673076923076923,
  "eval/retailer_a_cost": 67.56153846153845,
  "eval/retailer_b_cost": 66.83124999999998,
  "eval/wholesaler_cost": 78.95240384615384,
  "eval/distributor_cost": 53.278365384615384,
  "eval/factory_cost": 27.421153846153846,
  "eval/bullwhip_retailer_a": 0.5482061064667553,
  "eval/bullwhip_retailer_b": 0.45228564116491465,
  "eval/bullwhip_wholesaler": 1.0784744913093913,
  "eval/bullwhip_distributor": 1.188348739381194,
  "eval/bullwhip_factory": 1.2898471471394266
}