{
  "eval/mean_system_cost": 443.43846153846164,
  "eval/std_system_cost": 226.52068116196995,
  "eval/frac_actions_at_cap": 0.0,
  "eval/frac_capacity_binds": 0.7038461538461539,
  "eval/frac_allocation_triggers": 0.9134615384615384,
  "eval/retailer_cost": 85.83269230769233,
  "eval/wholesaler_cost": 98.60192307692307,
  "eval/distributor_cost": 93.87067307692308,
  "eval/factory_cost": 165.13317307692307,
  "eval/bullwhip_retailer": 1.1928988914071341,
  "eval/bullwhip_wholesaler": 1.2675724402203707,
  "eval/bullwhip_distributor": 3.1989188593763056,
  "eval/bullwhip_factory": 4.7264970030498725
}