{
  "eval/mean_system_cost": 1200.8466346153846,
  "eval/std_system_cost": 169.07489506495628,
  "eval/frac_actions_at_cap": 0.0,
  "eval/frac_capacity_binds": 0.9230769230769231,
  "eval/frac_allocation_triggers": 0.9615384615384616,
  "eval/retailer_a_cost": 20.26442307692308,
  "eval/retailer_b_cost": 28.970673076923077,
  "eval/wholesaler_cost": 352.82307692307694,
  "eval/distributor_cost": 359.9759615384615,
  "eval/factory_cost": 438.8124999999999,
  "eval/bullwhip_retailer_a": 0.3121017546216644,
  "eval/bullwhip_retailer_b": 0.4079272548504562,
  "eval/bullwhip_wholesaler": 2.061179298548115,
  "eval/bullwhip_distributor": 3.117694463421551,
  "eval/bullwhip_factory": 4.616734089575473
}