{
  "eval/mean_system_cost": 909.0798076923077,
  "eval/std_system_cost": 161.3550091288428,
  "eval/frac_actions_at_cap": 0.0,
  "eval/frac_capacity_binds": 0.7317307692307692,
  "eval/frac_allocation_triggers": 0.9634615384615385,
  "eval/retailer_a_cost": 71.00336538461538,
  "eval/retailer_b_cost": 63.27163461538462,
  "eval/wholesaler_cost": 278.21875,
  "eval/distributor_cost": 257.7004807692308,
  "eval/factory_cost": 238.88557692307685,
  "eval/bullwhip_retailer_a": 0.8916803957403712,
  "eval/bullwhip_retailer_b": 0.7831626543609572,
  "eval/bullwhip_wholesaler": 2.8552799830534212,
  "eval/bullwhip_distributor": 3.4778042472794146,
  "eval/bullwhip_factory": 4.205135838499783,
  "eval/sharing_rate": 0.5315384615384614,
  "eval/honesty_score": -0.039534471476740815,
  "eval/inflation_rate": 0.2315369261477046
}