{
  "eval/mean_system_cost": 1210.8951923076922,
  "eval/std_system_cost": 195.2523670129236,
  "eval/frac_actions_at_cap": 0.0,
  "eval/frac_capacity_binds": 0.8653846153846154,
  "eval/frac_allocation_triggers": 0.9807692307692307,
  "eval/retailer_a_cost": 34.214903846153845,
  "eval/retailer_b_cost": 35.96394230769231,
  "eval/wholesaler_cost": 447.3721153846153,
  "eval/distributor_cost": 379.9490384615385,
  "eval/factory_cost": 313.39519230769224,
  "eval/bullwhip_retailer_a": 0.3053413228077018,
  "eval/bullwhip_retailer_b": 0.3123073315999149,
  "eval/bullwhip_wholesaler": 1.8371746133802462,
  "eval/bullwhip_distributor": 2.614478708798354,
  "eval/bullwhip_factory": 4.734362076012122
}