{
  "eval/mean_system_cost": 590.2533653846154,
  "eval/std_system_cost": 214.73115388186918,
  "eval/frac_actions_at_cap": 0.0,
  "eval/frac_capacity_binds": 0.65,
  "eval/frac_allocation_triggers": 0.9644230769230769,
  "eval/retailer_a_cost": 88.90096153846154,
  "eval/retailer_b_cost": 82.36250000000001,
  "eval/wholesaler_cost": 166.2278846153846,
  "eval/distributor_cost": 139.56057692307692,
  "eval/factory_cost": 113.2014423076923,
  "eval/bullwhip_retailer_a": 0.5550711845503592,
  "eval/bullwhip_retailer_b": 0.5416664681492432,
  "eval/bullwhip_wholesaler": 1.2241248333489387,
  "eval/bullwhip_distributor": 1.375048369201807,
  "eval/bullwhip_factory": 1.5070176772342845
}