{
  "eval/mean_system_cost": 1266.4649038461537,
  "eval/std_system_cost": 299.09715156931344,
  "eval/frac_actions_at_cap": 0.0,
  "eval/frac_capacity_binds": 0.825,
  "eval/frac_allocation_triggers": 0.9615384615384616,
  "eval/retailer_a_cost": 81.22355769230768,
  "eval/retailer_b_cost": 74.1389423076923,
  "eval/wholesaler_cost": 420.6951923076923,
  "eval/distributor_cost": 369.9586538461539,
  "eval/factory_cost": 320.44855769230765,
  "eval/bullwhip_retailer_a": 0.7700473596354293,
  "eval/bullwhip_retailer_b": 0.8435229189460463,
  "eval/bullwhip_wholesaler": 2.552373078803137,
  "eval/bullwhip_distributor": 3.1301801311928776,
  "eval/bullwhip_factory": 3.632397384114047
}