{
  "eval/mean_system_cost": 325.07644230769233,
  "eval/std_system_cost": 101.91461097255632,
  "eval/frac_actions_at_cap": 0.0,
  "eval/frac_capacity_binds": 0.6865384615384615,
  "eval/frac_allocation_triggers": 0.9355769230769231,
  "eval/retailer_cost": 32.448557692307695,
  "eval/wholesaler_cost": 67.83557692307693,
  "eval/distributor_cost": 87.00721153846155,
  "eval/factory_cost": 137.78509615384615,
  "eval/bullwhip_retailer": 3.4650827633968353,
  "eval/bullwhip_wholesaler": 6.184476569199468,
  "eval/bullwhip_distributor": 8.18325109188203,
  "eval/bullwhip_factory": 11.639323726733139,
  "eval/sharing_rate": 0.5324519230769231,
  "eval/honesty_score": -0.03680612600010895,
  "eval/inflation_rate": 0.3072227873855544
}