{
  "eval/mean_system_cost": 1246.3567307692308,
  "eval/std_system_cost": 230.4084458969408,
  "eval/frac_actions_at_cap": 0.0,
  "eval/frac_capacity_binds": 0.8653846153846154,
  "eval/frac_allocation_triggers": 0.9807692307692307,
  "eval/retailer_a_cost": 42.6625,
  "eval/retailer_b_cost": 36.79903846153845,
  "eval/wholesaler_cost": 443.9740384615384,
  "eval/distributor_cost": 375.9144230769231,
  "eval/factory_cost": 347.0067307692308,
  "eval/bullwhip_retailer_a": 0.554549472559491,
  "eval/bullwhip_retailer_b": 0.5432994323106514,
  "eval/bullwhip_wholesaler": 1.8736504744763214,
  "eval/bullwhip_distributor": 2.947777442644582,
  "eval/bullwhip_factory": 3.7661606155411116
}