{
  "eval/mean_system_cost": 114.48028846153845,
  "eval/std_system_cost": 26.71060017925506,
  "eval/frac_actions_at_cap": 0.0,
  "eval/frac_capacity_binds": 0.0798076923076923,
  "eval/frac_allocation_triggers": 0.9192307692307692,
  "eval/retailer_cost": 96.58461538461538,
  "eval/wholesaler_cost": 6.803365384615385,
  "eval/distributor_cost": 6.7509615384615405,
  "eval/factory_cost": 4.341346153846154,
  "eval/bullwhip_retailer": 1.1605462478330675,
  "eval/bullwhip_wholesaler": 1.1538624961391732,
  "eval/bullwhip_distributor": 1.1563801724641671,
  "eval/bullwhip_factory": 1.161639383492079
}