{
  "eval/mean_system_cost": 966.7350961538461,
  "eval/std_system_cost": 271.0386673589692,
  "eval/frac_actions_at_cap": 0.0,
  "eval/frac_capacity_binds": 0.8076923076923077,
  "eval/frac_allocation_triggers": 0.9615384615384616,
  "eval/retailer_a_cost": 64.88990384615384,
  "eval/retailer_b_cost": 58.73557692307692,
  "eval/wholesaler_cost": 226.78798076923076,
  "eval/distributor_cost": 272.61057692307685,
  "eval/factory_cost": 343.7110576923077,
  "eval/bullwhip_retailer_a": 0.8622526750839207,
  "eval/bullwhip_retailer_b": 0.45058274548451055,
  "eval/bullwhip_wholesaler": 2.222589731533376,
  "eval/bullwhip_distributor": 4.143566391921398,
  "eval/bullwhip_factory": 5.970248698062211
}