{
  "eval/mean_system_cost": 217.4576923076923,
  "eval/std_system_cost": 39.791601797297304,
  "eval/retailer_cost": 55.57163461538462,
  "eval/wholesaler_cost": 54.638461538461534,
  "eval/distributor_cost": 53.925961538461536,
  "eval/factory_cost": 53.32163461538462,
  "eval/bullwhip_retailer": 1.0313113476471367,
  "eval/bullwhip_wholesaler": 1.0505724425185112,
  "eval/bullwhip_distributor": 1.0627300550729306,
  "eval/bullwhip_factory": 1.0655933399229511,
  "eval/sharing_rate": 0.0,
  "eval/honesty_score": 0.0,
  "eval/inflation_rate": 0.25153374233128833
}