{
  "eval/mean_system_cost": 1229.2086538461538,
  "eval/std_system_cost": 298.3215751430342,
  "eval/frac_actions_at_cap": 0.0,
  "eval/frac_capacity_binds": 0.8269230769230769,
  "eval/frac_allocation_triggers": 0.9634615384615385,
  "eval/retailer_a_cost": 67.07355769230769,
  "eval/retailer_b_cost": 73.41778846153846,
  "eval/wholesaler_cost": 415.2067307692308,
  "eval/distributor_cost": 362.5105769230769,
  "eval/factory_cost": 310.99999999999994,
  "eval/bullwhip_retailer_a": 0.8584910118199798,
  "eval/bullwhip_retailer_b": 0.7742212339424459,
  "eval/bullwhip_wholesaler": 2.5437943576218953,
  "eval/bullwhip_distributor": 3.1612322031588573,
  "eval/bullwhip_factory": 5.501327195235556
}