{
  "eval/mean_system_cost": 681.1624999999999,
  "eval/std_system_cost": 166.18069205030423,
  "eval/frac_actions_at_cap": 0.0,
  "eval/frac_capacity_binds": 0.9423076923076923,
  "eval/frac_allocation_triggers": 0.9567307692307693,
  "eval/retailer_a_cost": 35.63942307692308,
  "eval/retailer_b_cost": 93.40528846153845,
  "eval/wholesaler_cost": 149.45288461538465,
  "eval/distributor_cost": 125.70336538461538,
  "eval/factory_cost": 276.96153846153845,
  "eval/bullwhip_retailer_a": 0.40431216069353054,
  "eval/bullwhip_retailer_b": 0.24031724985438027,
  "eval/bullwhip_wholesaler": 1.408604852666749,
  "eval/bullwhip_distributor": 1.8974523814793005,
  "eval/bullwhip_factory": 2.7647316970873637
}