{
  "eval/mean_system_cost": 365.97644230769237,
  "eval/std_system_cost": 129.1201237814555,
  "eval/frac_actions_at_cap": 0.0,
  "eval/frac_capacity_binds": 0.23846153846153847,
  "eval/frac_allocation_triggers": 0.9663461538461539,
  "eval/retailer_a_cost": 64.2528846153846,
  "eval/retailer_b_cost": 60.581730769230774,
  "eval/wholesaler_cost": 113.10480769230769,
  "eval/distributor_cost": 80.36538461538463,
  "eval/factory_cost": 47.67163461538462,
  "eval/bullwhip_retailer_a": 0.546063510783593,
  "eval/bullwhip_retailer_b": 0.5332587579514025,
  "eval/bullwhip_wholesaler": 1.2272821727232874,
  "eval/bullwhip_distributor": 1.3808707549737516,
  "eval/bullwhip_factory": 1.5117889525010144
}