{
  "eval/mean_system_cost": 557.0466346153846,
  "eval/std_system_cost": 176.118248793292,
  "eval/frac_actions_at_cap": 0.0,
  "eval/frac_capacity_binds": 0.6038461538461538,
  "eval/frac_allocation_triggers": 0.9538461538461539,
  "eval/retailer_a_cost": 77.16009615384615,
  "eval/retailer_b_cost": 82.96875,
  "eval/wholesaler_cost": 157.24519230769232,
  "eval/distributor_cost": 132.24134615384617,
  "eval/factory_cost": 107.43125,
  "eval/bullwhip_retailer_a": 0.3053413228077018,
  "eval/bullwhip_retailer_b": 0.3123073315999149,
  "eval/bullwhip_wholesaler": 1.2034822961124383,
  "eval/bullwhip_distributor": 1.3304232041616775,
  "eval/bullwhip_factory": 1.4527401354700185
}