{
  "eval/mean_system_cost": 526.7437500000001,
  "eval/std_system_cost": 156.51723553393262,
  "eval/frac_actions_at_cap": 0.0,
  "eval/frac_capacity_binds": 0.5932692307692308,
  "eval/frac_allocation_triggers": 0.9490384615384615,
  "eval/retailer_a_cost": 74.83221153846154,
  "eval/retailer_b_cost": 77.36923076923077,
  "eval/wholesaler_cost": 149.46586538461537,
  "eval/distributor_cost": 124.76201923076924,
  "eval/factory_cost": 100.31442307692308,
  "eval/bullwhip_retailer_a": 0.3165348361130242,
  "eval/bullwhip_retailer_b": 0.3050446252070082,
  "eval/bullwhip_wholesaler": 1.199244709768383,
  "eval/bullwhip_distributor": 1.3313012374605178,
  "eval/bullwhip_factory": 1.462391950546176
}