{
  "eval/mean_system_cost": 104.04326923076924,
  "eval/std_system_cost": 24.87197479820262,
  "eval/frac_actions_at_cap": 0.0,
  "eval/frac_capacity_binds": 0.075,
  "eval/frac_allocation_triggers": 0.9125,
  "eval/retailer_cost": 87.31730769230771,
  "eval/wholesaler_cost": 6.215384615384615,
  "eval/distributor_cost": 6.210096153846154,
  "eval/factory_cost": 4.300480769230769,
  "eval/bullwhip_retailer": 1.0283232467643033,
  "eval/bullwhip_wholesaler": 1.0209589612131706,
  "eval/bullwhip_distributor": 1.0272202391705652,
  "eval/bullwhip_factory": 1.0713398940157524
}