{
  "eval/mean_system_cost": 1376.0389423076924,
  "eval/std_system_cost": 189.14748004513348,
  "eval/frac_actions_at_cap": 0.0,
  "eval/frac_capacity_binds": 0.9038461538461539,
  "eval/frac_allocation_triggers": 0.9596153846153846,
  "eval/retailer_a_cost": 57.41682692307692,
  "eval/retailer_b_cost": 77.39326923076923,
  "eval/wholesaler_cost": 465.8889423076922,
  "eval/distributor_cost": 413.19855769230765,
  "eval/factory_cost": 362.14134615384614,
  "eval/bullwhip_retailer_a": 0.3806599829824021,
  "eval/bullwhip_retailer_b": 0.4525781876271594,
  "eval/bullwhip_wholesaler": 2.1162189174164743,
  "eval/bullwhip_distributor": 2.785856392519524,
  "eval/bullwhip_factory": 3.898103559202496
}