{
  "eval/mean_system_cost": 103.12692307692308,
  "eval/std_system_cost": 26.89360433526923,
  "eval/frac_actions_at_cap": 0.0,
  "eval/frac_capacity_binds": 0.0,
  "eval/frac_allocation_triggers": 0.7403846153846154,
  "eval/retailer_a_cost": 11.495673076923078,
  "eval/retailer_b_cost": 12.442788461538461,
  "eval/wholesaler_cost": 37.333173076923075,
  "eval/distributor_cost": 27.067307692307697,
  "eval/factory_cost": 14.787980769230767,
  "eval/bullwhip_retailer_a": 1.01911691347931,
  "eval/bullwhip_retailer_b": 0.8722918365325918,
  "eval/bullwhip_wholesaler": 3.4051715189330056,
  "eval/bullwhip_distributor": 4.206529498497024,
  "eval/bullwhip_factory": 4.839986940598272,
  "eval/sharing_rate": 0.49480769230769245,
  "eval/honesty_score": -0.05240021599398866,
  "eval/inflation_rate": 0.2558441558441558
}