{
  "eval/mean_system_cost": 1069.2259615384614,
  "eval/std_system_cost": 176.64964752469538,
  "eval/frac_actions_at_cap": 0.0,
  "eval/frac_capacity_binds": 0.9423076923076923,
  "eval/frac_allocation_triggers": 0.9615384615384616,
  "eval/retailer_a_cost": 30.758173076923082,
  "eval/retailer_b_cost": 38.55432692307692,
  "eval/wholesaler_cost": 325.61153846153843,
  "eval/distributor_cost": 273.8240384615384,
  "eval/factory_cost": 400.4778846153846,
  "eval/bullwhip_retailer_a": 0.3137457792478824,
  "eval/bullwhip_retailer_b": 0.39141352718487205,
  "eval/bullwhip_wholesaler": 1.6476595795884326,
  "eval/bullwhip_distributor": 2.300246382661399,
  "eval/bullwhip_factory": 3.414286729554606
}