{
  "eval/mean_system_cost": 918.4947115384615,
  "eval/std_system_cost": 351.73845981775804,
  "eval/frac_actions_at_cap": 0.0,
  "eval/frac_capacity_binds": 0.7711538461538462,
  "eval/frac_allocation_triggers": 0.9634615384615385,
  "eval/retailer_a_cost": 72.62211538461538,
  "eval/retailer_b_cost": 71.24471153846153,
  "eval/wholesaler_cost": 301.74134615384617,
  "eval/distributor_cost": 257.8923076923077,
  "eval/factory_cost": 214.99423076923077,
  "eval/bullwhip_retailer_a": 0.9421932273067862,
  "eval/bullwhip_retailer_b": 0.9783943416318457,
  "eval/bullwhip_wholesaler": 2.579854029619141,
  "eval/bullwhip_distributor": 2.9807825916453465,
  "eval/bullwhip_factory": 5.081994781927784
}