{
  "eval/mean_system_cost": 563.9307692307693,
  "eval/std_system_cost": 184.16994054104086,
  "eval/frac_actions_at_cap": 0.0,
  "eval/frac_capacity_binds": 0.6240384615384615,
  "eval/frac_allocation_triggers": 0.9644230769230769,
  "eval/retailer_a_cost": 90.67067307692307,
  "eval/retailer_b_cost": 80.0423076923077,
  "eval/wholesaler_cost": 114.00288461538462,
  "eval/distributor_cost": 146.11923076923077,
  "eval/factory_cost": 133.09567307692308,
  "eval/bullwhip_retailer_a": 0.4859186326451305,
  "eval/bullwhip_retailer_b": 0.5749897668583759,
  "eval/bullwhip_wholesaler": 1.6372104528434464,
  "eval/bullwhip_distributor": 1.8658869109418386,
  "eval/bullwhip_factory": 2.106243107129807
}