{
  "eval/mean_system_cost": 1457.679326923077,
  "eval/std_system_cost": 194.78204298726823,
  "eval/frac_actions_at_cap": 0.0,
  "eval/frac_capacity_binds": 0.8653846153846154,
  "eval/frac_allocation_triggers": 0.9807692307692307,
  "eval/retailer_a_cost": 36.14663461538461,
  "eval/retailer_b_cost": 51.184615384615384,
  "eval/wholesaler_cost": 458.64038461538456,
  "eval/distributor_cost": 445.90576923076924,
  "eval/factory_cost": 465.8019230769231,
  "eval/bullwhip_retailer_a": 0.3165348361130242,
  "eval/bullwhip_retailer_b": 0.3050446252070082,
  "eval/bullwhip_wholesaler": 2.16234829766633,
  "eval/bullwhip_distributor": 3.9210790880407416,
  "eval/bullwhip_factory": 5.025112841407974
}