{
  "eval/mean_system_cost": 476.9798076923077,
  "eval/std_system_cost": 148.62006628398441,
  "eval/frac_actions_at_cap": 0.0,
  "eval/frac_capacity_binds": 0.4980769230769231,
  "eval/frac_allocation_triggers": 0.9528846153846153,
  "eval/retailer_a_cost": 68.27067307692307,
  "eval/retailer_b_cost": 75.12596153846155,
  "eval/wholesaler_cost": 138.43269230769232,
  "eval/distributor_cost": 111.16538461538462,
  "eval/factory_cost": 83.98509615384616,
  "eval/bullwhip_retailer_a": 0.30938163103089855,
  "eval/bullwhip_retailer_b": 0.30778659478369985,
  "eval/bullwhip_wholesaler": 1.2059483952606158,
  "eval/bullwhip_distributor": 1.3371996746126056,
  "eval/bullwhip_factory": 1.4651874300510148
}