{
  "eval/mean_system_cost": 728.571153846154,
  "eval/std_system_cost": 142.6932644457869,
  "eval/frac_actions_at_cap": 0.0,
  "eval/frac_capacity_binds": 0.6682692307692307,
  "eval/frac_allocation_triggers": 0.9557692307692308,
  "eval/retailer_a_cost": 80.75384615384615,
  "eval/retailer_b_cost": 89.14903846153848,
  "eval/wholesaler_cost": 190.72548076923078,
  "eval/distributor_cost": 184.29278846153844,
  "eval/factory_cost": 183.65000000000003,
  "eval/bullwhip_retailer_a": 0.8321435011239118,
  "eval/bullwhip_retailer_b": 0.7677353760708465,
  "eval/bullwhip_wholesaler": 2.505102600348023,
  "eval/bullwhip_distributor": 2.9857859866108307,
  "eval/bullwhip_factory": 3.488752629678642,
  "eval/sharing_rate": 0.5305769230769231,
  "eval/honesty_score": -0.04004933941498019,
  "eval/inflation_rate": 0.2733668341708543
}