{
  "eval/mean_system_cost": 358.5283653846153,
  "eval/std_system_cost": 134.086471111596,
  "eval/frac_actions_at_cap": 0.0,
  "eval/frac_capacity_binds": 0.5557692307692308,
  "eval/frac_allocation_triggers": 0.926923076923077,
  "eval/retailer_cost": 100.35,
  "eval/wholesaler_cost": 84.46923076923079,
  "eval/distributor_cost": 86.06057692307692,
  "eval/factory_cost": 87.64855769230769,
  "eval/bullwhip_retailer": 1.085849021079383,
  "eval/bullwhip_wholesaler": 1.100340046535348,
  "eval/bullwhip_distributor": 1.1181432181705286,
  "eval/bullwhip_factory": 1.1359433024305639
}