{
  "eval/mean_system_cost": 568.2283653846154,
  "eval/std_system_cost": 191.07625732154685,
  "eval/frac_actions_at_cap": 0.0,
  "eval/frac_capacity_binds": 0.6605769230769231,
  "eval/frac_allocation_triggers": 0.9730769230769231,
  "eval/retailer_a_cost": 31.670673076923077,
  "eval/retailer_b_cost": 29.800961538461536,
  "eval/wholesaler_cost": 178.3610576923077,
  "eval/distributor_cost": 162.24374999999998,
  "eval/factory_cost": 166.15192307692308,
  "eval/bullwhip_retailer_a": 0.9455880609076418,
  "eval/bullwhip_retailer_b": 0.9430518696241678,
  "eval/bullwhip_wholesaler": 2.973001544086138,
  "eval/bullwhip_distributor": 4.074637748357252,
  "eval/bullwhip_factory": 5.149150840463465,
  "eval/sharing_rate": 0.2990384615384615,
  "eval/honesty_score": -0.04926721628780127,
  "eval/inflation_rate": 0.2490118577075099
}