{
  "eval/mean_system_cost": 995.3903846153846,
  "eval/std_system_cost": 189.01910020480398,
  "eval/frac_actions_at_cap": 0.0,
  "eval/frac_capacity_binds": 0.9423076923076923,
  "eval/frac_allocation_triggers": 0.9615384615384616,
  "eval/retailer_a_cost": 85.10528846153846,
  "eval/retailer_b_cost": 67.44278846153847,
  "eval/wholesaler_cost": 251.02163461538458,
  "eval/distributor_cost": 218.02548076923077,
  "eval/factory_cost": 373.79519230769233,
  "eval/bullwhip_retailer_a": 0.26697580167045376,
  "eval/bullwhip_retailer_b": 0.4004460819126132,
  "eval/bullwhip_wholesaler": 1.3600828003899166,
  "eval/bullwhip_distributor": 1.9848840042137819,
  "eval/bullwhip_factory": 3.0385675401364454
}