{
  "eval/mean_system_cost": 1255.9485576923075,
  "eval/std_system_cost": 307.97415830933653,
  "eval/frac_actions_at_cap": 0.0,
  "eval/frac_capacity_binds": 0.8423076923076923,
  "eval/frac_allocation_triggers": 0.9673076923076923,
  "eval/retailer_a_cost": 67.64999999999999,
  "eval/retailer_b_cost": 83.74567307692308,
  "eval/wholesaler_cost": 418.61201923076925,
  "eval/distributor_cost": 367.75432692307686,
  "eval/factory_cost": 318.1865384615384,
  "eval/bullwhip_retailer_a": 0.8010561032683372,
  "eval/bullwhip_retailer_b": 0.8341474178644391,
  "eval/bullwhip_wholesaler": 2.4712374891820974,
  "eval/bullwhip_distributor": 3.066592175099866,
  "eval/bullwhip_factory": 3.5799265466889825
}