{
  "eval/mean_system_cost": 52.80625,
  "eval/std_system_cost": 10.666691729574461,
  "eval/frac_actions_at_cap": 0.0,
  "eval/frac_capacity_binds": 0.0,
  "eval/frac_allocation_triggers": 0.6942307692307692,
  "eval/retailer_cost": 14.912019230769232,
  "eval/wholesaler_cost": 15.405769230769234,
  "eval/distributor_cost": 13.525,
  "eval/factory_cost": 8.96346153846154,
  "eval/bullwhip_retailer": 2.0230142053673363,
  "eval/bullwhip_wholesaler": 2.9621689751797318,
  "eval/bullwhip_distributor": 3.3673645922812385,
  "eval/bullwhip_factory": 4.015992350192967,
  "eval/sharing_rate": 0.5281250000000001,
  "eval/honesty_score": -0.044166379440338806,
  "eval/inflation_rate": 0.22022160664819945
}