{
  "eval/mean_system_cost": 440.46057692307687,
  "eval/std_system_cost": 50.95089900730277,
  "eval/frac_actions_at_cap": 0.0,
  "eval/frac_capacity_binds": 0.33365384615384613,
  "eval/frac_allocation_triggers": 0.9471153846153846,
  "eval/retailer_a_cost": 113.94134615384617,
  "eval/retailer_b_cost": 125.90865384615384,
  "eval/wholesaler_cost": 115.51826923076923,
  "eval/distributor_cost": 35.68653846153846,
  "eval/factory_cost": 49.40576923076923,
  "eval/bullwhip_retailer_a": 0.2622163474031683,
  "eval/bullwhip_retailer_b": 0.27937317809260076,
  "eval/bullwhip_wholesaler": 0.6053757953357458,
  "eval/bullwhip_distributor": 0.6843868646426254,
  "eval/bullwhip_factory": 0.7282412852900089
}