{
  "eval/mean_system_cost": 715.7216346153846,
  "eval/std_system_cost": 203.78747253779204,
  "eval/frac_actions_at_cap": 0.0,
  "eval/frac_capacity_binds": 0.6692307692307692,
  "eval/frac_allocation_triggers": 0.9701923076923077,
  "eval/retailer_a_cost": 36.03365384615385,
  "eval/retailer_b_cost": 52.648076923076914,
  "eval/wholesaler_cost": 238.97403846153847,
  "eval/distributor_cost": 198.25240384615384,
  "eval/factory_cost": 189.81346153846152,
  "eval/bullwhip_retailer_a": 0.961520173233992,
  "eval/bullwhip_retailer_b": 0.9534033931120168,
  "eval/bullwhip_wholesaler": 2.9488516340987663,
  "eval/bullwhip_distributor": 3.9643294815111707,
  "eval/bullwhip_factory": 4.779499963156572,
  "eval/sharing_rate": 0.26538461538461544,
  "eval/honesty_score": -0.0462741638492859,
  "eval/inflation_rate": 0.24380574826560952
}