{
  "eval/mean_system_cost": 1198.1307692307694,
  "eval/std_system_cost": 232.4137681159128,
  "eval/frac_actions_at_cap": 0.0,
  "eval/frac_capacity_binds": 0.8653846153846154,
  "eval/frac_allocation_triggers": 0.9807692307692307,
  "eval/retailer_a_cost": 45.200961538461534,
  "eval/retailer_b_cost": 37.933653846153845,
  "eval/wholesaler_cost": 442.026923076923,
  "eval/distributor_cost": 371.32788461538456,
  "eval/factory_cost": 301.6413461538462,
  "eval/bullwhip_retailer_a": 0.546063510783593,
  "eval/bullwhip_retailer_b": 0.5332587579514025,
  "eval/bullwhip_wholesaler": 1.8780300079371413,
  "eval/bullwhip_distributor": 2.689667943889134,
  "eval/bullwhip_factory": 4.824904534275576
}