{
  "eval/mean_system_cost": 347.21586538461537,
  "eval/std_system_cost": 111.06424953481603,
  "eval/frac_actions_at_cap": 0.0,
  "eval/frac_capacity_binds": 0.6903846153846154,
  "eval/frac_allocation_triggers": 0.95,
  "eval/retailer_cost": 53.68269230769231,
  "eval/wholesaler_cost": 69.43173076923077,
  "eval/distributor_cost": 96.51875,
  "eval/factory_cost": 127.58269230769231,
  "eval/bullwhip_retailer": 1.8481214736332157,
  "eval/bullwhip_wholesaler": 2.655967673195797,
  "eval/bullwhip_distributor": 3.2740345594513656,
  "eval/bullwhip_factory": 4.244604252401145,
  "eval/sharing_rate": 0.47668269230769245,
  "eval/honesty_score": -0.03488316558564154,
  "eval/inflation_rate": 0.3103103103103103
}