{
  "eval/mean_system_cost": 165.32836538461538,
  "eval/std_system_cost": 35.09891523317335,
  "eval/frac_actions_at_cap": 0.0,
  "eval/frac_capacity_binds": 0.0,
  "eval/frac_allocation_triggers": 0.95,
  "eval/retailer_a_cost": 45.18317307692309,
  "eval/retailer_b_cost": 19.677403846153844,
  "eval/wholesaler_cost": 30.54471153846154,
  "eval/distributor_cost": 37.06778846153846,
  "eval/factory_cost": 32.85528846153846,
  "eval/bullwhip_retailer_a": 0.3833624629327061,
  "eval/bullwhip_retailer_b": 0.30707440986538254,
  "eval/bullwhip_wholesaler": 1.3485628121211493,
  "eval/bullwhip_distributor": 2.487495171584181,
  "eval/bullwhip_factory": 4.1332063517951685
}