{
  "eval/mean_system_cost": 474.1115384615383,
  "eval/std_system_cost": 83.8794096121253,
  "eval/frac_actions_at_cap": 0.0,
  "eval/frac_capacity_binds": 0.9807692307692307,
  "eval/frac_allocation_triggers": 0.9432692307692307,
  "eval/retailer_cost": 65.69086538461538,
  "eval/wholesaler_cost": 205.32884615384614,
  "eval/distributor_cost": 103.35721153846154,
  "eval/factory_cost": 99.7346153846154,
  "eval/bullwhip_retailer": 1.6294383417187868,
  "eval/bullwhip_wholesaler": 1.6643133462411512,
  "eval/bullwhip_distributor": 1.9454462028227295,
  "eval/bullwhip_factory": 2.491394291287784
}