{
  "eval/mean_system_cost": 106.50673076923076,
  "eval/std_system_cost": 21.852018380129167,
  "eval/frac_actions_at_cap": 0.0,
  "eval/frac_capacity_binds": 0.0,
  "eval/frac_allocation_triggers": 0.7451923076923077,
  "eval/retailer_a_cost": 12.85,
  "eval/retailer_b_cost": 11.80576923076923,
  "eval/wholesaler_cost": 35.04711538461539,
  "eval/distributor_cost": 26.968269230769227,
  "eval/factory_cost": 19.835576923076925,
  "eval/bullwhip_retailer_a": 1.1828562191316458,
  "eval/bullwhip_retailer_b": 1.3069570963130108,
  "eval/bullwhip_wholesaler": 3.922569012938438,
  "eval/bullwhip_distributor": 5.708142579351298,
  "eval/bullwhip_factory": 7.209168027451773
}