{
  "eval/mean_system_cost": 105.31826923076922,
  "eval/std_system_cost": 28.735785478194543,
  "eval/frac_actions_at_cap": 0.0,
  "eval/frac_capacity_binds": 0.0,
  "eval/frac_allocation_triggers": 0.7826923076923077,
  "eval/retailer_a_cost": 13.439423076923077,
  "eval/retailer_b_cost": 14.747596153846155,
  "eval/wholesaler_cost": 33.81105769230769,
  "eval/distributor_cost": 26.938461538461535,
  "eval/factory_cost": 16.381730769230764,
  "eval/bullwhip_retailer_a": 1.1407697507716872,
  "eval/bullwhip_retailer_b": 1.2182714711248506,
  "eval/bullwhip_wholesaler": 3.435209322985901,
  "eval/bullwhip_distributor": 4.436629091703677,
  "eval/bullwhip_factory": 5.343190853880214,
  "eval/sharing_rate": 0.48365384615384616,
  "eval/honesty_score": -0.055358800382070514,
  "eval/inflation_rate": 0.25061425061425063
}