{
  "eval/mean_system_cost": 910.7317307692307,
  "eval/std_system_cost": 169.18486606741752,
  "eval/frac_actions_at_cap": 0.0,
  "eval/frac_capacity_binds": 0.7490384615384615,
  "eval/frac_allocation_triggers": 0.9653846153846154,
  "eval/retailer_a_cost": 46.8764423076923,
  "eval/retailer_b_cost": 43.408653846153854,
  "eval/wholesaler_cost": 300.59326923076924,
  "eval/distributor_cost": 271.70432692307685,
  "eval/factory_cost": 248.14903846153848,
  "eval/bullwhip_retailer_a": 0.7646166125794052,
  "eval/bullwhip_retailer_b": 0.7214643686584332,
  "eval/bullwhip_wholesaler": 2.94475112712765,
  "eval/bullwhip_distributor": 3.7056824375202084,
  "eval/bullwhip_factory": 4.586763207569016,
  "eval/sharing_rate": 0.46769230769230774,
  "eval/honesty_score": -0.04022148317985769,
  "eval/inflation_rate": 0.2101593625498008
}