{
  "eval/mean_system_cost": 695.1331730769232,
  "eval/std_system_cost": 140.8001677357709,
  "eval/frac_actions_at_cap": 0.0,
  "eval/frac_capacity_binds": 0.6932692307692307,
  "eval/frac_allocation_triggers": 0.9615384615384616,
  "eval/retailer_a_cost": 31.910576923076928,
  "eval/retailer_b_cost": 27.768750000000004,
  "eval/wholesaler_cost": 231.76826923076925,
  "eval/distributor_cost": 208.26153846153846,
  "eval/factory_cost": 195.42403846153846,
  "eval/bullwhip_retailer_a": 0.7009761779109612,
  "eval/bullwhip_retailer_b": 0.7534561195935267,
  "eval/bullwhip_wholesaler": 3.006809245056903,
  "eval/bullwhip_distributor": 3.8773810690558057,
  "eval/bullwhip_factory": 4.94076932323243,
  "eval/sharing_rate": 0.28980769230769227,
  "eval/honesty_score": -0.04778526233083653,
  "eval/inflation_rate": 0.234
}