{
  "eval/mean_system_cost": 834.0975961538463,
  "eval/std_system_cost": 236.8499533657274,
  "eval/frac_actions_at_cap": 0.0,
  "eval/frac_capacity_binds": 0.8048076923076923,
  "eval/frac_allocation_triggers": 0.9259615384615385,
  "eval/retailer_cost": 90.44230769230768,
  "eval/wholesaler_cost": 179.6230769230769,
  "eval/distributor_cost": 247.64903846153848,
  "eval/factory_cost": 316.3831730769231,
  "eval/bullwhip_retailer": 1.3887567606070195,
  "eval/bullwhip_wholesaler": 2.448496239976941,
  "eval/bullwhip_distributor": 4.9706015870761195,
  "eval/bullwhip_factory": 8.361781616714387
}