{
  "eval/mean_system_cost": 95.84615384615385,
  "eval/std_system_cost": 14.023459120176671,
  "eval/frac_actions_at_cap": 0.0,
  "eval/frac_capacity_binds": 0.0,
  "eval/frac_allocation_triggers": 0.6509615384615385,
  "eval/retailer_a_cost": 8.304807692307692,
  "eval/retailer_b_cost": 8.526442307692308,
  "eval/wholesaler_cost": 32.88269230769231,
  "eval/distributor_cost": 28.65673076923077,
  "eval/factory_cost": 17.475480769230767,
  "eval/bullwhip_retailer_a": 1.1484497193201313,
  "eval/bullwhip_retailer_b": 1.238052662076624,
  "eval/bullwhip_wholesaler": 4.689050463742724,
  "eval/bullwhip_distributor": 6.107376224275518,
  "eval/bullwhip_factory": 7.834090943592035
}