{
  "eval/mean_system_cost": 402.0740384615384,
  "eval/std_system_cost": 162.4957582258169,
  "eval/frac_actions_at_cap": 0.0,
  "eval/frac_capacity_binds": 0.6307692307692307,
  "eval/frac_allocation_triggers": 0.9211538461538461,
  "eval/retailer_cost": 102.15913461538462,
  "eval/wholesaler_cost": 100.87067307692308,
  "eval/distributor_cost": 99.93221153846153,
  "eval/factory_cost": 99.11201923076923,
  "eval/bullwhip_retailer": 1.051073700693025,
  "eval/bullwhip_wholesaler": 1.0956825901065999,
  "eval/bullwhip_distributor": 1.139351987273979,
  "eval/bullwhip_factory": 1.1807339228440399
}