{
  "eval/mean_system_cost": 1435.876923076923,
  "eval/std_system_cost": 221.2557281961653,
  "eval/frac_actions_at_cap": 0.0,
  "eval/frac_capacity_binds": 0.8519230769230769,
  "eval/frac_allocation_triggers": 0.9519230769230769,
  "eval/retailer_a_cost": 101.54567307692307,
  "eval/retailer_b_cost": 86.5966346153846,
  "eval/wholesaler_cost": 461.0394230769231,
  "eval/distributor_cost": 415.45,
  "eval/factory_cost": 371.24519230769226,
  "eval/bullwhip_retailer_a": 0.5160575153364946,
  "eval/bullwhip_retailer_b": 0.5837052529419816,
  "eval/bullwhip_wholesaler": 2.544474051123578,
  "eval/bullwhip_distributor": 3.137121361472433,
  "eval/bullwhip_factory": 3.677182140915024
}