{
  "eval/mean_system_cost": 114.85961538461538,
  "eval/std_system_cost": 27.79319220446261,
  "eval/frac_actions_at_cap": 0.0,
  "eval/frac_capacity_binds": 0.3057692307692308,
  "eval/frac_allocation_triggers": 0.9221153846153847,
  "eval/retailer_cost": 71.20384615384616,
  "eval/wholesaler_cost": 9.886057692307691,
  "eval/distributor_cost": 12.630769230769229,
  "eval/factory_cost": 21.138942307692307,
  "eval/bullwhip_retailer": 1.6285161530459047,
  "eval/bullwhip_wholesaler": 1.607673345709237,
  "eval/bullwhip_distributor": 1.592691572134283,
  "eval/bullwhip_factory": 1.582923615134318
}