{
  "eval/mean_system_cost": 965.6149038461538,
  "eval/std_system_cost": 203.91009393778688,
  "eval/frac_actions_at_cap": 0.0,
  "eval/frac_capacity_binds": 0.7038461538461539,
  "eval/frac_allocation_triggers": 0.9586538461538462,
  "eval/retailer_a_cost": 100.30192307692309,
  "eval/retailer_b_cost": 80.84086538461538,
  "eval/wholesaler_cost": 292.7014423076923,
  "eval/distributor_cost": 256.0860576923077,
  "eval/factory_cost": 235.68461538461537,
  "eval/bullwhip_retailer_a": 0.8471570134086668,
  "eval/bullwhip_retailer_b": 0.8787918246146974,
  "eval/bullwhip_wholesaler": 2.9596858840985405,
  "eval/bullwhip_distributor": 3.544436864259151,
  "eval/bullwhip_factory": 4.327593894441654,
  "eval/sharing_rate": 0.34826923076923066,
  "eval/honesty_score": -0.04744505080783296,
  "eval/inflation_rate": 0.24148296593186372
}