{
  "eval/mean_system_cost": 765.7548076923077,
  "eval/std_system_cost": 66.41671592604446,
  "eval/frac_actions_at_cap": 0.0,
  "eval/frac_capacity_binds": 0.8653846153846154,
  "eval/frac_allocation_triggers": 0.9538461538461539,
  "eval/retailer_cost": 16.623076923076926,
  "eval/wholesaler_cost": 172.71875000000006,
  "eval/distributor_cost": 243.75721153846152,
  "eval/factory_cost": 332.65576923076924,
  "eval/bullwhip_retailer": 1.1235012593424323,
  "eval/bullwhip_wholesaler": 2.8152757877818124,
  "eval/bullwhip_distributor": 7.080424332712728,
  "eval/bullwhip_factory": 15.922591494768648
}