{
  "eval/mean_system_cost": 493.0374999999999,
  "eval/std_system_cost": 180.77493173037786,
  "eval/frac_actions_at_cap": 0.0,
  "eval/frac_capacity_binds": 0.5451923076923076,
  "eval/frac_allocation_triggers": 0.9644230769230769,
  "eval/retailer_a_cost": 75.54903846153846,
  "eval/retailer_b_cost": 74.02451923076924,
  "eval/wholesaler_cost": 142.85625000000002,
  "eval/distributor_cost": 114.44855769230769,
  "eval/factory_cost": 86.1591346153846,
  "eval/bullwhip_retailer_a": 0.5387985123969451,
  "eval/bullwhip_retailer_b": 0.5455306421906897,
  "eval/bullwhip_wholesaler": 1.2380214263207052,
  "eval/bullwhip_distributor": 1.3935545704458359,
  "eval/bullwhip_factory": 1.5209238893747405
}