{
  "eval/mean_system_cost": 196.0644230769231,
  "eval/std_system_cost": 45.128907051514126,
  "eval/retailer_cost": 13.020673076923078,
  "eval/wholesaler_cost": 25.708653846153844,
  "eval/distributor_cost": 62.42211538461538,
  "eval/factory_cost": 94.91298076923076,
  "eval/bullwhip_retailer": 1.7040334247888744,
  "eval/bullwhip_wholesaler": 2.5979379967812206,
  "eval/bullwhip_distributor": 3.331225245653007,
  "eval/bullwhip_factory": 4.121045189880821,
  "eval/sharing_rate": 0.34591346153846153,
  "eval/honesty_score": -0.08466613117299056,
  "eval/inflation_rate": 0.311178247734139
}