{
  "eval/mean_system_cost": 201.8259615384615,
  "eval/std_system_cost": 46.54682983607436,
  "eval/frac_actions_at_cap": 0.0,
  "eval/frac_capacity_binds": 0.0,
  "eval/frac_allocation_triggers": 0.9663461538461539,
  "eval/retailer_a_cost": 33.60288461538462,
  "eval/retailer_b_cost": 30.34375,
  "eval/wholesaler_cost": 48.12259615384615,
  "eval/distributor_cost": 46.037499999999994,
  "eval/factory_cost": 43.719230769230776,
  "eval/bullwhip_retailer_a": 0.5573365340431482,
  "eval/bullwhip_retailer_b": 0.5481179625308663,
  "eval/bullwhip_wholesaler": 1.226687932228615,
  "eval/bullwhip_distributor": 2.5139011756918492,
  "eval/bullwhip_factory": 4.757853573790268
}