{
  "eval/mean_system_cost": 393.67836538461535,
  "eval/std_system_cost": 105.14590430217345,
  "eval/frac_actions_at_cap": 0.0,
  "eval/frac_capacity_binds": 0.6692307692307692,
  "eval/frac_allocation_triggers": 0.9538461538461539,
  "eval/retailer_cost": 65.0076923076923,
  "eval/wholesaler_cost": 74.77211538461538,
  "eval/distributor_cost": 116.52403846153845,
  "eval/factory_cost": 137.37451923076924,
  "eval/bullwhip_retailer": 1.9958690313320022,
  "eval/bullwhip_wholesaler": 3.010185195568547,
  "eval/bullwhip_distributor": 3.684471848213522,
  "eval/bullwhip_factory": 4.535914336017225,
  "eval/sharing_rate": 0.48269230769230764,
  "eval/honesty_score": -0.03795397576380574,
  "eval/inflation_rate": 0.28084252758274825
}