{
  "eval/mean_system_cost": 472.4163461538461,
  "eval/std_system_cost": 143.19416170556903,
  "eval/frac_actions_at_cap": 0.0,
  "eval/frac_capacity_binds": 0.6971153846153846,
  "eval/frac_allocation_triggers": 0.9509615384615384,
  "eval/retailer_cost": 91.72403846153847,
  "eval/wholesaler_cost": 107.01634615384614,
  "eval/distributor_cost": 131.7875,
  "eval/factory_cost": 141.8884615384615,
  "eval/bullwhip_retailer": 2.055528762134232,
  "eval/bullwhip_wholesaler": 2.8498504292919478,
  "eval/bullwhip_distributor": 3.3913741563191158,
  "eval/bullwhip_factory": 4.028340930559146,
  "eval/sharing_rate": 0.5901442307692307,
  "eval/honesty_score": -0.03530933132078202,
  "eval/inflation_rate": 0.25623130608175476
}