{
  "eval/mean_system_cost": 1333.65,
  "eval/std_system_cost": 226.73686856479264,
  "eval/frac_actions_at_cap": 0.0,
  "eval/frac_capacity_binds": 0.8326923076923077,
  "eval/frac_allocation_triggers": 0.9490384615384615,
  "eval/retailer_a_cost": 83.56875,
  "eval/retailer_b_cost": 83.86153846153847,
  "eval/wholesaler_cost": 434.8850961538462,
  "eval/distributor_cost": 388.2793269230769,
  "eval/factory_cost": 343.05528846153845,
  "eval/bullwhip_retailer_a": 0.6065690937610688,
  "eval/bullwhip_retailer_b": 0.5625700300681724,
  "eval/bullwhip_wholesaler": 2.666826443139337,
  "eval/bullwhip_distributor": 3.2405564198463663,
  "eval/bullwhip_factory": 3.7677236909924994
}