{
  "eval/mean_system_cost": 1497.866346153846,
  "eval/std_system_cost": 193.62099949884177,
  "eval/frac_actions_at_cap": 0.0,
  "eval/frac_capacity_binds": 0.9038461538461539,
  "eval/frac_allocation_triggers": 0.9807692307692307,
  "eval/retailer_a_cost": 59.216826923076916,
  "eval/retailer_b_cost": 60.229326923076925,
  "eval/wholesaler_cost": 519.214423076923,
  "eval/distributor_cost": 459.06346153846164,
  "eval/factory_cost": 400.1423076923077,
  "eval/bullwhip_retailer_a": 0.30804804661277235,
  "eval/bullwhip_retailer_b": 0.31386620246865177,
  "eval/bullwhip_wholesaler": 1.8720158665443434,
  "eval/bullwhip_distributor": 2.6878759379068047,
  "eval/bullwhip_factory": 4.485826228802501
}