{
  "eval/mean_system_cost": 792.2663461538461,
  "eval/std_system_cost": 255.1831246554378,
  "eval/frac_actions_at_cap": 0.0,
  "eval/frac_capacity_binds": 0.6961538461538461,
  "eval/frac_allocation_triggers": 0.9769230769230769,
  "eval/retailer_a_cost": 40.105288461538464,
  "eval/retailer_b_cost": 33.489903846153844,
  "eval/wholesaler_cost": 272.92019230769233,
  "eval/distributor_cost": 231.30144230769233,
  "eval/factory_cost": 214.44951923076923,
  "eval/bullwhip_retailer_a": 0.9776187569016321,
  "eval/bullwhip_retailer_b": 0.9773704997960023,
  "eval/bullwhip_wholesaler": 2.9691056290998508,
  "eval/bullwhip_distributor": 4.070980941411324,
  "eval/bullwhip_factory": 5.064838488533471,
  "eval/sharing_rate": 0.47519230769230764,
  "eval/honesty_score": -0.036691031692182366,
  "eval/inflation_rate": 0.22145669291338582
}