{
  "eval/mean_system_cost": 1315.7504807692308,
  "eval/std_system_cost": 165.43651560073,
  "eval/frac_actions_at_cap": 0.0,
  "eval/frac_capacity_binds": 0.8211538461538461,
  "eval/frac_allocation_triggers": 0.948076923076923,
  "eval/retailer_a_cost": 29.89375,
  "eval/retailer_b_cost": 45.043749999999996,
  "eval/wholesaler_cost": 358.5471153846153,
  "eval/distributor_cost": 400.2673076923077,
  "eval/factory_cost": 481.9985576923077,
  "eval/bullwhip_retailer_a": 0.4746497245875075,
  "eval/bullwhip_retailer_b": 0.5236900620404821,
  "eval/bullwhip_wholesaler": 3.0299214385914444,
  "eval/bullwhip_distributor": 5.692416232957193,
  "eval/bullwhip_factory": 8.545312885808523
}