{
  "eval/mean_system_cost": 715.7269230769231,
  "eval/std_system_cost": 98.85948996200281,
  "eval/frac_actions_at_cap": 0.0,
  "eval/frac_capacity_binds": 0.864423076923077,
  "eval/frac_allocation_triggers": 0.9461538461538461,
  "eval/retailer_cost": 25.114423076923078,
  "eval/wholesaler_cost": 149.25480769230768,
  "eval/distributor_cost": 226.20576923076925,
  "eval/factory_cost": 315.1519230769231,
  "eval/bullwhip_retailer": 1.2674746989639978,
  "eval/bullwhip_wholesaler": 3.311222048145184,
  "eval/bullwhip_distributor": 7.748597613484994,
  "eval/bullwhip_factory": 14.843295507063138
}