{
  "eval/mean_system_cost": 301.9197115384616,
  "eval/std_system_cost": 65.6766542467374,
  "eval/retailer_cost": 49.17548076923077,
  "eval/wholesaler_cost": 72.87259615384616,
  "eval/distributor_cost": 82.16634615384616,
  "eval/factory_cost": 97.70528846153847,
  "eval/bullwhip_retailer": 1.792048501639359,
  "eval/bullwhip_wholesaler": 2.3084331865631027,
  "eval/bullwhip_distributor": 2.884045596218455,
  "eval/bullwhip_factory": 3.3183080195913512,
  "eval/sharing_rate": 0.49134615384615393,
  "eval/honesty_score": -0.07726322766578027,
  "eval/inflation_rate": 0.25829145728643216
}