{
  "eval/mean_system_cost": 1215.5072115384617,
  "eval/std_system_cost": 206.45150999417245,
  "eval/frac_actions_at_cap": 0.0,
  "eval/frac_capacity_binds": 0.8355769230769231,
  "eval/frac_allocation_triggers": 0.95,
  "eval/retailer_a_cost": 68.66442307692309,
  "eval/retailer_b_cost": 77.38365384615385,
  "eval/wholesaler_cost": 405.0298076923077,
  "eval/distributor_cost": 356.1048076923077,
  "eval/factory_cost": 308.3245192307692,
  "eval/bullwhip_retailer_a": 0.46194604277008305,
  "eval/bullwhip_retailer_b": 0.5901509054553844,
  "eval/bullwhip_wholesaler": 2.3935480337439525,
  "eval/bullwhip_distributor": 2.954889921827395,
  "eval/bullwhip_factory": 4.528158199235241
}