{
  "eval/mean_system_cost": 579.0413461538461,
  "eval/std_system_cost": 153.10644468846024,
  "eval/frac_actions_at_cap": 0.0,
  "eval/frac_capacity_binds": 0.6259615384615385,
  "eval/frac_allocation_triggers": 0.9557692307692308,
  "eval/retailer_a_cost": 44.558653846153845,
  "eval/retailer_b_cost": 53.458653846153844,
  "eval/wholesaler_cost": 166.84519230769232,
  "eval/distributor_cost": 154.58509615384617,
  "eval/factory_cost": 159.59375000000003,
  "eval/bullwhip_retailer_a": 0.9279873813137386,
  "eval/bullwhip_retailer_b": 0.8934616042348597,
  "eval/bullwhip_wholesaler": 2.996045121670924,
  "eval/bullwhip_distributor": 3.6623305019195564,
  "eval/bullwhip_factory": 4.457021283537103,
  "eval/sharing_rate": 0.47288461538461546,
  "eval/honesty_score": -0.04054426154409756,
  "eval/inflation_rate": 0.27867203219315895
}