{
  "eval/mean_system_cost": 853.5567307692309,
  "eval/std_system_cost": 184.71991464059818,
  "eval/frac_actions_at_cap": 0.0,
  "eval/frac_capacity_binds": 0.6788461538461539,
  "eval/frac_allocation_triggers": 0.9596153846153846,
  "eval/retailer_a_cost": 23.650961538461537,
  "eval/retailer_b_cost": 126.29374999999997,
  "eval/wholesaler_cost": 253.92259615384614,
  "eval/distributor_cost": 229.45336538461544,
  "eval/factory_cost": 220.23605769230767,
  "eval/bullwhip_retailer_a": 0.7623302563230281,
  "eval/bullwhip_retailer_b": 0.8745274171589764,
  "eval/bullwhip_wholesaler": 2.8794486061408424,
  "eval/bullwhip_distributor": 3.715336871332238,
  "eval/bullwhip_factory": 4.4400648837976355,
  "eval/sharing_rate": 0.34249999999999997,
  "eval/honesty_score": -0.04227901906105653,
  "eval/inflation_rate": 0.26126126126126126
}