{
  "eval/mean_system_cost": 1212.9076923076923,
  "eval/std_system_cost": 249.10827743911568,
  "eval/frac_actions_at_cap": 0.0,
  "eval/frac_capacity_binds": 0.7990384615384616,
  "eval/frac_allocation_triggers": 0.948076923076923,
  "eval/retailer_a_cost": 66.43461538461538,
  "eval/retailer_b_cost": 84.35721153846153,
  "eval/wholesaler_cost": 322.1211538461538,
  "eval/distributor_cost": 345.42884615384617,
  "eval/factory_cost": 394.5658653846154,
  "eval/bullwhip_retailer_a": 0.6476291508135688,
  "eval/bullwhip_retailer_b": 0.5188766877361651,
  "eval/bullwhip_wholesaler": 3.364944945844925,
  "eval/bullwhip_distributor": 6.286639524642375,
  "eval/bullwhip_factory": 8.63229933408749
}