{
  "eval/mean_system_cost": 198.52500000000003,
  "eval/std_system_cost": 66.42285988060839,
  "eval/retailer_cost": 15.703846153846154,
  "eval/wholesaler_cost": 45.18028846153846,
  "eval/distributor_cost": 61.01826923076923,
  "eval/factory_cost": 76.62259615384616,
  "eval/bullwhip_retailer": 1.8063118694989266,
  "eval/bullwhip_wholesaler": 2.3884738444655325,
  "eval/bullwhip_distributor": 3.087143332598732,
  "eval/bullwhip_factory": 3.9493589184278344,
  "eval/sharing_rate": 0.5358173076923077,
  "eval/honesty_score": -0.08015414538687005,
  "eval/inflation_rate": 0.32628398791540786
}