{
  "eval/mean_system_cost": 1467.8653846153843,
  "eval/std_system_cost": 236.33661159697425,
  "eval/frac_actions_at_cap": 0.0,
  "eval/frac_capacity_binds": 0.8653846153846154,
  "eval/frac_allocation_triggers": 0.9807692307692307,
  "eval/retailer_a_cost": 43.84086538461539,
  "eval/retailer_b_cost": 43.200480769230765,
  "eval/wholesaler_cost": 437.20576923076925,
  "eval/distributor_cost": 462.6076923076924,
  "eval/factory_cost": 481.0105769230769,
  "eval/bullwhip_retailer_a": 0.5527441333479924,
  "eval/bullwhip_retailer_b": 0.5577372745810919,
  "eval/bullwhip_wholesaler": 2.2950163839544664,
  "eval/bullwhip_distributor": 4.210399440767761,
  "eval/bullwhip_factory": 5.4071599081538135
}