{
  "eval/mean_system_cost": 442.8504807692308,
  "eval/std_system_cost": 75.50858144360394,
  "eval/frac_actions_at_cap": 0.0,
  "eval/frac_capacity_binds": 0.8586538461538461,
  "eval/frac_allocation_triggers": 0.9596153846153846,
  "eval/retailer_cost": 17.893749999999997,
  "eval/wholesaler_cost": 115.97980769230769,
  "eval/distributor_cost": 101.80384615384614,
  "eval/factory_cost": 207.17307692307696,
  "eval/bullwhip_retailer": 1.1010141944663965,
  "eval/bullwhip_wholesaler": 1.6015669663124443,
  "eval/bullwhip_distributor": 4.2579971951557845,
  "eval/bullwhip_factory": 7.262366430985491
}