{
  "eval/mean_system_cost": 76.87163461538462,
  "eval/std_system_cost": 4.27866170194482,
  "eval/frac_actions_at_cap": 0.0,
  "eval/frac_capacity_binds": 0.0,
  "eval/frac_allocation_triggers": 0.8346153846153846,
  "eval/retailer_cost": 8.93701923076923,
  "eval/wholesaler_cost": 43.119711538461544,
  "eval/distributor_cost": 9.701923076923078,
  "eval/factory_cost": 15.112980769230765,
  "eval/bullwhip_retailer": 1.1460318036820438,
  "eval/bullwhip_wholesaler": 1.7814162720442475,
  "eval/bullwhip_distributor": 2.1875887385271002,
  "eval/bullwhip_factory": 3.3008309480829388
}