{
  "eval/mean_system_cost": 501.88942307692315,
  "eval/std_system_cost": 214.9747460377304,
  "eval/frac_actions_at_cap": 0.0,
  "eval/frac_capacity_binds": 0.7211538461538461,
  "eval/frac_allocation_triggers": 0.9317307692307693,
  "eval/retailer_cost": 81.39567307692307,
  "eval/wholesaler_cost": 92.8451923076923,
  "eval/distributor_cost": 134.51875,
  "eval/factory_cost": 193.12980769230768,
  "eval/bullwhip_retailer": 1.1168890272982712,
  "eval/bullwhip_wholesaler": 1.6731589454791687,
  "eval/bullwhip_distributor": 3.759751058496607,
  "eval/bullwhip_factory": 7.068497366898913
}