{
  "eval/mean_system_cost": 723.7379807692308,
  "eval/std_system_cost": 223.88286235560017,
  "eval/frac_actions_at_cap": 0.0,
  "eval/frac_capacity_binds": 0.6692307692307692,
  "eval/frac_allocation_triggers": 0.9740384615384615,
  "eval/retailer_a_cost": 66.41682692307691,
  "eval/retailer_b_cost": 41.129326923076924,
  "eval/wholesaler_cost": 232.01538461538462,
  "eval/distributor_cost": 200.3471153846154,
  "eval/factory_cost": 183.82932692307693,
  "eval/bullwhip_retailer_a": 0.9465458056785105,
  "eval/bullwhip_retailer_b": 1.0356309266976285,
  "eval/bullwhip_wholesaler": 2.843667346299827,
  "eval/bullwhip_distributor": 3.555105163911309,
  "eval/bullwhip_factory": 4.41693984456964,
  "eval/sharing_rate": 0.34538461538461535,
  "eval/honesty_score": -0.045716579236894705,
  "eval/inflation_rate": 0.23395853899308983
}