{
  "eval/mean_system_cost": 32.354326923076925,
  "eval/std_system_cost": 14.076423013856,
  "eval/frac_actions_at_cap": 0.0,
  "eval/frac_capacity_binds": 0.0,
  "eval/frac_allocation_triggers": 0.7067307692307693,
  "eval/retailer_cost": 8.425961538461538,
  "eval/wholesaler_cost": 9.452403846153846,
  "eval/distributor_cost": 8.683173076923078,
  "eval/factory_cost": 5.792788461538462,
  "eval/bullwhip_retailer": 2.7097392400994087,
  "eval/bullwhip_wholesaler": 3.1937209700086973,
  "eval/bullwhip_distributor": 5.663853822788775,
  "eval/bullwhip_factory": 4.75748546182157
}