{
  "eval/mean_system_cost": 527.5379807692309,
  "eval/std_system_cost": 192.90919561330588,
  "eval/frac_actions_at_cap": 0.0,
  "eval/frac_capacity_binds": 0.5711538461538461,
  "eval/frac_allocation_triggers": 0.9721153846153846,
  "eval/retailer_a_cost": 52.291826923076925,
  "eval/retailer_b_cost": 54.56153846153846,
  "eval/wholesaler_cost": 147.2918269230769,
  "eval/distributor_cost": 131.28028846153848,
  "eval/factory_cost": 142.1125,
  "eval/bullwhip_retailer_a": 0.9948244751164504,
  "eval/bullwhip_retailer_b": 1.0206764861443005,
  "eval/bullwhip_wholesaler": 2.679633119563536,
  "eval/bullwhip_distributor": 3.374107501300407,
  "eval/bullwhip_factory": 4.028983247942937,
  "eval/sharing_rate": 0.47596153846153844,
  "eval/honesty_score": -0.040537862382104314,
  "eval/inflation_rate": 0.26112759643916916
}