{
  "eval/mean_system_cost": 196.34615384615387,
  "eval/std_system_cost": 20.850500717668986,
  "eval/frac_actions_at_cap": 0.0,
  "eval/frac_capacity_binds": 0.0,
  "eval/frac_allocation_triggers": 0.46634615384615385,
  "eval/retailer_a_cost": 30.50817307692307,
  "eval/retailer_b_cost": 25.211057692307694,
  "eval/wholesaler_cost": 62.27451923076923,
  "eval/distributor_cost": 54.9548076923077,
  "eval/factory_cost": 23.397596153846155,
  "eval/bullwhip_retailer_a": 0.9038251428954973,
  "eval/bullwhip_retailer_b": 0.28160493815605603,
  "eval/bullwhip_wholesaler": 2.7768943907040806,
  "eval/bullwhip_distributor": 3.0216816081471123,
  "eval/bullwhip_factory": 3.1077005728120892
}