{
  "eval/mean_system_cost": 337.29615384615386,
  "eval/std_system_cost": 159.80412663799564,
  "eval/frac_actions_at_cap": 0.0,
  "eval/frac_capacity_binds": 0.5336538461538461,
  "eval/frac_allocation_triggers": 0.9134615384615384,
  "eval/retailer_cost": 87.4923076923077,
  "eval/wholesaler_cost": 85.1846153846154,
  "eval/distributor_cost": 83.23221153846154,
  "eval/factory_cost": 81.38701923076924,
  "eval/bullwhip_retailer": 1.0496250636288011,
  "eval/bullwhip_wholesaler": 1.0947149031597165,
  "eval/bullwhip_distributor": 1.1340200941490717,
  "eval/bullwhip_factory": 1.169057990466419
}