{
  "eval/mean_system_cost": 54.85,
  "eval/std_system_cost": 14.372258357024657,
  "eval/frac_actions_at_cap": 0.0,
  "eval/frac_capacity_binds": 0.0,
  "eval/frac_allocation_triggers": 0.6711538461538461,
  "eval/retailer_cost": 15.812980769230771,
  "eval/wholesaler_cost": 15.351923076923077,
  "eval/distributor_cost": 14.6375,
  "eval/factory_cost": 9.047596153846154,
  "eval/bullwhip_retailer": 2.220876820738783,
  "eval/bullwhip_wholesaler": 3.028150122887553,
  "eval/bullwhip_distributor": 3.532764000847525,
  "eval/bullwhip_factory": 3.7559112654332294,
  "eval/sharing_rate": 0.4362980769230769,
  "eval/honesty_score": -0.04521709791187618,
  "eval/inflation_rate": 0.20916905444126074
}