{
  "eval/mean_system_cost": 540.5024038461538,
  "eval/std_system_cost": 39.81381663626436,
  "eval/frac_actions_at_cap": 0.0,
  "eval/frac_capacity_binds": 0.9230769230769231,
  "eval/frac_allocation_triggers": 0.9461538461538461,
  "eval/retailer_cost": 8.555288461538463,
  "eval/wholesaler_cost": 16.801923076923075,
  "eval/distributor_cost": 175.49326923076922,
  "eval/factory_cost": 339.651923076923,
  "eval/bullwhip_retailer": 1.4029153439973348,
  "eval/bullwhip_wholesaler": 1.5773740886294472,
  "eval/bullwhip_distributor": 4.0450091942799995,
  "eval/bullwhip_factory": 6.803574993381496
}