{
  "uniform": {
    "process": "uniform",
    "mse_blind": 21.204973449211046,
    "mse_informed": 21.204980392156862,
    "mse_reduction": -6.9429458164904645e-06,
    "relative_mse_reduction": -3.274206323870113e-07,
    "lag1_r2": 0.0002762007990082527,
    "mean": 7.501884615384616,
    "var": 21.207304140532546,
    "n_pairs": 25500.0
  },
  "ar1": {
    "process": "ar1",
    "mse_blind": 7.965990268940712,
    "mse_informed": 4.137825490196079,
    "mse_reduction": 3.8281647787446333,
    "relative_mse_reduction": 0.4805635770948147,
    "lag1_r2": 0.4805786713595581,
    "mean": 7.517230769230769,
    "var": 7.894010792899409,
    "n_pairs": 25500.0
  },
  "regime_switch": {
    "process": "regime_switch",
    "mse_blind": 18.42148770251769,
    "mse_informed": 8.315956302802402,
    "mse_reduction": 10.10553139971529,
    "relative_mse_reduction": 0.5485730339973656,
    "lag1_r2": 0.48946169319131316,
    "mean": 7.993692307692307,
    "var": 18.42742175147929,
    "n_pairs": 25500.0
  },
  "classic_step": {
    "process": "classic_step",
    "mse_blind": 0.8910546467107553,
    "mse_informed": 0.3137254901960784,
    "mse_reduction": 0.5773291565146769,
    "relative_mse_reduction": 0.6479166666666667,
    "lag1_r2": 0.734375,
    "mean": 7.6923076923076925,
    "var": 1.136094674556213,
    "n_pairs": 25500.0
  }
}