{
  "eval/mean_system_cost": 291.5610576923077,
  "eval/std_system_cost": 71.41695988074274,
  "eval/frac_actions_at_cap": 0.0,
  "eval/frac_capacity_binds": 0.7067307692307693,
  "eval/frac_allocation_triggers": 0.9403846153846154,
  "eval/retailer_cost": 20.55,
  "eval/wholesaler_cost": 45.59423076923077,
  "eval/distributor_cost": 99.98317307692308,
  "eval/factory_cost": 125.43365384615386,
  "eval/bullwhip_retailer": 3.8018822047259424,
  "eval/bullwhip_wholesaler": 5.543214644666673,
  "eval/bullwhip_distributor": 7.843489168324045,
  "eval/bullwhip_factory": 10.640183210339844,
  "eval/sharing_rate": 0.45144230769230764,
  "eval/honesty_score": -0.036919263787937244,
  "eval/inflation_rate": 0.3140830800405269
}