{
  "eval/mean_system_cost": 132.6557692307692,
  "eval/std_system_cost": 32.82027874828891,
  "eval/frac_actions_at_cap": 0.0,
  "eval/frac_capacity_binds": 0.5778846153846153,
  "eval/frac_allocation_triggers": 0.8932692307692308,
  "eval/retailer_cost": 73.97307692307693,
  "eval/wholesaler_cost": 8.091826923076923,
  "eval/distributor_cost": 6.442788461538461,
  "eval/factory_cost": 44.14807692307692,
  "eval/bullwhip_retailer": 0.7354047599139982,
  "eval/bullwhip_wholesaler": 0.7435076634228848,
  "eval/bullwhip_distributor": 0.7506719116047258,
  "eval/bullwhip_factory": 1.682529278986862
}