{
  "eval/mean_system_cost": 397.48413461538456,
  "eval/std_system_cost": 86.11187487882306,
  "eval/frac_actions_at_cap": 0.0,
  "eval/frac_capacity_binds": 0.6894230769230769,
  "eval/frac_allocation_triggers": 0.9288461538461539,
  "eval/retailer_cost": 59.2860576923077,
  "eval/wholesaler_cost": 83.72740384615383,
  "eval/distributor_cost": 117.38365384615383,
  "eval/factory_cost": 137.08701923076922,
  "eval/bullwhip_retailer": 4.150902963364417,
  "eval/bullwhip_wholesaler": 6.705837647249371,
  "eval/bullwhip_distributor": 7.928645440746209,
  "eval/bullwhip_factory": 9.790741199299804,
  "eval/sharing_rate": 0.49951923076923066,
  "eval/honesty_score": -0.0359477723575435,
  "eval/inflation_rate": 0.2765957446808511
}