{
  "eval/mean_system_cost": 747.4341346153847,
  "eval/std_system_cost": 236.18579700535417,
  "eval/frac_actions_at_cap": 0.0,
  "eval/frac_capacity_binds": 0.65,
  "eval/frac_allocation_triggers": 0.9740384615384615,
  "eval/retailer_a_cost": 117.5283653846154,
  "eval/retailer_b_cost": 32.28798076923077,
  "eval/wholesaler_cost": 214.72884615384615,
  "eval/distributor_cost": 197.96778846153845,
  "eval/factory_cost": 184.92115384615383,
  "eval/bullwhip_retailer_a": 1.114822371311504,
  "eval/bullwhip_retailer_b": 1.0320386449865186,
  "eval/bullwhip_wholesaler": 2.899333326382948,
  "eval/bullwhip_distributor": 3.557302533226003,
  "eval/bullwhip_factory": 4.244255506285045,
  "eval/sharing_rate": 0.33788461538461534,
  "eval/honesty_score": -0.043613412626017374,
  "eval/inflation_rate": 0.28035538005923
}