{
  "eval/mean_system_cost": 801.1754807692307,
  "eval/std_system_cost": 238.96294406465714,
  "eval/frac_actions_at_cap": 0.0,
  "eval/frac_capacity_binds": 0.7923076923076923,
  "eval/frac_allocation_triggers": 0.9259615384615385,
  "eval/retailer_cost": 79.51298076923078,
  "eval/wholesaler_cost": 175.84999999999997,
  "eval/distributor_cost": 242.5841346153846,
  "eval/factory_cost": 303.22836538461536,
  "eval/bullwhip_retailer": 1.5820463675261596,
  "eval/bullwhip_wholesaler": 2.680968294196365,
  "eval/bullwhip_distributor": 5.028670331578129,
  "eval/bullwhip_factory": 8.595184643173685
}