{
  "eval/mean_system_cost": 978.4346153846154,
  "eval/std_system_cost": 327.7447287685599,
  "eval/frac_actions_at_cap": 0.0,
  "eval/frac_capacity_binds": 0.7701923076923077,
  "eval/frac_allocation_triggers": 0.9615384615384616,
  "eval/retailer_a_cost": 88.07211538461539,
  "eval/retailer_b_cost": 71.27740384615385,
  "eval/wholesaler_cost": 239.27211538461543,
  "eval/distributor_cost": 275.3192307692308,
  "eval/factory_cost": 304.49375,
  "eval/bullwhip_retailer_a": 0.9614516830534784,
  "eval/bullwhip_retailer_b": 0.4386701209935169,
  "eval/bullwhip_wholesaler": 2.352277717263403,
  "eval/bullwhip_distributor": 4.424601884743816,
  "eval/bullwhip_factory": 5.868981740719688
}