{
  "eval/mean_system_cost": 924.0346153846152,
  "eval/std_system_cost": 292.5714559806882,
  "eval/frac_actions_at_cap": 0.0,
  "eval/frac_capacity_binds": 0.6894230769230769,
  "eval/frac_allocation_triggers": 0.9701923076923077,
  "eval/retailer_a_cost": 84.55625,
  "eval/retailer_b_cost": 79.725,
  "eval/wholesaler_cost": 285.7192307692308,
  "eval/distributor_cost": 250.07548076923075,
  "eval/factory_cost": 223.95865384615382,
  "eval/bullwhip_retailer_a": 1.0565232963476388,
  "eval/bullwhip_retailer_b": 1.0764363633237577,
  "eval/bullwhip_wholesaler": 2.9564358174871557,
  "eval/bullwhip_distributor": 3.611422521653246,
  "eval/bullwhip_factory": 4.474079674950679,
  "eval/sharing_rate": 0.5096153846153847,
  "eval/honesty_score": -0.038877782184578255,
  "eval/inflation_rate": 0.2319127849355798
}