{
  "eval/mean_system_cost": 443.6749999999999,
  "eval/std_system_cost": 158.96856420825756,
  "eval/frac_actions_at_cap": 0.0,
  "eval/frac_capacity_binds": 0.6913461538461538,
  "eval/frac_allocation_triggers": 0.9509615384615384,
  "eval/retailer_cost": 66.48701923076923,
  "eval/wholesaler_cost": 95.07740384615383,
  "eval/distributor_cost": 129.07884615384614,
  "eval/factory_cost": 153.0317307692308,
  "eval/bullwhip_retailer": 2.1287421839260574,
  "eval/bullwhip_wholesaler": 3.086000039867308,
  "eval/bullwhip_distributor": 3.870774210494842,
  "eval/bullwhip_factory": 4.668175265767331,
  "eval/sharing_rate": 0.5228365384615383,
  "eval/honesty_score": -0.03601019443265197,
  "eval/inflation_rate": 0.28215353938185445
}