{
  "eval/mean_system_cost": 337.62836538461534,
  "eval/std_system_cost": 74.68994758281858,
  "eval/frac_actions_at_cap": 0.0,
  "eval/frac_capacity_binds": 0.7057692307692308,
  "eval/frac_allocation_triggers": 0.9365384615384615,
  "eval/retailer_cost": 48.393269230769235,
  "eval/wholesaler_cost": 71.06923076923077,
  "eval/distributor_cost": 90.38076923076923,
  "eval/factory_cost": 127.78509615384614,
  "eval/bullwhip_retailer": 3.666912620980753,
  "eval/bullwhip_wholesaler": 6.109195304858081,
  "eval/bullwhip_distributor": 7.759085279574225,
  "eval/bullwhip_factory": 9.825482664759907,
  "eval/sharing_rate": 0.48461538461538467,
  "eval/honesty_score": -0.03427354023918454,
  "eval/inflation_rate": 0.28816986855409504
}