{
  "eval/mean_system_cost": 94.48173076923078,
  "eval/std_system_cost": 31.888709040006084,
  "eval/frac_actions_at_cap": 0.0,
  "eval/frac_capacity_binds": 0.07403846153846154,
  "eval/frac_allocation_triggers": 0.9173076923076923,
  "eval/retailer_cost": 77.83317307692307,
  "eval/wholesaler_cost": 6.333173076923076,
  "eval/distributor_cost": 6.191346153846155,
  "eval/factory_cost": 4.124038461538462,
  "eval/bullwhip_retailer": 1.4380050030747482,
  "eval/bullwhip_wholesaler": 1.4256364450900023,
  "eval/bullwhip_distributor": 1.4236062763823147,
  "eval/bullwhip_factory": 1.5551402558301954
}