{
  "eval/mean_system_cost": 623.272596153846,
  "eval/std_system_cost": 218.12610779620272,
  "eval/frac_actions_at_cap": 0.0,
  "eval/frac_capacity_binds": 0.6557692307692308,
  "eval/frac_allocation_triggers": 0.9644230769230769,
  "eval/retailer_a_cost": 89.7014423076923,
  "eval/retailer_b_cost": 87.52067307692309,
  "eval/wholesaler_cost": 173.65144230769232,
  "eval/distributor_cost": 148.5793269230769,
  "eval/factory_cost": 123.81971153846155,
  "eval/bullwhip_retailer_a": 0.5387985123969451,
  "eval/bullwhip_retailer_b": 0.5455306421906897,
  "eval/bullwhip_wholesaler": 1.2380214263207052,
  "eval/bullwhip_distributor": 1.3935545704458359,
  "eval/bullwhip_factory": 1.5209238893747405
}