{
  "eval/mean_system_cost": 132.9975961538462,
  "eval/std_system_cost": 50.05278351797789,
  "eval/frac_actions_at_cap": 0.0,
  "eval/frac_capacity_binds": 0.0625,
  "eval/frac_allocation_triggers": 0.9134615384615384,
  "eval/retailer_cost": 115.85432692307693,
  "eval/wholesaler_cost": 6.182211538461539,
  "eval/distributor_cost": 5.665384615384616,
  "eval/factory_cost": 5.2956730769230775,
  "eval/bullwhip_retailer": 0.5092627147062675,
  "eval/bullwhip_wholesaler": 0.5058310983670301,
  "eval/bullwhip_distributor": 0.5026820857263181,
  "eval/bullwhip_factory": 0.500219850537969
}