{
  "eval/mean_system_cost": 599.4096153846153,
  "eval/std_system_cost": 166.10322397025777,
  "eval/frac_actions_at_cap": 0.0,
  "eval/frac_capacity_binds": 0.6480769230769231,
  "eval/frac_allocation_triggers": 0.9519230769230769,
  "eval/retailer_a_cost": 84.1283653846154,
  "eval/retailer_b_cost": 84.96298076923077,
  "eval/wholesaler_cost": 167.2730769230769,
  "eval/distributor_cost": 143.36346153846154,
  "eval/factory_cost": 119.68173076923074,
  "eval/bullwhip_retailer_a": 0.3103374439234082,
  "eval/bullwhip_retailer_b": 0.3083890998557286,
  "eval/bullwhip_wholesaler": 1.2060026932643229,
  "eval/bullwhip_distributor": 1.3377753399852594,
  "eval/bullwhip_factory": 1.467595470998964
}