{
  "eval/mean_system_cost": 853.1004807692307,
  "eval/std_system_cost": 188.56562168228638,
  "eval/frac_actions_at_cap": 0.0,
  "eval/frac_capacity_binds": 0.6875,
  "eval/frac_allocation_triggers": 0.9548076923076924,
  "eval/retailer_a_cost": 86.77115384615385,
  "eval/retailer_b_cost": 104.25048076923076,
  "eval/wholesaler_cost": 231.9288461538462,
  "eval/distributor_cost": 217.04615384615386,
  "eval/factory_cost": 213.10384615384615,
  "eval/bullwhip_retailer_a": 0.9186346196830604,
  "eval/bullwhip_retailer_b": 0.8792007569238114,
  "eval/bullwhip_wholesaler": 2.7635069547286952,
  "eval/bullwhip_distributor": 3.3416220491873987,
  "eval/bullwhip_factory": 3.899760184553335,
  "eval/sharing_rate": 0.4559615384615385,
  "eval/honesty_score": -0.040866004223069415,
  "eval/inflation_rate": 0.27927927927927926
}