{
  "eval/mean_system_cost": 852.7889423076924,
  "eval/std_system_cost": 148.41091508975754,
  "eval/frac_actions_at_cap": 0.0,
  "eval/frac_capacity_binds": 0.725,
  "eval/frac_allocation_triggers": 0.9615384615384616,
  "eval/retailer_a_cost": 29.231250000000006,
  "eval/retailer_b_cost": 31.96634615384616,
  "eval/wholesaler_cost": 300.7399038461539,
  "eval/distributor_cost": 255.5394230769231,
  "eval/factory_cost": 235.31201923076924,
  "eval/bullwhip_retailer_a": 0.6258187857910013,
  "eval/bullwhip_retailer_b": 0.5912181757611958,
  "eval/bullwhip_wholesaler": 2.6137252883153463,
  "eval/bullwhip_distributor": 3.7210045018601865,
  "eval/bullwhip_factory": 4.6086101553075185,
  "eval/sharing_rate": 0.46826923076923077,
  "eval/honesty_score": -0.03708035382027015,
  "eval/inflation_rate": 0.214
}