{
  "eval/mean_system_cost": 130.33990384615385,
  "eval/std_system_cost": 25.528775400995684,
  "eval/frac_actions_at_cap": 0.0,
  "eval/frac_capacity_binds": 0.05384615384615385,
  "eval/frac_allocation_triggers": 0.9134615384615384,
  "eval/retailer_cost": 108.80576923076924,
  "eval/wholesaler_cost": 8.06875,
  "eval/distributor_cost": 8.012980769230769,
  "eval/factory_cost": 5.452403846153846,
  "eval/bullwhip_retailer": 0.9632809821844611,
  "eval/bullwhip_wholesaler": 0.9634276232195237,
  "eval/bullwhip_distributor": 0.9702166027929278,
  "eval/bullwhip_factory": 0.9769685051492428
}