{
  "eval/mean_system_cost": 691.4471153846154,
  "eval/std_system_cost": 116.7577298853518,
  "eval/frac_actions_at_cap": 0.0,
  "eval/frac_capacity_binds": 0.8201923076923077,
  "eval/frac_allocation_triggers": 0.9326923076923077,
  "eval/retailer_cost": 66.65576923076922,
  "eval/wholesaler_cost": 92.48365384615384,
  "eval/distributor_cost": 242.0850961538462,
  "eval/factory_cost": 290.22259615384615,
  "eval/bullwhip_retailer": 2.632191573181942,
  "eval/bullwhip_wholesaler": 3.461921171132303,
  "eval/bullwhip_distributor": 4.385391951771426,
  "eval/bullwhip_factory": 7.848587442048758
}