{
  "eval/mean_system_cost": 1281.100480769231,
  "eval/std_system_cost": 317.74652547511363,
  "eval/frac_actions_at_cap": 0.0,
  "eval/frac_capacity_binds": 0.8365384615384616,
  "eval/frac_allocation_triggers": 0.9673076923076923,
  "eval/retailer_a_cost": 87.39182692307693,
  "eval/retailer_b_cost": 65.12307692307692,
  "eval/wholesaler_cost": 427.3283653846153,
  "eval/distributor_cost": 375.7600961538461,
  "eval/factory_cost": 325.49711538461537,
  "eval/bullwhip_retailer_a": 0.7720725933920092,
  "eval/bullwhip_retailer_b": 0.8722507568710646,
  "eval/bullwhip_wholesaler": 2.5636592938162646,
  "eval/bullwhip_distributor": 3.1869098719507036,
  "eval/bullwhip_factory": 3.7245901051234576
}