{
  "episode_count": 5,
  "episodes": [
    {
      "actions": [
        15,
        22,
        22,
        22,
        22,
        22,
        22,
        22,
        22,
        30,
        22,
        30,
        30,
        30,
        30,
        30,
        30,
        30,
        30,
        30,
        15,
        15,
        15,
        15,
        15,
        15,
        15,
        15,
        15,
        15,
        15,
        0,
        15,
        15,
        0,
        0
      ],
      "bullwhip_ratio": 6.370437679842496,
      "completion_tokens": 1005,
      "controlled_role": "wholesaler",
      "environment_version": "0.2.0",
      "episode_id": "sha256:f789d5921b14e4f692db05571b9650eba10805ee9a7751650dd8a43a1c3c3d72",
      "immediate_fill_rate": 0.47131782945736433,
      "local_total_cost": 1274.0,
      "master_seed_hex": "e2056d6d52741a08",
      "paired_base_stock_local_total_cost": 1015.5,
      "prompt_tokens": 38796,
      "protocol_clean": true,
      "reward": 0.4435466259008517,
      "scenario_id": "t5-strategic-y-v2",
      "seed_index": 0,
      "system_total_cost": 6001.5
    },
    {
      "actions": [
        15,
        22,
        22,
        22,
        22,
        22,
        22,
        22,
        22,
        22,
        22,
        22,
        22,
        22,
        22,
        22,
        22,
        22,
        22,
        22,
        16,
        16,
        16,
        22,
        16,
        16,
        16,
        16,
        16,
        16,
        16,
        16,
        16,
        16,
        16,
        16
      ],
      "bullwhip_ratio": 0.7360290776919582,
      "completion_tokens": 1008,
      "controlled_role": "wholesaler",
      "environment_version": "0.2.0",
      "episode_id": "sha256:f789d5921b14e4f692db05571b9650eba10805ee9a7751650dd8a43a1c3c3d72",
      "immediate_fill_rate": 0.47131782945736433,
      "local_total_cost": 1132.0,
      "master_seed_hex": "e2056d6d52741a08",
      "paired_base_stock_local_total_cost": 1015.5,
      "prompt_tokens": 38772,
      "protocol_clean": true,
      "reward": 0.4728754365541327,
      "scenario_id": "t5-strategic-y-v2",
      "seed_index": 0,
      "system_total_cost": 3556.5
    },
    {
      "actions": [
        15,
        22,
        22,
        22,
        22,
        22,
        22,
        22,
        22,
        22,
        22,
        22,
        22,
        22,
        22,
        22,
        22,
        22,
        22,
        22,
        22,
        22,
        22,
        22,
        22,
        22,
        22,
        22,
        16,
        16,
        16,
        0,
        16,
        16,
        0,
        16
      ],
      "bullwhip_ratio": 2.474026957443586,
      "completion_tokens": 1006,
      "controlled_role": "wholesaler",
      "environment_version": "0.2.0",
      "episode_id": "sha256:f789d5921b14e4f692db05571b9650eba10805ee9a7751650dd8a43a1c3c3d72",
      "immediate_fill_rate": 0.47131782945736433,
      "local_total_cost": 1237.0,
      "master_seed_hex": "e2056d6d52741a08",
      "paired_base_stock_local_total_cost": 1015.5,
      "prompt_tokens": 38768,
      "protocol_clean": true,
      "reward": 0.45083240843507216,
      "scenario_id": "t5-strategic-y-v2",
      "seed_index": 0,
      "system_total_cost": 4092.5
    },
    {
      "actions": [
        15,
        22,
        30,
        22,
        22,
        22,
        22,
        22,
        22,
        22,
        22,
        22,
        22,
        22,
        22,
        22,
        22,
        22,
        22,
        22,
        22,
        22,
        30,
        22,
        22,
        22,
        22,
        22,
        15,
        15,
        15,
        15,
        15,
        15,
        0,
        0
      ],
      "bullwhip_ratio": 2.8527941844616085,
      "completion_tokens": 1006,
      "controlled_role": "wholesaler",
      "environment_version": "0.2.0",
      "episode_id": "sha256:f789d5921b14e4f692db05571b9650eba10805ee9a7751650dd8a43a1c3c3d72",
      "immediate_fill_rate": 0.47131782945736433,
      "local_total_cost": 1287.0,
      "master_seed_hex": "e2056d6d52741a08",
      "paired_base_stock_local_total_cost": 1015.5,
      "prompt_tokens": 38778,
      "protocol_clean": true,
      "reward": 0.44104234527687297,
      "scenario_id": "t5-strategic-y-v2",
      "seed_index": 0,
      "system_total_cost": 4806.5
    },
    {
      "actions": [
        8,
        15,
        22,
        22,
        22,
        22,
        22,
        22,
        22,
        22,
        22,
        22,
        22,
        22,
        22,
        22,
        22,
        22,
        22,
        22,
        22,
        22,
        22,
        22,
        22,
        22,
        22,
        15,
        22,
        15,
        15,
        15,
        15,
        15,
        15,
        15
      ],
      "bullwhip_ratio": 0.7420869301832501,
      "completion_tokens": 1007,
      "controlled_role": "wholesaler",
      "environment_version": "0.2.0",
      "episode_id": "sha256:f789d5921b14e4f692db05571b9650eba10805ee9a7751650dd8a43a1c3c3d72",
      "immediate_fill_rate": 0.31007751937984496,
      "local_total_cost": 1528.0,
      "master_seed_hex": "e2056d6d52741a08",
      "paired_base_stock_local_total_cost": 1015.5,
      "prompt_tokens": 38838,
      "protocol_clean": true,
      "reward": 0.3992529978376253,
      "scenario_id": "t5-strategic-y-v2",
      "seed_index": 0,
      "system_total_cost": 4655.5
    }
  ],
  "schema_version": "1.0.0",
  "source_trace_sha256": "9e7d210540358085d3e24518a76df776ee17ad002e692a92f5e9a4c877a61950"
}
