{
  "eval/mean_system_cost": 63.98894230769231,
  "eval/std_system_cost": 20.09520776090091,
  "eval/frac_actions_at_cap": 0.0,
  "eval/frac_capacity_binds": 0.0,
  "eval/frac_allocation_triggers": 0.8778846153846154,
  "eval/retailer_cost": 16.480769230769234,
  "eval/wholesaler_cost": 25.98413461538462,
  "eval/distributor_cost": 14.684615384615388,
  "eval/factory_cost": 6.839423076923078,
  "eval/bullwhip_retailer": 1.6237756820668405,
  "eval/bullwhip_wholesaler": 3.4082803304465275,
  "eval/bullwhip_distributor": 3.466115657311062,
  "eval/bullwhip_factory": 3.4783765413345535
}