{
  "episode_count": 15,
  "episodes": [
    {
      "actions": [
        15,
        22,
        22,
        22,
        22,
        22,
        22,
        22,
        30,
        30,
        30,
        30,
        30,
        30,
        30,
        30,
        30,
        30,
        30,
        30,
        30,
        15,
        15,
        15,
        15,
        15,
        15,
        15,
        15,
        15,
        15,
        15,
        15,
        15,
        0,
        15
      ],
      "bullwhip_ratio": 11.493188962626617,
      "completion_tokens": 1007,
      "controlled_role": "wholesaler",
      "environment_version": "0.2.0",
      "episode_id": "sha256:9e8fdf170aa790156bc9e7accb6a17f5d054dbccdbf2f9aca810f9b81f348416",
      "immediate_fill_rate": 0.4419713831478537,
      "local_total_cost": 1567.0,
      "master_seed_hex": "2b197b15184304b7",
      "paired_base_stock_local_total_cost": 998.0,
      "prompt_tokens": 38707,
      "protocol_clean": true,
      "reward": 0.38908382066276803,
      "scenario_id": "t5-strategic-y-v2",
      "seed_index": 0,
      "system_total_cost": 8659.5
    },
    {
      "actions": [
        15,
        22,
        22,
        22,
        22,
        22,
        22,
        22,
        22,
        22,
        22,
        30,
        22,
        22,
        22,
        15,
        22,
        22,
        22,
        15,
        15,
        15,
        15,
        15,
        15,
        15,
        15,
        15,
        15,
        15,
        15,
        15,
        15,
        15,
        15,
        15
      ],
      "bullwhip_ratio": 0.16889001738315199,
      "completion_tokens": 1008,
      "controlled_role": "wholesaler",
      "environment_version": "0.2.0",
      "episode_id": "sha256:9e8773430794a6e26ee3fa00e1d5cdb4caa215554e72cb69b1a5a4c44e6d478d",
      "immediate_fill_rate": 0.6123348017621145,
      "local_total_cost": 2587.0,
      "master_seed_hex": "2b197b15184304b7",
      "paired_base_stock_local_total_cost": 1141.0,
      "prompt_tokens": 38926,
      "protocol_clean": true,
      "reward": 0.30606223175965663,
      "scenario_id": "t5-control-base-rival-y-v2",
      "seed_index": 0,
      "system_total_cost": 4619.0
    },
    {
      "actions": [
        15,
        22,
        22,
        22,
        22,
        22,
        22,
        22,
        22,
        30,
        30,
        30,
        30,
        30,
        30,
        30,
        30,
        30,
        30,
        30,
        30,
        15,
        15,
        15,
        15,
        15,
        15,
        15,
        15,
        15,
        15,
        15,
        15,
        15,
        0,
        15
      ],
      "bullwhip_ratio": 11.068459657701712,
      "completion_tokens": 1007,
      "controlled_role": "wholesaler",
      "environment_version": "0.2.0",
      "episode_id": "sha256:e1b25ceac4135d338dfff2b70f21663d405d802c4e125ec1a04ca0082cc1a6c3",
      "immediate_fill_rate": 0.47217806041335453,
      "local_total_cost": 1563.0,
      "master_seed_hex": "2b197b15184304b7",
      "paired_base_stock_local_total_cost": 998.0,
      "prompt_tokens": 38848,
      "protocol_clean": true,
      "reward": 0.3896915267473643,
      "scenario_id": "t5-control-uniform-y-v2",
      "seed_index": 0,
      "system_total_cost": 8210.5
    },
    {
      "actions": [
        15,
        22,
        22,
        22,
        15,
        22,
        22,
        22,
        22,
        22,
        22,
        22,
        22,
        22,
        22,
        22,
        22,
        22,
        22,
        22,
        22,
        22,
        22,
        22,
        22,
        22,
        15,
        22,
        16,
        16,
        16,
        16,
        16,
        16,
        16,
        16
      ],
      "bullwhip_ratio": 0.23681968260730643,
      "completion_tokens": 1008,
      "controlled_role": "wholesaler",
      "environment_version": "0.2.0",
      "episode_id": "sha256:a1a1181006633e09ef24a657b179b5077d7daf1fba52dedba633032df16d762f",
      "immediate_fill_rate": 0.34307692307692306,
      "local_total_cost": 1382.5,
      "master_seed_hex": "7009b5b4c57715f2",
      "paired_base_stock_local_total_cost": 1060.5,
      "prompt_tokens": 38714,
      "protocol_clean": true,
      "reward": 0.4340974212034384,
      "scenario_id": "t5-strategic-y-v2",
      "seed_index": 1,
      "system_total_cost": 4080.5
    },
    {
      "actions": [
        15,
        15,
        15,
        15,
        15,
        22,
        15,
        22,
        22,
        22,
        22,
        22,
        22,
        22,
        22,
        22,
        22,
        22,
        22,
        22,
        22,
        15,
        22,
        22,
        22,
        15,
        0,
        22,
        15,
        22,
        22,
        22,
        22,
        22,
        22,
        22
      ],
      "bullwhip_ratio": 0.1555171171171171,
      "completion_tokens": 1007,
      "controlled_role": "wholesaler",
      "environment_version": "0.2.0",
      "episode_id": "sha256:2a76dee67841f0bc81b94c0171a7e00941b0f16ed1ad2b3c182ae389e324475d",
      "immediate_fill_rate": 0.5807622504537205,
      "local_total_cost": 1623.0,
      "master_seed_hex": "7009b5b4c57715f2",
      "paired_base_stock_local_total_cost": 1382.0,
      "prompt_tokens": 38782,
      "protocol_clean": true,
      "reward": 0.4599001663893511,
      "scenario_id": "t5-control-base-rival-y-v2",
      "seed_index": 1,
      "system_total_cost": 3279.5
    },
    {
      "actions": [
        15,
        15,
        15,
        22,
        22,
        22,
        22,
        22,
        22,
        30,
        22,
        22,
        22,
        22,
        22,
        22,
        22,
        22,
        22,
        22,
        22,
        22,
        22,
        22,
        22,
        22,
        22,
        16,
        16,
        16,
        16,
        16,
        16,
        16,
        0,
        0
      ],
      "bullwhip_ratio": 0.9662370859516457,
      "completion_tokens": 1006,
      "controlled_role": "wholesaler",
      "environment_version": "0.2.0",
      "episode_id": "sha256:12bc699d06017ea7a799f7ab25d232836123d19797fe38bec3c775b00328777f",
      "immediate_fill_rate": 0.30923076923076925,
      "local_total_cost": 1460.0,
      "master_seed_hex": "7009b5b4c57715f2",
      "paired_base_stock_local_total_cost": 1060.5,
      "prompt_tokens": 38849,
      "protocol_clean": true,
      "reward": 0.42074985121999603,
      "scenario_id": "t5-control-uniform-y-v2",
      "seed_index": 1,
      "system_total_cost": 4623.5
    },
    {
      "actions": [
        15,
        22,
        30,
        22,
        22,
        22,
        22,
        22,
        22,
        30,
        22,
        30,
        30,
        30,
        30,
        30,
        30,
        30,
        30,
        30,
        30,
        30,
        30,
        30,
        30,
        30,
        15,
        15,
        15,
        15,
        15,
        15,
        15,
        15,
        0,
        0
      ],
      "bullwhip_ratio": 3.0109788155249726,
      "completion_tokens": 1006,
      "controlled_role": "wholesaler",
      "environment_version": "0.2.0",
      "episode_id": "sha256:112bd6a42c82c286e71e07cef6b1f5b2419592513e647b31a3644b2ca8f83ae9",
      "immediate_fill_rate": 0.28355957767722473,
      "local_total_cost": 1645.0,
      "master_seed_hex": "26e0e4a9457e6ee4",
      "paired_base_stock_local_total_cost": 1302.0,
      "prompt_tokens": 38918,
      "protocol_clean": true,
      "reward": 0.4418052256532066,
      "scenario_id": "t5-strategic-y-v2",
      "seed_index": 2,