{
  "eval/mean_system_cost": 133.0793269230769,
  "eval/std_system_cost": 30.492306399876508,
  "eval/frac_actions_at_cap": 0.0,
  "eval/frac_capacity_binds": 0.3346153846153846,
  "eval/frac_allocation_triggers": 0.9384615384615385,
  "eval/retailer_cost": 77.12307692307692,
  "eval/wholesaler_cost": 11.76923076923077,
  "eval/distributor_cost": 18.28846153846154,
  "eval/factory_cost": 25.89855769230769,
  "eval/bullwhip_retailer": 1.6256793842241704,
  "eval/bullwhip_wholesaler": 1.6111772678940144,
  "eval/bullwhip_distributor": 1.6026099430424874,
  "eval/bullwhip_factory": 1.6112751507395824
}