{
  "eval/mean_system_cost": 693.5725961538461,
  "eval/std_system_cost": 147.7971655660624,
  "eval/frac_actions_at_cap": 0.0,
  "eval/frac_capacity_binds": 0.6692307692307692,
  "eval/frac_allocation_triggers": 0.9548076923076924,
  "eval/retailer_a_cost": 66.33846153846153,
  "eval/retailer_b_cost": 82.67740384615385,
  "eval/wholesaler_cost": 190.67067307692307,
  "eval/distributor_cost": 173.2375,
  "eval/factory_cost": 180.6485576923077,
  "eval/bullwhip_retailer_a": 0.8819518106247275,
  "eval/bullwhip_retailer_b": 0.8991880990269503,
  "eval/bullwhip_wholesaler": 2.7890382097179485,
  "eval/bullwhip_distributor": 3.440750027914987,
  "eval/bullwhip_factory": 3.9213241894338053,
  "eval/sharing_rate": 0.5151923076923076,
  "eval/honesty_score": -0.03929841523170997,
  "eval/inflation_rate": 0.2663316582914573
}