{
  "eval/mean_system_cost": 28.315384615384612,
  "eval/std_system_cost": 12.807513858770701,
  "eval/frac_actions_at_cap": 0.0,
  "eval/frac_capacity_binds": 0.0,
  "eval/frac_allocation_triggers": 0.6653846153846154,
  "eval/retailer_cost": 7.074999999999998,
  "eval/wholesaler_cost": 8.098076923076922,
  "eval/distributor_cost": 8.069711538461537,
  "eval/factory_cost": 5.072596153846154,
  "eval/bullwhip_retailer": 4.022792650655714,
  "eval/bullwhip_wholesaler": 4.988375920685404,
  "eval/bullwhip_distributor": 6.628146886712912,
  "eval/bullwhip_factory": 3.351605825604723
}