{
  "eval/mean_system_cost": 945.4591346153848,
  "eval/std_system_cost": 359.3015423107817,
  "eval/frac_actions_at_cap": 0.0,
  "eval/frac_capacity_binds": 0.801923076923077,
  "eval/frac_allocation_triggers": 0.9644230769230769,
  "eval/retailer_a_cost": 69.60625,
  "eval/retailer_b_cost": 66.5923076923077,
  "eval/wholesaler_cost": 269.27644230769226,
  "eval/distributor_cost": 226.31057692307695,
  "eval/factory_cost": 313.67355769230767,
  "eval/bullwhip_retailer_a": 0.813020402170853,
  "eval/bullwhip_retailer_b": 1.1409627512648477,
  "eval/bullwhip_wholesaler": 2.532228986483048,
  "eval/bullwhip_distributor": 4.2800533848879105,
  "eval/bullwhip_factory": 4.842434963141279
}