{
  "eval/mean_system_cost": 129.41346153846152,
  "eval/std_system_cost": 36.318380974344564,
  "eval/frac_actions_at_cap": 0.0,
  "eval/frac_capacity_binds": 0.052884615384615384,
  "eval/frac_allocation_triggers": 0.9192307692307692,
  "eval/retailer_cost": 112.17932692307693,
  "eval/wholesaler_cost": 6.08798076923077,
  "eval/distributor_cost": 6.086057692307692,
  "eval/factory_cost": 5.060096153846154,
  "eval/bullwhip_retailer": 0.5200075326560167,
  "eval/bullwhip_wholesaler": 0.5128081643737766,
  "eval/bullwhip_distributor": 0.5072512663041661,
  "eval/bullwhip_factory": 0.6081501541726994
}