{
  "eval/mean_system_cost": 967.3336538461538,
  "eval/std_system_cost": 353.4440356099492,
  "eval/frac_actions_at_cap": 0.0,
  "eval/frac_capacity_binds": 0.7769230769230769,
  "eval/frac_allocation_triggers": 0.9673076923076923,
  "eval/retailer_a_cost": 84.79038461538462,
  "eval/retailer_b_cost": 72.76153846153845,
  "eval/wholesaler_cost": 260.6822115384615,
  "eval/distributor_cost": 258.51490384615386,
  "eval/factory_cost": 290.5846153846154,
  "eval/bullwhip_retailer_a": 0.9499465276058926,
  "eval/bullwhip_retailer_b": 0.6612744600646763,
  "eval/bullwhip_wholesaler": 2.6752922036018187,
  "eval/bullwhip_distributor": 4.01973678484653,
  "eval/bullwhip_factory": 5.060535250386235
}