{
  "eval/mean_system_cost": 101.25817307692309,
  "eval/std_system_cost": 20.182044844994522,
  "eval/frac_actions_at_cap": 0.0,
  "eval/frac_capacity_binds": 0.0,
  "eval/frac_allocation_triggers": 0.7692307692307693,
  "eval/retailer_a_cost": 11.71923076923077,
  "eval/retailer_b_cost": 12.089903846153847,
  "eval/wholesaler_cost": 31.366826923076918,
  "eval/distributor_cost": 27.82548076923077,
  "eval/factory_cost": 18.25673076923077,
  "eval/bullwhip_retailer_a": 1.3202548089975314,
  "eval/bullwhip_retailer_b": 1.8401911941834155,
  "eval/bullwhip_wholesaler": 4.292042020051941,
  "eval/bullwhip_distributor": 5.904574924321563,
  "eval/bullwhip_factory": 7.311943392556754
}