{
  "eval/mean_system_cost": 810.7125000000001,
  "eval/std_system_cost": 168.9994427734284,
  "eval/frac_actions_at_cap": 0.0,
  "eval/frac_capacity_binds": 0.6432692307692308,
  "eval/frac_allocation_triggers": 0.9576923076923077,
  "eval/retailer_a_cost": 88.52067307692309,
  "eval/retailer_b_cost": 97.55144230769233,
  "eval/wholesaler_cost": 229.26490384615386,
  "eval/distributor_cost": 204.30625,
  "eval/factory_cost": 191.06923076923078,
  "eval/bullwhip_retailer_a": 0.7983410621564474,
  "eval/bullwhip_retailer_b": 0.9080409069796396,
  "eval/bullwhip_wholesaler": 2.7788028485738385,
  "eval/bullwhip_distributor": 3.196483617781139,
  "eval/bullwhip_factory": 3.849764350440829,
  "eval/sharing_rate": 0.48961538461538445,
  "eval/honesty_score": -0.041715062420868296,
  "eval/inflation_rate": 0.2577733199598796
}