{
  "eval/mean_system_cost": 1041.591346153846,
  "eval/std_system_cost": 66.59573648634185,
  "eval/frac_actions_at_cap": 0.0,
  "eval/frac_capacity_binds": 0.9615384615384616,
  "eval/frac_allocation_triggers": 0.9461538461538461,
  "eval/retailer_cost": 17.558653846153845,
  "eval/wholesaler_cost": 194.65384615384613,
  "eval/distributor_cost": 345.4173076923077,
  "eval/factory_cost": 483.9615384615384,
  "eval/bullwhip_retailer": 1.681321251380854,
  "eval/bullwhip_wholesaler": 3.422238917688568,
  "eval/bullwhip_distributor": 6.5839727696943875,
  "eval/bullwhip_factory": 11.080378096661184
}