{
  "eval/mean_system_cost": 98.34038461538462,
  "eval/std_system_cost": 28.08452123217052,
  "eval/frac_actions_at_cap": 0.0,
  "eval/frac_capacity_binds": 0.0,
  "eval/frac_allocation_triggers": 0.7778846153846154,
  "eval/retailer_a_cost": 10.95625,
  "eval/retailer_b_cost": 12.310576923076924,
  "eval/wholesaler_cost": 35.56586538461538,
  "eval/distributor_cost": 24.790865384615387,
  "eval/factory_cost": 14.716826923076919,
  "eval/bullwhip_retailer_a": 0.9772743044018724,
  "eval/bullwhip_retailer_b": 0.9967572425811934,
  "eval/bullwhip_wholesaler": 3.2922955764402158,
  "eval/bullwhip_distributor": 4.012542179392161,
  "eval/bullwhip_factory": 4.716541220983847,
  "eval/sharing_rate": 0.4898076923076923,
  "eval/honesty_score": -0.05243590477536325,
  "eval/inflation_rate": 0.26081582200247216
}