{
  "eval/mean_system_cost": 709.2028846153846,
  "eval/std_system_cost": 177.2394604734722,
  "eval/frac_actions_at_cap": 0.0,
  "eval/frac_capacity_binds": 0.6259615384615385,
  "eval/frac_allocation_triggers": 0.9596153846153846,
  "eval/retailer_a_cost": 64.2528846153846,
  "eval/retailer_b_cost": 83.07596153846154,
  "eval/wholesaler_cost": 204.17836538461538,
  "eval/distributor_cost": 185.12980769230768,
  "eval/factory_cost": 172.5658653846154,
  "eval/bullwhip_retailer_a": 0.7486382749227027,
  "eval/bullwhip_retailer_b": 0.9115461012643523,
  "eval/bullwhip_wholesaler": 2.8063865362432754,
  "eval/bullwhip_distributor": 3.3476771770793805,
  "eval/bullwhip_factory": 4.102083071298136,
  "eval/sharing_rate": 0.46173076923076917,
  "eval/honesty_score": -0.042206227809762645,
  "eval/inflation_rate": 0.26152304609218435
}