{
  "eval/mean_system_cost": 79.77548076923077,
  "eval/std_system_cost": 2.577881342708736,
  "eval/frac_actions_at_cap": 0.0,
  "eval/frac_capacity_binds": 0.0,
  "eval/frac_allocation_triggers": 0.9384615384615385,
  "eval/retailer_cost": 28.306249999999995,
  "eval/wholesaler_cost": 10.656730769230768,
  "eval/distributor_cost": 32.185576923076916,
  "eval/factory_cost": 8.626923076923074,
  "eval/bullwhip_retailer": 1.7595093184796924,
  "eval/bullwhip_wholesaler": 1.8990580355940092,
  "eval/bullwhip_distributor": 2.0210258119695146,
  "eval/bullwhip_factory": 2.346366720039895
}