{
  "eval/mean_system_cost": 30.058173076923076,
  "eval/std_system_cost": 13.541108062936186,
  "eval/frac_actions_at_cap": 0.0,
  "eval/frac_capacity_binds": 0.0,
  "eval/frac_allocation_triggers": 0.7067307692307693,
  "eval/retailer_cost": 8.440865384615385,
  "eval/wholesaler_cost": 8.76009615384615,
  "eval/distributor_cost": 7.636538461538462,
  "eval/factory_cost": 5.2206730769230765,
  "eval/bullwhip_retailer": 3.960394368852171,
  "eval/bullwhip_wholesaler": 5.161168918014177,
  "eval/bullwhip_distributor": 5.305448958294256,
  "eval/bullwhip_factory": 3.267140027482624
}