{
  "eval/mean_system_cost": 627.3774038461538,
  "eval/std_system_cost": 181.31482535072968,
  "eval/frac_actions_at_cap": 0.0,
  "eval/frac_capacity_binds": 0.6057692307692307,
  "eval/frac_allocation_triggers": 0.9701923076923077,
  "eval/retailer_a_cost": 64.97884615384615,
  "eval/retailer_b_cost": 68.69567307692309,
  "eval/wholesaler_cost": 173.74951923076924,
  "eval/distributor_cost": 160.33173076923075,
  "eval/factory_cost": 159.62163461538458,
  "eval/bullwhip_retailer_a": 0.9979004193062844,
  "eval/bullwhip_retailer_b": 1.0131859309346145,
  "eval/bullwhip_wholesaler": 2.7855664273887375,
  "eval/bullwhip_distributor": 3.4990684912942025,
  "eval/bullwhip_factory": 4.235491544544156,
  "eval/sharing_rate": 0.5342307692307693,
  "eval/honesty_score": -0.039057878368850815,
  "eval/inflation_rate": 0.2576808721506442
}