{
  "eval/mean_system_cost": 667.6225961538463,
  "eval/std_system_cost": 176.18328991296076,
  "eval/frac_actions_at_cap": 0.0,
  "eval/frac_capacity_binds": 0.6951923076923077,
  "eval/frac_allocation_triggers": 0.9538461538461539,
  "eval/retailer_a_cost": 91.07355769230767,
  "eval/retailer_b_cost": 93.48509615384617,
  "eval/wholesaler_cost": 183.81394230769232,
  "eval/distributor_cost": 160.93221153846153,
  "eval/factory_cost": 138.31778846153844,
  "eval/bullwhip_retailer_a": 0.30804804661277235,
  "eval/bullwhip_retailer_b": 0.3138662024686518,
  "eval/bullwhip_wholesaler": 1.212313765048706,
  "eval/bullwhip_distributor": 1.3503043792805376,
  "eval/bullwhip_factory": 1.4805394594969774
}