{
  "eval/mean_system_cost": 945.8668269230772,
  "eval/std_system_cost": 361.9406692169834,
  "eval/frac_actions_at_cap": 0.0,
  "eval/frac_capacity_binds": 0.8125,
  "eval/frac_allocation_triggers": 0.9673076923076923,
  "eval/retailer_a_cost": 54.76538461538462,
  "eval/retailer_b_cost": 56.23076923076924,
  "eval/wholesaler_cost": 225.14086538461538,
  "eval/distributor_cost": 263.4663461538462,
  "eval/factory_cost": 346.26346153846157,
  "eval/bullwhip_retailer_a": 0.6764805903894919,
  "eval/bullwhip_retailer_b": 0.9043048668268324,
  "eval/bullwhip_wholesaler": 3.045025968790468,
  "eval/bullwhip_distributor": 5.215648276201385,
  "eval/bullwhip_factory": 8.501061498861919
}