{
  "eval/mean_system_cost": 32.40432692307692,
  "eval/std_system_cost": 13.459448489889807,
  "eval/frac_actions_at_cap": 0.0,
  "eval/frac_capacity_binds": 0.0,
  "eval/frac_allocation_triggers": 0.7442307692307693,
  "eval/retailer_cost": 9.479326923076922,
  "eval/wholesaler_cost": 8.78701923076923,
  "eval/distributor_cost": 8.083653846153846,
  "eval/factory_cost": 6.054326923076924,
  "eval/bullwhip_retailer": 4.942855787828174,
  "eval/bullwhip_wholesaler": 5.36379644025204,
  "eval/bullwhip_distributor": 5.700720571398344,
  "eval/bullwhip_factory": 4.080185958616548
}