{
  "eval/mean_system_cost": 236.65528846153842,
  "eval/std_system_cost": 84.42632524387486,
  "eval/frac_actions_at_cap": 0.0,
  "eval/frac_capacity_binds": 0.8038461538461539,
  "eval/frac_allocation_triggers": 0.925,
  "eval/retailer_cost": 58.09759615384617,
  "eval/wholesaler_cost": 32.44855769230769,
  "eval/distributor_cost": 42.486538461538466,
  "eval/factory_cost": 103.62259615384616,
  "eval/bullwhip_retailer": 1.053995364225511,
  "eval/bullwhip_wholesaler": 1.840623826100022,
  "eval/bullwhip_distributor": 3.4870991348965847,
  "eval/bullwhip_factory": 6.0990540627026055
}