{
  "eval/mean_system_cost": 116.48461538461535,
  "eval/std_system_cost": 27.249231403036177,
  "eval/frac_actions_at_cap": 0.0,
  "eval/frac_capacity_binds": 0.2605769230769231,
  "eval/frac_allocation_triggers": 0.9307692307692308,
  "eval/retailer_cost": 83.07067307692309,
  "eval/wholesaler_cost": 7.861538461538461,
  "eval/distributor_cost": 9.127884615384616,
  "eval/factory_cost": 16.42451923076923,
  "eval/bullwhip_retailer": 1.4076956421496896,
  "eval/bullwhip_wholesaler": 1.397739632238002,
  "eval/bullwhip_distributor": 1.3929677536405531,
  "eval/bullwhip_factory": 1.3953574309820467
}