{
  "eval/mean_system_cost": 1562.9649038461537,
  "eval/std_system_cost": 196.4440900902562,
  "eval/frac_actions_at_cap": 0.0,
  "eval/frac_capacity_binds": 0.9038461538461539,
  "eval/frac_allocation_triggers": 0.9807692307692307,
  "eval/retailer_a_cost": 53.474519230769225,
  "eval/retailer_b_cost": 54.46538461538462,
  "eval/wholesaler_cost": 507.8423076923077,
  "eval/distributor_cost": 448.1971153846154,
  "eval/factory_cost": 498.98557692307696,
  "eval/bullwhip_retailer_a": 0.3121017546216644,
  "eval/bullwhip_retailer_b": 0.30611994321155944,
  "eval/bullwhip_wholesaler": 1.8443472024073322,
  "eval/bullwhip_distributor": 3.530014932306635,
  "eval/bullwhip_factory": 5.628304492042542
}