{
  "eval/mean_system_cost": 895.6692307692307,
  "eval/std_system_cost": 211.6232147175646,
  "eval/frac_actions_at_cap": 0.0,
  "eval/frac_capacity_binds": 0.7125,
  "eval/frac_allocation_triggers": 0.9634615384615385,
  "eval/retailer_a_cost": 34.49807692307693,
  "eval/retailer_b_cost": 39.77019230769231,
  "eval/wholesaler_cost": 303.31538461538463,
  "eval/distributor_cost": 266.99855769230766,
  "eval/factory_cost": 251.08701923076924,
  "eval/bullwhip_retailer_a": 0.6480202732060258,
  "eval/bullwhip_retailer_b": 0.6309542430848746,
  "eval/bullwhip_wholesaler": 2.9054491116475325,
  "eval/bullwhip_distributor": 3.9999500569208406,
  "eval/bullwhip_factory": 5.0212838982812285,
  "eval/sharing_rate": 0.48673076923076924,
  "eval/honesty_score": -0.04097138186947152,
  "eval/inflation_rate": 0.22654690618762474
}