{
  "eval/mean_system_cost": 124.1423076923077,
  "eval/std_system_cost": 29.452295478446228,
  "eval/frac_actions_at_cap": 0.0,
  "eval/frac_capacity_binds": 0.06538461538461539,
  "eval/frac_allocation_triggers": 0.9298076923076923,
  "eval/retailer_cost": 105.46971153846155,
  "eval/wholesaler_cost": 6.93125,
  "eval/distributor_cost": 6.8581730769230775,
  "eval/factory_cost": 4.883173076923077,
  "eval/bullwhip_retailer": 1.2638840848345425,
  "eval/bullwhip_wholesaler": 1.2581165886171388,
  "eval/bullwhip_distributor": 1.2554553723684938,
  "eval/bullwhip_factory": 1.4965629139452237
}