{
  "eval/mean_system_cost": 1588.3350961538463,
  "eval/std_system_cost": 183.21685316983456,
  "eval/frac_actions_at_cap": 0.0,
  "eval/frac_capacity_binds": 0.9038461538461539,
  "eval/frac_allocation_triggers": 0.9807692307692307,
  "eval/retailer_a_cost": 67.5985576923077,
  "eval/retailer_b_cost": 68.73173076923078,
  "eval/wholesaler_cost": 540.1076923076923,
  "eval/distributor_cost": 483.4971153846154,
  "eval/factory_cost": 428.4,
  "eval/bullwhip_retailer_a": 0.31691470742152966,
  "eval/bullwhip_retailer_b": 0.30531120462567246,
  "eval/bullwhip_wholesaler": 1.8584512110653781,
  "eval/bullwhip_distributor": 2.664533966331105,
  "eval/bullwhip_factory": 3.8738954116184794
}