{
  "eval/mean_system_cost": 661.4120192307694,
  "eval/std_system_cost": 32.52476771241682,
  "eval/frac_actions_at_cap": 0.0,
  "eval/frac_capacity_binds": 0.8653846153846154,
  "eval/frac_allocation_triggers": 0.9596153846153846,
  "eval/retailer_cost": 15.908173076923077,
  "eval/wholesaler_cost": 87.52115384615384,
  "eval/distributor_cost": 211.90096153846156,
  "eval/factory_cost": 346.08173076923083,
  "eval/bullwhip_retailer": 2.1063551825475355,
  "eval/bullwhip_wholesaler": 4.433408092832438,
  "eval/bullwhip_distributor": 8.741462968822885,
  "eval/bullwhip_factory": 16.484190096034833
}