{
  "eval/mean_system_cost": 587.0105769230769,
  "eval/std_system_cost": 187.57187399308197,
  "eval/frac_actions_at_cap": 0.0,
  "eval/frac_capacity_binds": 0.6298076923076923,
  "eval/frac_allocation_triggers": 0.9673076923076923,
  "eval/retailer_a_cost": 62.18365384615386,
  "eval/retailer_b_cost": 58.37067307692307,
  "eval/wholesaler_cost": 166.03653846153844,
  "eval/distributor_cost": 143.8206730769231,
  "eval/factory_cost": 156.59903846153844,
  "eval/bullwhip_retailer_a": 0.982005169986952,
  "eval/bullwhip_retailer_b": 1.0060135387554399,
  "eval/bullwhip_wholesaler": 2.6631280577933008,
  "eval/bullwhip_distributor": 3.3928807143987476,
  "eval/bullwhip_factory": 3.9943444012708245,
  "eval/sharing_rate": 0.46115384615384614,
  "eval/honesty_score": -0.03895170253771634,
  "eval/inflation_rate": 0.2554671968190855
}