{
  "eval/mean_system_cost": 809.885576923077,
  "eval/std_system_cost": 215.34572987536745,
  "eval/frac_actions_at_cap": 0.0,
  "eval/frac_capacity_binds": 0.6798076923076923,
  "eval/frac_allocation_triggers": 0.9701923076923077,
  "eval/retailer_a_cost": 84.40673076923076,
  "eval/retailer_b_cost": 44.523557692307705,
  "eval/wholesaler_cost": 248.03749999999997,
  "eval/distributor_cost": 223.09134615384613,
  "eval/factory_cost": 209.82644230769228,
  "eval/bullwhip_retailer_a": 0.9689598907783364,
  "eval/bullwhip_retailer_b": 1.0065081254317452,
  "eval/bullwhip_wholesaler": 2.8760212144008466,
  "eval/bullwhip_distributor": 3.838085308092555,
  "eval/bullwhip_factory": 4.641372573993475,
  "eval/sharing_rate": 0.3023076923076923,
  "eval/honesty_score": -0.04799148274178797,
  "eval/inflation_rate": 0.2537165510406343
}