{
  "eval/mean_system_cost": 177.43990384615384,
  "eval/std_system_cost": 25.04979912044171,
  "eval/frac_actions_at_cap": 0.0,
  "eval/frac_capacity_binds": 0.0,
  "eval/frac_allocation_triggers": 0.8711538461538462,
  "eval/retailer_a_cost": 20.68653846153846,
  "eval/retailer_b_cost": 21.134615384615387,
  "eval/wholesaler_cost": 33.247596153846146,
  "eval/distributor_cost": 54.24759615384615,
  "eval/factory_cost": 48.1235576923077,
  "eval/bullwhip_retailer_a": 0.31691470742152966,
  "eval/bullwhip_retailer_b": 0.3053112046256725,
  "eval/bullwhip_wholesaler": 1.5746460606116603,
  "eval/bullwhip_distributor": 2.980960512056506,
  "eval/bullwhip_factory": 5.205930131880744
}