{
  "eval/mean_system_cost": 373.7913461538461,
  "eval/std_system_cost": 73.82621313427258,
  "eval/frac_actions_at_cap": 0.0,
  "eval/frac_capacity_binds": 0.7298076923076923,
  "eval/frac_allocation_triggers": 0.9346153846153846,
  "eval/retailer_cost": 77.99375,
  "eval/wholesaler_cost": 78.50096153846152,
  "eval/distributor_cost": 92.88028846153847,
  "eval/factory_cost": 124.41634615384616,
  "eval/bullwhip_retailer": 3.834462378001297,
  "eval/bullwhip_wholesaler": 5.746505964647994,
  "eval/bullwhip_distributor": 7.010206725780253,
  "eval/bullwhip_factory": 8.558280425565489,
  "eval/sharing_rate": 0.5680288461538463,
  "eval/honesty_score": -0.0333601142361503,
  "eval/inflation_rate": 0.29116465863453816
}