{
  "eval/mean_system_cost": 239.84326923076918,
  "eval/std_system_cost": 57.88361870628014,
  "eval/retailer_cost": 33.50192307692307,
  "eval/wholesaler_cost": 52.064903846153854,
  "eval/distributor_cost": 70.73846153846154,
  "eval/factory_cost": 83.53798076923076,
  "eval/bullwhip_retailer": 1.6178837940352724,
  "eval/bullwhip_wholesaler": 2.4866340793879753,
  "eval/bullwhip_distributor": 3.0123436445532588,
  "eval/bullwhip_factory": 3.6629255143839154,
  "eval/sharing_rate": 0.35961538461538456,
  "eval/honesty_score": -0.07979686200662957,
  "eval/inflation_rate": 0.28713858424725824
}