{
  "eval/mean_system_cost": 796.5221153846153,
  "eval/std_system_cost": 51.0714602887768,
  "eval/frac_actions_at_cap": 0.0,
  "eval/frac_capacity_binds": 0.8653846153846154,
  "eval/frac_allocation_triggers": 0.9596153846153846,
  "eval/retailer_cost": 17.97403846153846,
  "eval/wholesaler_cost": 198.9740384615385,
  "eval/distributor_cost": 256.61538461538464,
  "eval/factory_cost": 322.95865384615377,
  "eval/bullwhip_retailer": 1.2300327787655927,
  "eval/bullwhip_wholesaler": 3.1782714070660774,
  "eval/bullwhip_distributor": 7.3553051235603615,
  "eval/bullwhip_factory": 13.1314449369607
}