{
  "eval/mean_system_cost": 1470.8197115384614,
  "eval/std_system_cost": 340.52025738627117,
  "eval/frac_actions_at_cap": 0.0,
  "eval/frac_capacity_binds": 0.8413461538461539,
  "eval/frac_allocation_triggers": 0.9644230769230769,
  "eval/retailer_a_cost": 93.6,
  "eval/retailer_b_cost": 67.4048076923077,
  "eval/wholesaler_cost": 466.32403846153846,
  "eval/distributor_cost": 445.37019230769226,
  "eval/factory_cost": 398.1206730769231,
  "eval/bullwhip_retailer_a": 1.0106937365715911,
  "eval/bullwhip_retailer_b": 0.793322207035927,
  "eval/bullwhip_wholesaler": 3.3351310121778535,
  "eval/bullwhip_distributor": 4.319885417814616,
  "eval/bullwhip_factory": 5.155582877882577
}