{
  "eval/mean_system_cost": 100.63701923076924,
  "eval/std_system_cost": 41.08316459835234,
  "eval/retailer_cost": 9.798557692307693,
  "eval/wholesaler_cost": 16.907692307692308,
  "eval/distributor_cost": 17.50096153846154,
  "eval/factory_cost": 56.429807692307705,
  "eval/bullwhip_retailer": 1.7301588585175933,
  "eval/bullwhip_wholesaler": 2.116353159433426,
  "eval/bullwhip_distributor": 2.806429782951857,
  "eval/bullwhip_factory": 3.681146371900707,
  "eval/sharing_rate": 0.5387019230769231,
  "eval/honesty_score": -0.08959786444966304,
  "eval/inflation_rate": 0.30284552845528456
}