{
  "eval/mean_system_cost": 1672.0615384615382,
  "eval/std_system_cost": 158.10092489853494,
  "eval/frac_actions_at_cap": 0.0,
  "eval/frac_capacity_binds": 0.9038461538461539,
  "eval/frac_allocation_triggers": 0.9807692307692307,
  "eval/retailer_a_cost": 66.25048076923078,
  "eval/retailer_b_cost": 67.53798076923077,
  "eval/wholesaler_cost": 538.1240384615385,
  "eval/distributor_cost": 482.1134615384616,
  "eval/factory_cost": 518.035576923077,
  "eval/bullwhip_retailer_a": 0.3121773808583737,
  "eval/bullwhip_retailer_b": 0.30310629539316364,
  "eval/bullwhip_wholesaler": 1.824384344352426,
  "eval/bullwhip_distributor": 2.9905060041281226,
  "eval/bullwhip_factory": 3.9349228419210207
}