{
  "eval/mean_system_cost": 98.82355769230769,
  "eval/std_system_cost": 22.318549512023313,
  "eval/frac_actions_at_cap": 0.0,
  "eval/frac_capacity_binds": 0.0,
  "eval/frac_allocation_triggers": 0.801923076923077,
  "eval/retailer_a_cost": 14.856250000000003,
  "eval/retailer_b_cost": 14.658173076923077,
  "eval/wholesaler_cost": 31.940865384615382,
  "eval/distributor_cost": 23.22884615384615,
  "eval/factory_cost": 14.139423076923077,
  "eval/bullwhip_retailer_a": 1.2157359289485827,
  "eval/bullwhip_retailer_b": 1.201321308377568,
  "eval/bullwhip_wholesaler": 3.112515740285919,
  "eval/bullwhip_distributor": 3.983733693467112,
  "eval/bullwhip_factory": 4.821723059274752,
  "eval/sharing_rate": 0.5005769230769231,
  "eval/honesty_score": -0.051367412368523345,
  "eval/inflation_rate": 0.23741007194244604
}