{
  "eval/mean_system_cost": 218.90240384615385,
  "eval/std_system_cost": 34.36559934328227,
  "eval/frac_actions_at_cap": 0.0,
  "eval/frac_capacity_binds": 0.0,
  "eval/frac_allocation_triggers": 0.9471153846153846,
  "eval/retailer_a_cost": 43.64759615384615,
  "eval/retailer_b_cost": 27.622596153846153,
  "eval/wholesaler_cost": 37.70913461538463,
  "eval/distributor_cost": 63.58798076923076,
  "eval/factory_cost": 46.33509615384615,
  "eval/bullwhip_retailer_a": 0.3338214027800762,
  "eval/bullwhip_retailer_b": 0.30565515766444085,
  "eval/bullwhip_wholesaler": 1.1687030172694337,
  "eval/bullwhip_distributor": 2.169568573257498,
  "eval/bullwhip_factory": 4.03278116935278
}