{
  "eval/mean_system_cost": 207.4269230769231,
  "eval/std_system_cost": 40.28373749153598,
  "eval/frac_actions_at_cap": 0.0,
  "eval/frac_capacity_binds": 0.0,
  "eval/frac_allocation_triggers": 0.9644230769230769,
  "eval/retailer_a_cost": 31.27836538461538,
  "eval/retailer_b_cost": 30.331730769230766,
  "eval/wholesaler_cost": 45.812980769230776,
  "eval/distributor_cost": 55.119711538461544,
  "eval/factory_cost": 44.88413461538462,
  "eval/bullwhip_retailer_a": 0.5387985123969451,
  "eval/bullwhip_retailer_b": 0.5455306421906897,
  "eval/bullwhip_wholesaler": 1.2380214263207052,
  "eval/bullwhip_distributor": 2.4118178689448735,
  "eval/bullwhip_factory": 4.3010954790283815
}