{
  "eval/mean_system_cost": 336.71490384615385,
  "eval/std_system_cost": 74.61004579649813,
  "eval/retailer_cost": 28.343269230769227,
  "eval/wholesaler_cost": 76.90240384615385,
  "eval/distributor_cost": 105.00384615384614,
  "eval/factory_cost": 126.46538461538462,
  "eval/bullwhip_retailer": 1.658457270255071,
  "eval/bullwhip_wholesaler": 2.3357740062950354,
  "eval/bullwhip_distributor": 2.997842304046677,
  "eval/bullwhip_factory": 3.6779313570815564,
  "eval/sharing_rate": 0.6411057692307691,
  "eval/honesty_score": -0.08220385755030432,
  "eval/inflation_rate": 0.31736526946107785
}