{
  "eval/mean_system_cost": 91.32884615384616,
  "eval/std_system_cost": 12.242398015568584,
  "eval/frac_actions_at_cap": 0.0,
  "eval/frac_capacity_binds": 0.0,
  "eval/frac_allocation_triggers": 0.7336538461538461,
  "eval/retailer_cost": 29.105769230769226,
  "eval/wholesaler_cost": 25.87451923076923,
  "eval/distributor_cost": 25.396634615384613,
  "eval/factory_cost": 10.951923076923078,
  "eval/bullwhip_retailer": 2.0261832942474074,
  "eval/bullwhip_wholesaler": 3.703606869962126,
  "eval/bullwhip_distributor": 4.562726801230888,
  "eval/bullwhip_factory": 5.902262768086184
}