{
  "eval/mean_system_cost": 186.81538461538463,
  "eval/std_system_cost": 23.930385817713333,
  "eval/frac_actions_at_cap": 0.0,
  "eval/frac_capacity_binds": 0.0,
  "eval/frac_allocation_triggers": 0.8307692307692308,
  "eval/retailer_a_cost": 15.998076923076923,
  "eval/retailer_b_cost": 16.338461538461537,
  "eval/wholesaler_cost": 45.10865384615384,
  "eval/distributor_cost": 59.39567307692306,
  "eval/factory_cost": 49.97451923076924,
  "eval/bullwhip_retailer_a": 0.3121773808583737,
  "eval/bullwhip_retailer_b": 0.30310629539316364,
  "eval/bullwhip_wholesaler": 1.6592726336495098,
  "eval/bullwhip_distributor": 3.2096512162431345,
  "eval/bullwhip_factory": 5.8345095155500655
}