{
  "eval/mean_system_cost": 65.63605769230767,
  "eval/std_system_cost": 17.214083469714353,
  "eval/retailer_cost": 8.734615384615385,
  "eval/wholesaler_cost": 11.709615384615386,
  "eval/distributor_cost": 12.70576923076923,
  "eval/factory_cost": 32.486057692307696,
  "eval/bullwhip_retailer": 1.5715257951709762,
  "eval/bullwhip_wholesaler": 2.2920313830902836,
  "eval/bullwhip_distributor": 3.077594845888138,
  "eval/bullwhip_factory": 3.691546880952278,
  "eval/sharing_rate": 0.3668269230769231,
  "eval/honesty_score": -0.09624757664275521,
  "eval/inflation_rate": 0.3544041450777202
}