{
  "config": {
    "regime": "C",
    "horizon": 52,
    "total_timesteps": 400000,
    "n_envs": 64,
    "rollout_steps": 128,
    "update_epochs": 4,
    "minibatch_size": 2048,
    "gamma": 0.99,
    "gae_lambda": 0.95,
    "clip_coef": 0.2,
    "ent_coef": 0.01,
    "vf_coef": 0.5,
    "max_grad_norm": 0.5,
    "learning_rate": 0.0003,
    "hidden": 256,
    "order_cap": 128,
    "action_mode": "relative",
    "action_delta_max": 8,
    "claim_delta_max": 8,
    "reward_scale": 0.1,
    "demand": "ar1",
    "topology": "y",
    "capacity_mult": 1.2,
    "rationing": "honesty_weighted",
    "seed": 3,
    "device": "cpu",
    "log_every": 10,
    "eval_every": 10,
    "eval_episodes": 8,
    "out_dir": "artifacts/runs/ippo/tier1_v11",
    "run_name": "regimeC_topoy_cap1p2mu_rathonesty_weighted_demar1_seed3",
    "boundary_warn_frac": 0.05
  },
  "git_sha": "444811133fcd635b68779b05ca0bbe250a1c6c90",
  "obs_dim": 12,
  "n_order": 17,
  "signaling": false,
  "capacity": 13.846153846153845,
  "topology": "y",
  "roles": [
    "retailer_a",
    "retailer_b",
    "wholesaler",
    "distributor",
    "factory"
  ],
  "independent_policies": true,
  "shared_critic": false,
  "demand_info_value": {
    "uniform": {
      "process": "uniform",
      "mse_blind": 21.192034754234832,
      "mse_informed": 21.192039215686275,
      "mse_reduction": -4.461451442949738e-06,
      "relative_mse_reduction": -2.1052492102289516e-07,
      "lag1_r2": 0.00029329294404345507,
      "mean": 7.4977307692307695,
      "var": 21.193917927514793,
      "n_pairs": 25500.0
    },
    "ar1": {
      "process": "ar1",
      "mse_blind": 7.973464127712032,
      "mse_informed": 4.137254509803922,
      "mse_reduction": 3.8362096179081098,
      "relative_mse_reduction": 0.48112207648558164,
      "lag1_r2": 0.48113524742130265,
      "mean": 7.522423076923077,
      "var": 7.900497205621302,
      "n_pairs": 25500.0
    },
    "regime_switch": {
      "process": "regime_switch",
      "mse_blind": 18.424861975026104,
      "mse_informed": 8.324212909006732,
      "mse_reduction": 10.100649066019372,
      "relative_mse_reduction": 0.5482075838456891,
      "lag1_r2": 0.48885363571943075,
      "mean": 8.005346153846153,
      "var": 18.430471418639055,
      "n_pairs": 25500.0
    },
    "classic_step": {
      "process": "classic_step",
      "mse_blind": 0.8910546467107553,
      "mse_informed": 0.3137254901960784,
      "mse_reduction": 0.5773291565146769,
      "relative_mse_reduction": 0.6479166666666667,
      "lag1_r2": 0.734375,
      "mean": 7.6923076923076925,
      "var": 1.136094674556213,
      "n_pairs": 25500.0
    }
  },
  "order_cap_recommendation": {
    "suggested_hard_cap": 128,
    "d_hi_approx": 16.0,
    "max_plausible_need_abs": 176.0,
    "relative_ratchet_horizon": 432.0,
    "rationale": "Fallback d_hi=16.0; cap=128."
  }
}