{
  "eval/mean_system_cost": 1359.4384615384618,
  "eval/std_system_cost": 214.54805034319256,
  "eval/frac_actions_at_cap": 0.0,
  "eval/frac_capacity_binds": 0.8413461538461539,
  "eval/frac_allocation_triggers": 0.9519230769230769,
  "eval/retailer_a_cost": 88.97884615384615,
  "eval/retailer_b_cost": 72.88076923076923,
  "eval/wholesaler_cost": 448.17596153846154,
  "eval/distributor_cost": 398.7826923076923,
  "eval/factory_cost": 350.62019230769226,
  "eval/bullwhip_retailer_a": 0.5056457489445416,
  "eval/bullwhip_retailer_b": 0.5422381868924127,
  "eval/bullwhip_wholesaler": 2.47463585287354,
  "eval/bullwhip_distributor": 3.0882200569469176,
  "eval/bullwhip_factory": 3.6498077883433906
}