{
  "eval/mean_system_cost": 951.4471153846155,
  "eval/std_system_cost": 81.57687017755693,
  "eval/frac_actions_at_cap": 0.0,
  "eval/frac_capacity_binds": 0.9615384615384616,
  "eval/frac_allocation_triggers": 0.9471153846153846,
  "eval/retailer_cost": 50.105769230769226,
  "eval/wholesaler_cost": 240.7495192307693,
  "eval/distributor_cost": 247.63413461538457,
  "eval/factory_cost": 412.9576923076923,
  "eval/bullwhip_retailer": 1.651601852767715,
  "eval/bullwhip_wholesaler": 2.68720557870399,
  "eval/bullwhip_distributor": 5.016985120777128,
  "eval/bullwhip_factory": 7.8844805975593175
}