{
  "eval/mean_system_cost": 212.43028846153848,
  "eval/std_system_cost": 43.80391952871378,
  "eval/frac_actions_at_cap": 0.0,
  "eval/frac_capacity_binds": 0.9423076923076923,
  "eval/frac_allocation_triggers": 0.9701923076923077,
  "eval/retailer_cost": 21.013461538461538,
  "eval/wholesaler_cost": 24.517307692307693,
  "eval/distributor_cost": 30.240865384615386,
  "eval/factory_cost": 136.65865384615384,
  "eval/bullwhip_retailer": 1.7877178509211877,
  "eval/bullwhip_wholesaler": 2.453688183975787,
  "eval/bullwhip_distributor": 2.425296441074004,
  "eval/bullwhip_factory": 3.286981752820365
}