{
  "eval/mean_system_cost": 98.08461538461539,
  "eval/std_system_cost": 26.22517045623498,
  "eval/frac_actions_at_cap": 0.0,
  "eval/frac_capacity_binds": 0.0,
  "eval/frac_allocation_triggers": 0.7355769230769231,
  "eval/retailer_a_cost": 10.488942307692307,
  "eval/retailer_b_cost": 12.196153846153845,
  "eval/wholesaler_cost": 35.01490384615385,
  "eval/distributor_cost": 24.99711538461538,
  "eval/factory_cost": 15.3875,
  "eval/bullwhip_retailer_a": 0.9615178950557318,
  "eval/bullwhip_retailer_b": 1.0461175097695865,
  "eval/bullwhip_wholesaler": 3.3354362667557482,
  "eval/bullwhip_distributor": 4.482430959678367,
  "eval/bullwhip_factory": 5.480492690623768,
  "eval/sharing_rate": 0.5655769230769232,
  "eval/honesty_score": -0.05456152311983773,
  "eval/inflation_rate": 0.27058823529411763
}