{
  "eval/mean_system_cost": 160.18894230769234,
  "eval/std_system_cost": 18.88951259229529,
  "eval/frac_actions_at_cap": 0.0,
  "eval/frac_capacity_binds": 0.0,
  "eval/frac_allocation_triggers": 0.8961538461538462,
  "eval/retailer_a_cost": 20.602403846153845,
  "eval/retailer_b_cost": 26.35432692307693,
  "eval/wholesaler_cost": 53.957211538461536,
  "eval/distributor_cost": 35.21346153846154,
  "eval/factory_cost": 24.061538461538465,
  "eval/bullwhip_retailer_a": 0.3231389249987373,
  "eval/bullwhip_retailer_b": 0.3363441237535457,
  "eval/bullwhip_wholesaler": 1.3380567407561006,
  "eval/bullwhip_distributor": 1.7322380485263194,
  "eval/bullwhip_factory": 1.6769241055169648
}