{
  "eval/mean_system_cost": 844.79375,
  "eval/std_system_cost": 267.7802724972682,
  "eval/frac_actions_at_cap": 0.0,
  "eval/frac_capacity_binds": 0.6913461538461538,
  "eval/frac_allocation_triggers": 0.975,
  "eval/retailer_a_cost": 51.34903846153846,
  "eval/retailer_b_cost": 50.23125,
  "eval/wholesaler_cost": 280.1701923076923,
  "eval/distributor_cost": 241.41009615384615,
  "eval/factory_cost": 221.6331730769231,
  "eval/bullwhip_retailer_a": 1.0195003090742587,
  "eval/bullwhip_retailer_b": 1.0798578842168767,
  "eval/bullwhip_wholesaler": 3.0673926232295625,
  "eval/bullwhip_distributor": 4.077037502000703,
  "eval/bullwhip_factory": 4.936942376755577,
  "eval/sharing_rate": 0.44019230769230766,
  "eval/honesty_score": -0.03772729548582506,
  "eval/inflation_rate": 0.23076923076923078
}