{
  "eval/mean_system_cost": 1614.5697115384614,
  "eval/std_system_cost": 284.4320933141237,
  "eval/frac_actions_at_cap": 0.0,
  "eval/frac_capacity_binds": 0.8519230769230769,
  "eval/frac_allocation_triggers": 0.9740384615384615,
  "eval/retailer_a_cost": 73.3798076923077,
  "eval/retailer_b_cost": 46.61298076923077,
  "eval/wholesaler_cost": 474.91538461538465,
  "eval/distributor_cost": 539.4701923076922,
  "eval/factory_cost": 480.1913461538461,
  "eval/bullwhip_retailer_a": 0.8400294813910114,
  "eval/bullwhip_retailer_b": 0.5416664681492432,
  "eval/bullwhip_wholesaler": 3.105573602803301,
  "eval/bullwhip_distributor": 4.451167096016698,
  "eval/bullwhip_factory": 5.8039131202133145
}