{
  "eval/mean_system_cost": 873.2475961538463,
  "eval/std_system_cost": 249.41022490899394,
  "eval/frac_actions_at_cap": 0.0,
  "eval/frac_capacity_binds": 0.7115384615384616,
  "eval/frac_allocation_triggers": 0.9740384615384615,
  "eval/retailer_a_cost": 56.02019230769231,
  "eval/retailer_b_cost": 46.51971153846154,
  "eval/wholesaler_cost": 294.1009615384615,
  "eval/distributor_cost": 253.16971153846157,
  "eval/factory_cost": 223.43701923076924,
  "eval/bullwhip_retailer_a": 1.035505562373058,
  "eval/bullwhip_retailer_b": 0.9982224001747739,
  "eval/bullwhip_wholesaler": 3.108875483574676,
  "eval/bullwhip_distributor": 3.885051615882978,
  "eval/bullwhip_factory": 4.773617060928289,
  "eval/sharing_rate": 0.4836538461538461,
  "eval/honesty_score": -0.04177265203353212,
  "eval/inflation_rate": 0.2063178677196446
}