{
  "eval/mean_system_cost": 104.4125,
  "eval/std_system_cost": 28.48237378939814,
  "eval/frac_actions_at_cap": 0.0,
  "eval/frac_capacity_binds": 0.0,
  "eval/frac_allocation_triggers": 0.7894230769230769,
  "eval/retailer_a_cost": 15.981730769230769,
  "eval/retailer_b_cost": 15.91682692307692,
  "eval/wholesaler_cost": 35.332692307692305,
  "eval/distributor_cost": 24.03076923076923,
  "eval/factory_cost": 13.150480769230768,
  "eval/bullwhip_retailer_a": 1.1377816309029456,
  "eval/bullwhip_retailer_b": 1.037128538367604,
  "eval/bullwhip_wholesaler": 2.914358495769051,
  "eval/bullwhip_distributor": 3.583042354374902,
  "eval/bullwhip_factory": 4.431270398945926,
  "eval/sharing_rate": 0.4690384615384616,
  "eval/honesty_score": -0.0548137007928689,
  "eval/inflation_rate": 0.269183922046285
}