{
  "eval/mean_system_cost": 842.9048076923076,
  "eval/std_system_cost": 259.13126132230684,
  "eval/frac_actions_at_cap": 0.0,
  "eval/frac_capacity_binds": 0.7057692307692308,
  "eval/frac_allocation_triggers": 0.9663461538461539,
  "eval/retailer_a_cost": 100.79086538461537,
  "eval/retailer_b_cost": 45.84855769230769,
  "eval/wholesaler_cost": 252.68653846153842,
  "eval/distributor_cost": 230.33990384615382,
  "eval/factory_cost": 213.2389423076923,
  "eval/bullwhip_retailer_a": 1.0958862696099612,
  "eval/bullwhip_retailer_b": 1.1232684126057284,
  "eval/bullwhip_wholesaler": 2.9429321606312318,
  "eval/bullwhip_distributor": 3.773608501770297,
  "eval/bullwhip_factory": 4.438157638265412,
  "eval/sharing_rate": 0.320576923076923,
  "eval/honesty_score": -0.04663089453960211,
  "eval/inflation_rate": 0.24875621890547264
}