{
  "eval/mean_system_cost": 76.23846153846152,
  "eval/std_system_cost": 30.725996157437496,
  "eval/frac_actions_at_cap": 0.0,
  "eval/frac_capacity_binds": 0.11730769230769231,
  "eval/frac_allocation_triggers": 0.9067307692307692,
  "eval/retailer_cost": 59.92259615384614,
  "eval/wholesaler_cost": 6.159134615384616,
  "eval/distributor_cost": 5.870192307692308,
  "eval/factory_cost": 4.286538461538462,
  "eval/bullwhip_retailer": 1.389758666747936,
  "eval/bullwhip_wholesaler": 1.3833819548366484,
  "eval/bullwhip_distributor": 1.3914506109915423,
  "eval/bullwhip_factory": 1.8983488305617675
}