{
  "eval/mean_system_cost": 938.3499999999998,
  "eval/std_system_cost": 191.5095179707076,
  "eval/frac_actions_at_cap": 0.0,
  "eval/frac_capacity_binds": 0.7423076923076923,
  "eval/frac_allocation_triggers": 0.9634615384615385,
  "eval/retailer_a_cost": 35.537499999999994,
  "eval/retailer_b_cost": 34.22644230769231,
  "eval/wholesaler_cost": 330.29230769230776,
  "eval/distributor_cost": 282.2697115384615,
  "eval/factory_cost": 256.0240384615385,
  "eval/bullwhip_retailer_a": 0.6177218247035656,
  "eval/bullwhip_retailer_b": 0.6352518925095609,
  "eval/bullwhip_wholesaler": 2.858218397553298,
  "eval/bullwhip_distributor": 3.8990398349613264,
  "eval/bullwhip_factory": 4.9318528689511325,
  "eval/sharing_rate": 0.43480769230769234,
  "eval/honesty_score": -0.039149816893905946,
  "eval/inflation_rate": 0.20459081836327345
}