{
  "eval/mean_system_cost": 619.0187500000001,
  "eval/std_system_cost": 141.19010431781774,
  "eval/frac_actions_at_cap": 0.0,
  "eval/frac_capacity_binds": 0.8403846153846154,
  "eval/frac_allocation_triggers": 0.9307692307692308,
  "eval/retailer_cost": 74.40288461538462,
  "eval/wholesaler_cost": 140.7153846153846,
  "eval/distributor_cost": 166.95865384615385,
  "eval/factory_cost": 236.94182692307692,
  "eval/bullwhip_retailer": 1.8823286831636281,
  "eval/bullwhip_wholesaler": 3.4923652478969838,
  "eval/bullwhip_distributor": 8.327525705385359,
  "eval/bullwhip_factory": 12.42376962656018
}