{
  "eval/mean_system_cost": 1136.6764423076925,
  "eval/std_system_cost": 252.25406261343613,
  "eval/frac_actions_at_cap": 0.0,
  "eval/frac_capacity_binds": 0.8278846153846153,
  "eval/frac_allocation_triggers": 0.9538461538461539,
  "eval/retailer_a_cost": 50.24903846153846,
  "eval/retailer_b_cost": 55.75384615384614,
  "eval/wholesaler_cost": 282.65817307692305,
  "eval/distributor_cost": 360.0754807692308,
  "eval/factory_cost": 387.93990384615387,
  "eval/bullwhip_retailer_a": 0.42162963685368954,
  "eval/bullwhip_retailer_b": 0.5754791343012036,
  "eval/bullwhip_wholesaler": 2.9930922436568625,
  "eval/bullwhip_distributor": 4.78274120569103,
  "eval/bullwhip_factory": 8.097723620984299
}