{
  "eval/mean_system_cost": 422.59951923076915,
  "eval/std_system_cost": 167.2270764630973,
  "eval/frac_actions_at_cap": 0.0,
  "eval/frac_capacity_binds": 0.6625,
  "eval/frac_allocation_triggers": 0.9615384615384616,
  "eval/retailer_a_cost": 25.834615384615383,
  "eval/retailer_b_cost": 36.635096153846156,
  "eval/wholesaler_cost": 101.28028846153845,
  "eval/distributor_cost": 117.4456730769231,
  "eval/factory_cost": 141.40384615384613,
  "eval/bullwhip_retailer_a": 0.8366300316515399,
  "eval/bullwhip_retailer_b": 0.7827382772643827,
  "eval/bullwhip_wholesaler": 2.652863276199192,
  "eval/bullwhip_distributor": 3.51524244984623,
  "eval/bullwhip_factory": 4.468346896044598,
  "eval/sharing_rate": 0.4375,
  "eval/honesty_score": -0.040438700417486574,
  "eval/inflation_rate": 0.277
}