{
  "eval/mean_system_cost": 1295.303846153846,
  "eval/std_system_cost": 210.91766687168402,
  "eval/frac_actions_at_cap": 0.0,
  "eval/frac_capacity_binds": 0.8480769230769231,
  "eval/frac_allocation_triggers": 0.9538461538461539,
  "eval/retailer_a_cost": 85.07596153846154,
  "eval/retailer_b_cost": 63.70192307692308,
  "eval/wholesaler_cost": 431.1461538461538,
  "eval/distributor_cost": 381.8403846153846,
  "eval/factory_cost": 333.53942307692313,
  "eval/bullwhip_retailer_a": 0.43682409339236455,
  "eval/bullwhip_retailer_b": 0.4921451730377214,
  "eval/bullwhip_wholesaler": 2.146615186291966,
  "eval/bullwhip_distributor": 2.6997425713172247,
  "eval/bullwhip_factory": 4.662096386302997
}