{
  "eval/mean_system_cost": 310.80625000000003,
  "eval/std_system_cost": 98.08239644771709,
  "eval/frac_actions_at_cap": 0.0,
  "eval/frac_capacity_binds": 0.12307692307692308,
  "eval/frac_allocation_triggers": 0.9644230769230769,
  "eval/retailer_a_cost": 67.475,
  "eval/retailer_b_cost": 70.65432692307691,
  "eval/wholesaler_cost": 83.85961538461537,
  "eval/distributor_cost": 57.603846153846156,
  "eval/factory_cost": 31.213461538461537,
  "eval/bullwhip_retailer_a": 0.5550711845503592,
  "eval/bullwhip_retailer_b": 0.4020952461049846,
  "eval/bullwhip_wholesaler": 1.0250662254124954,
  "eval/bullwhip_distributor": 1.132697720246623,
  "eval/bullwhip_factory": 1.2311003817334698
}