{
  "eval/mean_system_cost": 305.91586538461536,
  "eval/std_system_cost": 44.21320197490667,
  "eval/retailer_cost": 46.92788461538462,
  "eval/wholesaler_cost": 74.85432692307691,
  "eval/distributor_cost": 75.6591346153846,
  "eval/factory_cost": 108.47451923076922,
  "eval/bullwhip_retailer": 1.7500859870860366,
  "eval/bullwhip_wholesaler": 2.2947018788468094,
  "eval/bullwhip_distributor": 2.821869576870049,
  "eval/bullwhip_factory": 3.612653143514207,
  "eval/sharing_rate": 0.5528846153846154,
  "eval/honesty_score": -0.07951456162662393,
  "eval/inflation_rate": 0.3059177532597793
}