{
  "eval/mean_system_cost": 490.5725961538461,
  "eval/std_system_cost": 145.5214286334553,
  "eval/frac_actions_at_cap": 0.0,
  "eval/frac_capacity_binds": 0.5403846153846154,
  "eval/frac_allocation_triggers": 0.948076923076923,
  "eval/retailer_a_cost": 72.0298076923077,
  "eval/retailer_b_cost": 73.45673076923076,
  "eval/wholesaler_cost": 141.23990384615385,
  "eval/distributor_cost": 114.94951923076924,
  "eval/factory_cost": 88.89663461538461,
  "eval/bullwhip_retailer_a": 0.31572598560756304,
  "eval/bullwhip_retailer_b": 0.30567532019702454,
  "eval/bullwhip_wholesaler": 1.2051770628609153,
  "eval/bullwhip_distributor": 1.3467656059238402,
  "eval/bullwhip_factory": 1.4869180607688095
}