{
  "eval/mean_system_cost": 70.11394230769231,
  "eval/std_system_cost": 22.343611722169054,
  "eval/frac_actions_at_cap": 0.0,
  "eval/frac_capacity_binds": 0.4307692307692308,
  "eval/frac_allocation_triggers": 0.9038461538461539,
  "eval/retailer_cost": 38.86153846153846,
  "eval/wholesaler_cost": 15.555288461538462,
  "eval/distributor_cost": 5.014903846153845,
  "eval/factory_cost": 10.682211538461537,
  "eval/bullwhip_retailer": 1.1288093138837134,
  "eval/bullwhip_wholesaler": 1.242726863075217,
  "eval/bullwhip_distributor": 1.3028021209122862,
  "eval/bullwhip_factory": 4.185759438001562
}