{
  "eval/mean_system_cost": 327.7956730769231,
  "eval/std_system_cost": 75.23509725063005,
  "eval/retailer_cost": 47.64519230769231,
  "eval/wholesaler_cost": 86.56442307692308,
  "eval/distributor_cost": 92.4826923076923,
  "eval/factory_cost": 101.10336538461539,
  "eval/bullwhip_retailer": 1.8935654962027,
  "eval/bullwhip_wholesaler": 2.5595371286115975,
  "eval/bullwhip_distributor": 2.8652793816389277,
  "eval/bullwhip_factory": 3.5479060441482915,
  "eval/sharing_rate": 0.5298076923076924,
  "eval/honesty_score": -0.07944777727467556,
  "eval/inflation_rate": 0.27716849451645065
}