{
  "eval/mean_system_cost": 151.39951923076924,
  "eval/std_system_cost": 44.2087163329342,
  "eval/retailer_cost": 10.277403846153845,
  "eval/wholesaler_cost": 15.55048076923077,
  "eval/distributor_cost": 35.160576923076924,
  "eval/factory_cost": 90.41105769230768,
  "eval/bullwhip_retailer": 1.794931711889496,
  "eval/bullwhip_wholesaler": 2.524356406218049,
  "eval/bullwhip_distributor": 3.2092279889279176,
  "eval/bullwhip_factory": 4.265388485296116,
  "eval/sharing_rate": 0.5874999999999999,
  "eval/honesty_score": -0.0870807574960534,
  "eval/inflation_rate": 0.349748743718593
}