{
  "eval/mean_system_cost": 92.83557692307693,
  "eval/std_system_cost": 17.306579531535426,
  "eval/frac_actions_at_cap": 0.0,
  "eval/frac_capacity_binds": 0.0,
  "eval/frac_allocation_triggers": 0.6730769230769231,
  "eval/retailer_a_cost": 9.607211538461538,
  "eval/retailer_b_cost": 9.3875,
  "eval/wholesaler_cost": 32.29038461538461,
  "eval/distributor_cost": 24.705769230769228,
  "eval/factory_cost": 16.844711538461535,
  "eval/bullwhip_retailer_a": 1.4746280242551848,
  "eval/bullwhip_retailer_b": 1.1352115150983475,
  "eval/bullwhip_wholesaler": 4.377676909457768,
  "eval/bullwhip_distributor": 5.429788790616935,
  "eval/bullwhip_factory": 6.368366284123808
}