{
  "eval/mean_system_cost": 83.42884615384614,
  "eval/std_system_cost": 23.098331295871702,
  "eval/retailer_cost": 10.18173076923077,
  "eval/wholesaler_cost": 10.76875,
  "eval/distributor_cost": 15.499038461538461,
  "eval/factory_cost": 46.979326923076925,
  "eval/bullwhip_retailer": 1.85217506924973,
  "eval/bullwhip_wholesaler": 2.600392463694107,
  "eval/bullwhip_distributor": 3.1260172474956294,
  "eval/bullwhip_factory": 3.8110664573150266,
  "eval/sharing_rate": 0.5658653846153846,
  "eval/honesty_score": -0.09699953901888325,
  "eval/inflation_rate": 0.3326612903225806
}