{
  "eval/mean_system_cost": 52.72019230769231,
  "eval/std_system_cost": 25.293960885664053,
  "eval/frac_actions_at_cap": 0.0,
  "eval/frac_capacity_binds": 0.5480769230769231,
  "eval/frac_allocation_triggers": 0.7423076923076923,
  "eval/retailer_cost": 7.155288461538461,
  "eval/wholesaler_cost": 10.411538461538461,
  "eval/distributor_cost": 16.717307692307692,
  "eval/factory_cost": 18.436057692307692,
  "eval/bullwhip_retailer": 4.023869577565774,
  "eval/bullwhip_wholesaler": 6.596914586890274,
  "eval/bullwhip_distributor": 7.600106833613936,
  "eval/bullwhip_factory": 9.040620734029227,
  "eval/sharing_rate": 0.5038461538461537,
  "eval/honesty_score": -0.045889488274077614,
  "eval/inflation_rate": 0.3829296424452134
}