{
  "eval/mean_system_cost": 1378.6653846153845,
  "eval/std_system_cost": 221.7780837711387,
  "eval/frac_actions_at_cap": 0.0,
  "eval/frac_capacity_binds": 0.8403846153846154,
  "eval/frac_allocation_triggers": 0.9528846153846153,
  "eval/retailer_a_cost": 79.25240384615384,
  "eval/retailer_b_cost": 86.07932692307692,
  "eval/wholesaler_cost": 453.63653846153846,
  "eval/distributor_cost": 404.03076923076924,
  "eval/factory_cost": 355.6663461538461,
  "eval/bullwhip_retailer_a": 0.49931841442763464,
  "eval/bullwhip_retailer_b": 0.5381652298048474,
  "eval/bullwhip_wholesaler": 2.46466606586968,
  "eval/bullwhip_distributor": 3.0762651694593095,
  "eval/bullwhip_factory": 3.632882177330814
}