{
  "eval/mean_system_cost": 360.2875,
  "eval/std_system_cost": 161.66727498887917,
  "eval/frac_actions_at_cap": 0.0,
  "eval/frac_capacity_binds": 0.614423076923077,
  "eval/frac_allocation_triggers": 0.9711538461538461,
  "eval/retailer_a_cost": 30.127403846153847,
  "eval/retailer_b_cost": 32.20961538461538,
  "eval/wholesaler_cost": 91.83365384615384,
  "eval/distributor_cost": 93.26346153846154,
  "eval/factory_cost": 112.8533653846154,
  "eval/bullwhip_retailer_a": 1.01517270110922,
  "eval/bullwhip_retailer_b": 0.9898967200247455,
  "eval/bullwhip_wholesaler": 2.836180203196968,
  "eval/bullwhip_distributor": 3.6883191169910345,
  "eval/bullwhip_factory": 4.5536619561896154,
  "eval/sharing_rate": 0.4913461538461538,
  "eval/honesty_score": -0.043638489279884736,
  "eval/inflation_rate": 0.2891089108910891
}