{
  "eval/mean_system_cost": 593.8610576923077,
  "eval/std_system_cost": 73.84980813242764,
  "eval/frac_actions_at_cap": 0.0,
  "eval/frac_capacity_binds": 0.8432692307692308,
  "eval/frac_allocation_triggers": 0.9413461538461538,
  "eval/retailer_cost": 30.64278846153846,
  "eval/wholesaler_cost": 118.9423076923077,
  "eval/distributor_cost": 187.4471153846154,
  "eval/factory_cost": 256.82884615384614,
  "eval/bullwhip_retailer": 1.594777518998049,
  "eval/bullwhip_wholesaler": 3.493970293200214,
  "eval/bullwhip_distributor": 7.100931189635454,
  "eval/bullwhip_factory": 12.293653079339638
}