{
  "eval/mean_system_cost": 92.07307692307691,
  "eval/std_system_cost": 15.46714623955751,
  "eval/frac_actions_at_cap": 0.0,
  "eval/frac_capacity_binds": 0.0,
  "eval/frac_allocation_triggers": 0.7625,
  "eval/retailer_a_cost": 8.149519230769233,
  "eval/retailer_b_cost": 8.399519230769231,
  "eval/wholesaler_cost": 35.32403846153846,
  "eval/distributor_cost": 23.376442307692308,
  "eval/factory_cost": 16.82355769230769,
  "eval/bullwhip_retailer_a": 1.3252615332901814,
  "eval/bullwhip_retailer_b": 1.527511145441002,
  "eval/bullwhip_wholesaler": 4.3557201987895,
  "eval/bullwhip_distributor": 5.471105954793559,
  "eval/bullwhip_factory": 7.5027614808103715
}