{
  "eval/mean_system_cost": 670.6846153846152,
  "eval/std_system_cost": 239.28660660357085,
  "eval/frac_actions_at_cap": 0.0,
  "eval/frac_capacity_binds": 0.7144230769230769,
  "eval/frac_allocation_triggers": 0.9538461538461539,
  "eval/retailer_a_cost": 49.248076923076916,
  "eval/retailer_b_cost": 107.8264423076923,
  "eval/wholesaler_cost": 139.57211538461542,
  "eval/distributor_cost": 197.14471153846154,
  "eval/factory_cost": 176.89326923076925,
  "eval/bullwhip_retailer_a": 0.8293466394303285,
  "eval/bullwhip_retailer_b": 0.38846676674159974,
  "eval/bullwhip_wholesaler": 2.189320947503509,
  "eval/bullwhip_distributor": 2.6139680739584277,
  "eval/bullwhip_factory": 3.096914363998336
}