{
  "eval/mean_system_cost": 677.9620192307692,
  "eval/std_system_cost": 241.5373021674734,
  "eval/frac_actions_at_cap": 0.0,
  "eval/frac_capacity_binds": 0.6605769230769231,
  "eval/frac_allocation_triggers": 0.9740384615384615,
  "eval/retailer_a_cost": 46.57740384615384,
  "eval/retailer_b_cost": 39.27163461538462,
  "eval/wholesaler_cost": 212.84903846153847,
  "eval/distributor_cost": 190.77548076923077,
  "eval/factory_cost": 188.48846153846154,
  "eval/bullwhip_retailer_a": 1.0257235664250755,
  "eval/bullwhip_retailer_b": 0.9337223198293269,
  "eval/bullwhip_wholesaler": 2.9707234370594433,
  "eval/bullwhip_distributor": 3.8485969584204587,
  "eval/bullwhip_factory": 4.823299891129143,
  "eval/sharing_rate": 0.3524999999999999,
  "eval/honesty_score": -0.047554971839318456,
  "eval/inflation_rate": 0.2250740375123396
}