{
  "eval/mean_system_cost": 506.47836538461536,
  "eval/std_system_cost": 152.33203084950597,
  "eval/frac_actions_at_cap": 0.0,
  "eval/frac_capacity_binds": 0.5480769230769231,
  "eval/frac_allocation_triggers": 0.9519230769230769,
  "eval/retailer_a_cost": 66.56682692307693,
  "eval/retailer_b_cost": 82.59182692307691,
  "eval/wholesaler_cost": 145.2076923076923,
  "eval/distributor_cost": 119.06538461538462,
  "eval/factory_cost": 93.04663461538462,
  "eval/bullwhip_retailer_a": 0.3103374439234082,
  "eval/bullwhip_retailer_b": 0.3083890998557286,
  "eval/bullwhip_wholesaler": 1.2060026932643229,
  "eval/bullwhip_distributor": 1.3377753399852594,
  "eval/bullwhip_factory": 1.467595470998964
}