{
  "eval/mean_system_cost": 116.5269230769231,
  "eval/std_system_cost": 25.518392688110577,
  "eval/frac_actions_at_cap": 0.0,
  "eval/frac_capacity_binds": 0.13653846153846153,
  "eval/frac_allocation_triggers": 0.926923076923077,
  "eval/retailer_cost": 99.30480769230769,
  "eval/wholesaler_cost": 6.68125,
  "eval/distributor_cost": 6.3745192307692315,
  "eval/factory_cost": 4.166346153846154,
  "eval/bullwhip_retailer": 1.1581405693653244,
  "eval/bullwhip_wholesaler": 1.1527075912039046,
  "eval/bullwhip_distributor": 1.153104891749619,
  "eval/bullwhip_factory": 1.1564637901804553
}