{
  "eval/mean_system_cost": 995.525,
  "eval/std_system_cost": 200.01442212701005,
  "eval/frac_actions_at_cap": 0.0,
  "eval/frac_capacity_binds": 0.801923076923077,
  "eval/frac_allocation_triggers": 0.9538461538461539,
  "eval/retailer_a_cost": 51.241826923076914,
  "eval/retailer_b_cost": 66.60240384615385,
  "eval/wholesaler_cost": 237.30865384615382,
  "eval/distributor_cost": 319.1115384615385,
  "eval/factory_cost": 321.2605769230769,
  "eval/bullwhip_retailer_a": 0.6064510268932713,
  "eval/bullwhip_retailer_b": 0.3398506932838804,
  "eval/bullwhip_wholesaler": 2.5942596747981694,
  "eval/bullwhip_distributor": 4.029427240574307,
  "eval/bullwhip_factory": 6.415701336131736
}