{
  "eval/mean_system_cost": 728.7514423076924,
  "eval/std_system_cost": 92.13477710973355,
  "eval/frac_actions_at_cap": 0.0,
  "eval/frac_capacity_binds": 0.8451923076923077,
  "eval/frac_allocation_triggers": 0.9413461538461538,
  "eval/retailer_cost": 50.9875,
  "eval/wholesaler_cost": 134.09134615384613,
  "eval/distributor_cost": 234.1596153846154,
  "eval/factory_cost": 309.5129807692307,
  "eval/bullwhip_retailer": 1.5278552683638524,
  "eval/bullwhip_wholesaler": 3.96879082745006,
  "eval/bullwhip_distributor": 9.101937127272429,
  "eval/bullwhip_factory": 10.724245349019318
}