{
  "config": {
    "regime": "A",
    "horizon": 52,
    "total_timesteps": 400000,
    "n_envs": 64,
    "rollout_steps": 128,
    "update_epochs": 4,
    "minibatch_size": 2048,
    "gamma": 0.99,
    "gae_lambda": 0.95,
    "clip_coef": 0.2,
    "ent_coef": 0.01,
    "vf_coef": 0.5,
    "max_grad_norm": 0.5,
    "learning_rate": 0.0003,
    "hidden": 256,
    "order_cap": 128,
    "action_mode": "relative",
    "action_delta_max": 8,
    "claim_delta_max": 8,
    "reward_scale": 0.1,
    "demand": "ar1",
    "topology": "serial",
    "capacity_mult": 1.2,
    "rationing": "proportional",
    "seed": 2,
    "device": "cpu",
    "log_every": 10,
    "eval_every": 10,
    "eval_episodes": 8,
    "out_dir": "artifacts/runs/ippo/tier1_v11",
    "run_name": "regimeA_toposerial_cap1p2mu_ratproportional_demar1_seed2",
    "boundary_warn_frac": 0.05
  },
  "git_sha": "e194e5f6e05933b55bb6b639c0adda72f279d908",
  "obs_dim": 12,
  "n_order": 17,
  "signaling": false,
  "capacity": 6.138461538461538,
  "topology": "serial",
  "roles": [
    "retailer",
    "wholesaler",
    "distributor",
    "factory"
  ],
  "independent_policies": true,
  "shared_critic": false,
  "demand_info_value": {
    "uniform": {
      "process": "uniform",
      "mse_blind": 21.195633889865412,
      "mse_informed": 21.19564705882353,
      "mse_reduction": -1.3168958115983287e-05,
      "relative_mse_reduction": -6.213052265580016e-07,
      "lag1_r2": 0.0002667772345427144,
      "mean": 7.503038461538462,
      "var": 21.198606152366864,
      "n_pairs": 25500.0
    },
    "ar1": {
      "process": "ar1",
      "mse_blind": 7.98713593627451,
      "mse_informed": 4.141030980392157,
      "mse_reduction": 3.8461049558823532,
      "relative_mse_reduction": 0.48153743551738226,
      "lag1_r2": 0.4815472575119951,
      "mean": 7.5155,
      "var": 7.914605903846153,
      "n_pairs": 25500.0
    },
    "regime_switch": {
      "process": "regime_switch",
      "mse_blind": 18.423656464642068,
      "mse_informed": 8.324200103435171,
      "mse_reduction": 10.099456361206897,
      "relative_mse_reduction": 0.548178716889851,
      "lag1_r2": 0.48906577444744004,
      "mean": 8.00326923076923,
      "var": 18.428873927514793,
      "n_pairs": 25500.0
    },
    "classic_step": {
      "process": "classic_step",
      "mse_blind": 0.8910546467107553,
      "mse_informed": 0.3137254901960784,
      "mse_reduction": 0.5773291565146769,
      "relative_mse_reduction": 0.6479166666666667,
      "lag1_r2": 0.734375,
      "mean": 7.6923076923076925,
      "var": 1.136094674556213,
      "n_pairs": 25500.0
    }
  },
  "order_cap_recommendation": {
    "suggested_hard_cap": 128,
    "d_hi_approx": 15.90168050416806,
    "max_plausible_need_abs": 174.91848554584865,
    "relative_ratchet_horizon": 431.90168050416804,
    "rationale": "AR(1) \u03bc=7.5, \u03c6=0.7, \u03c3=2.0: high demand \u2248 \u03bc+3.0\u03c3_stat = 15.9; relative +8/week over T=52 can ratchet far above 64; cap=128 keeps the hard clamp rarely binding."
  }
}