{
  "eval/mean_system_cost": 90.44182692307692,
  "eval/std_system_cost": 19.06384222042481,
  "eval/frac_actions_at_cap": 0.0,
  "eval/frac_capacity_binds": 0.0,
  "eval/frac_allocation_triggers": 0.7298076923076923,
  "eval/retailer_a_cost": 10.258653846153848,
  "eval/retailer_b_cost": 10.03701923076923,
  "eval/wholesaler_cost": 30.725480769230774,
  "eval/distributor_cost": 24.924519230769228,
  "eval/factory_cost": 14.496153846153845,
  "eval/bullwhip_retailer_a": 0.9380973594295796,
  "eval/bullwhip_retailer_b": 0.9072234795890627,
  "eval/bullwhip_wholesaler": 2.9509612370574367,
  "eval/bullwhip_distributor": 3.773289513574846,
  "eval/bullwhip_factory": 4.719995479268314,
  "eval/sharing_rate": 0.506346153846154,
  "eval/honesty_score": -0.056708145415060085,
  "eval/inflation_rate": 0.2635046113306983
}