{
  "eval/mean_system_cost": 914.5163461538461,
  "eval/std_system_cost": 304.02816346198836,
  "eval/frac_actions_at_cap": 0.0,
  "eval/frac_capacity_binds": 0.7067307692307693,
  "eval/frac_allocation_triggers": 0.9711538461538461,
  "eval/retailer_a_cost": 65.39807692307691,
  "eval/retailer_b_cost": 60.156730769230776,
  "eval/wholesaler_cost": 299.9615384615384,
  "eval/distributor_cost": 261.0692307692308,
  "eval/factory_cost": 227.93076923076924,
  "eval/bullwhip_retailer_a": 1.0516288924260668,
  "eval/bullwhip_retailer_b": 1.040726971495522,
  "eval/bullwhip_wholesaler": 3.1171962973427814,
  "eval/bullwhip_distributor": 3.9877988429506916,
  "eval/bullwhip_factory": 4.970375158572266,
  "eval/sharing_rate": 0.48442307692307685,
  "eval/honesty_score": -0.03865848362912526,
  "eval/inflation_rate": 0.22673267326732674
}