{
  "eval/mean_system_cost": 953.6884615384613,
  "eval/std_system_cost": 198.1784593752687,
  "eval/frac_actions_at_cap": 0.0,
  "eval/frac_capacity_binds": 0.7307692307692307,
  "eval/frac_allocation_triggers": 0.9567307692307693,
  "eval/retailer_a_cost": 68.9293269230769,
  "eval/retailer_b_cost": 59.97548076923077,
  "eval/wholesaler_cost": 301.00576923076926,
  "eval/distributor_cost": 270.9634615384615,
  "eval/factory_cost": 252.81442307692305,
  "eval/bullwhip_retailer_a": 0.8129660388750808,
  "eval/bullwhip_retailer_b": 0.8282893704482441,
  "eval/bullwhip_wholesaler": 2.9624777235596396,
  "eval/bullwhip_distributor": 3.808485329496675,
  "eval/bullwhip_factory": 4.757471072922898,
  "eval/sharing_rate": 0.5,
  "eval/honesty_score": -0.04163259404590316,
  "eval/inflation_rate": 0.23015075376884422
}