{
  "eval/mean_system_cost": 103.06490384615385,
  "eval/std_system_cost": 14.337224573106516,
  "eval/frac_actions_at_cap": 0.0,
  "eval/frac_capacity_binds": 0.0,
  "eval/frac_allocation_triggers": 0.7086538461538462,
  "eval/retailer_a_cost": 8.669711538461538,
  "eval/retailer_b_cost": 7.913942307692307,
  "eval/wholesaler_cost": 37.79615384615384,
  "eval/distributor_cost": 30.800961538461543,
  "eval/factory_cost": 17.884134615384614,
  "eval/bullwhip_retailer_a": 1.3264431933979957,
  "eval/bullwhip_retailer_b": 1.5084397094957533,
  "eval/bullwhip_wholesaler": 5.517944313223716,
  "eval/bullwhip_distributor": 6.879034336252334,
  "eval/bullwhip_factory": 8.59627796422663
}