{
  "eval/mean_system_cost": 687.9326923076922,
  "eval/std_system_cost": 191.27478848907,
  "eval/frac_actions_at_cap": 0.0,
  "eval/frac_capacity_binds": 0.6423076923076924,
  "eval/frac_allocation_triggers": 0.9576923076923077,
  "eval/retailer_a_cost": 61.00480769230769,
  "eval/retailer_b_cost": 67.50576923076925,
  "eval/wholesaler_cost": 197.97019230769232,
  "eval/distributor_cost": 182.8591346153846,
  "eval/factory_cost": 178.5927884615385,
  "eval/bullwhip_retailer_a": 0.8625194660882003,
  "eval/bullwhip_retailer_b": 0.9010609649437619,
  "eval/bullwhip_wholesaler": 2.783629185973252,
  "eval/bullwhip_distributor": 3.4021893467529054,
  "eval/bullwhip_factory": 4.1545393402398405,
  "eval/sharing_rate": 0.5132692307692308,
  "eval/honesty_score": -0.043407469918466605,
  "eval/inflation_rate": 0.2620481927710843
}