{
  "eval/mean_system_cost": 447.0091346153846,
  "eval/std_system_cost": 165.5540935490758,
  "eval/frac_actions_at_cap": 0.0,
  "eval/frac_capacity_binds": 0.47115384615384615,
  "eval/frac_allocation_triggers": 0.9615384615384616,
  "eval/retailer_a_cost": 72.67211538461538,
  "eval/retailer_b_cost": 66.08557692307691,
  "eval/wholesaler_cost": 131.59903846153844,
  "eval/distributor_cost": 102.75384615384614,
  "eval/factory_cost": 73.8985576923077,
  "eval/bullwhip_retailer_a": 0.5260327392144425,
  "eval/bullwhip_retailer_b": 0.5256029538717499,
  "eval/bullwhip_wholesaler": 1.2106423952602878,
  "eval/bullwhip_distributor": 1.3543446575729368,
  "eval/bullwhip_factory": 1.4706976177702529
}