{
  "eval/mean_system_cost": 668.6793269230768,
  "eval/std_system_cost": 168.517536390014,
  "eval/frac_actions_at_cap": 0.0,
  "eval/frac_capacity_binds": 0.6413461538461539,
  "eval/frac_allocation_triggers": 0.9557692307692308,
  "eval/retailer_a_cost": 60.28653846153844,
  "eval/retailer_b_cost": 75.35817307692307,
  "eval/wholesaler_cost": 185.27884615384616,
  "eval/distributor_cost": 172.35336538461542,
  "eval/factory_cost": 175.40240384615382,
  "eval/bullwhip_retailer_a": 0.9143916694794313,
  "eval/bullwhip_retailer_b": 0.9530110379338633,
  "eval/bullwhip_wholesaler": 2.83451714872594,
  "eval/bullwhip_distributor": 3.4465154858860343,
  "eval/bullwhip_factory": 4.17714165937918,
  "eval/sharing_rate": 0.5273076923076923,
  "eval/honesty_score": -0.04211481215026772,
  "eval/inflation_rate": 0.28169014084507044
}