{
  "eval/mean_system_cost": 395.78990384615383,
  "eval/std_system_cost": 145.69255852452184,
  "eval/frac_actions_at_cap": 0.0,
  "eval/frac_capacity_binds": 0.32596153846153847,
  "eval/frac_allocation_triggers": 0.9644230769230769,
  "eval/retailer_a_cost": 63.225480769230764,
  "eval/retailer_b_cost": 66.36201923076923,
  "eval/wholesaler_cost": 119.67067307692307,
  "eval/distributor_cost": 88.73990384615384,
  "eval/factory_cost": 57.791826923076925,
  "eval/bullwhip_retailer_a": 0.5387985123969451,
  "eval/bullwhip_retailer_b": 0.5455306421906897,
  "eval/bullwhip_wholesaler": 1.2380214263207052,
  "eval/bullwhip_distributor": 1.3935545704458359,
  "eval/bullwhip_factory": 1.5209238893747405
}