{
  "eval/mean_system_cost": 219.22115384615387,
  "eval/std_system_cost": 46.60407802711472,
  "eval/frac_actions_at_cap": 0.0,
  "eval/frac_capacity_binds": 0.0,
  "eval/frac_allocation_triggers": 0.9673076923076923,
  "eval/retailer_a_cost": 43.06346153846154,
  "eval/retailer_b_cost": 27.621634615384618,
  "eval/wholesaler_cost": 42.596634615384616,
  "eval/distributor_cost": 61.27596153846154,
  "eval/factory_cost": 44.66346153846154,
  "eval/bullwhip_retailer_a": 0.5253761147285781,
  "eval/bullwhip_retailer_b": 0.5432994323106515,
  "eval/bullwhip_wholesaler": 1.162307740328286,
  "eval/bullwhip_distributor": 2.2371126500953156,
  "eval/bullwhip_factory": 4.01582154617314
}