{
  "eval/mean_system_cost": 875.1826923076924,
  "eval/std_system_cost": 221.98941682754148,
  "eval/frac_actions_at_cap": 0.0,
  "eval/frac_capacity_binds": 0.7230769230769231,
  "eval/frac_allocation_triggers": 0.975,
  "eval/retailer_a_cost": 32.87403846153846,
  "eval/retailer_b_cost": 134.92980769230766,
  "eval/wholesaler_cost": 257.47115384615387,
  "eval/distributor_cost": 231.17355769230767,
  "eval/factory_cost": 218.73413461538462,
  "eval/bullwhip_retailer_a": 0.9586124677923817,
  "eval/bullwhip_retailer_b": 1.0308025614104654,
  "eval/bullwhip_wholesaler": 2.707616785916403,
  "eval/bullwhip_distributor": 3.4730285742973335,
  "eval/bullwhip_factory": 4.168683114398656,
  "eval/sharing_rate": 0.3711538461538461,
  "eval/honesty_score": -0.040131979686616144,
  "eval/inflation_rate": 0.25443786982248523
}