{
  "eval/mean_system_cost": 372.8120192307693,
  "eval/std_system_cost": 84.93255174394442,
  "eval/frac_actions_at_cap": 0.0,
  "eval/frac_capacity_binds": 0.6865384615384615,
  "eval/frac_allocation_triggers": 0.9403846153846154,
  "eval/retailer_cost": 56.74711538461539,
  "eval/wholesaler_cost": 84.31682692307693,
  "eval/distributor_cost": 109.1375,
  "eval/factory_cost": 122.6105769230769,
  "eval/bullwhip_retailer": 3.8554824776079295,
  "eval/bullwhip_wholesaler": 5.674299295845299,
  "eval/bullwhip_distributor": 7.270819442476806,
  "eval/bullwhip_factory": 9.36907665807121,
  "eval/sharing_rate": 0.5641826923076924,
  "eval/honesty_score": -0.03551090862636196,
  "eval/inflation_rate": 0.28830645161290325
}