{
  "eval/mean_system_cost": 571.2375,
  "eval/std_system_cost": 179.2015353062079,
  "eval/frac_actions_at_cap": 0.0,
  "eval/frac_capacity_binds": 0.6259615384615385,
  "eval/frac_allocation_triggers": 0.9701923076923077,
  "eval/retailer_a_cost": 59.70817307692308,
  "eval/retailer_b_cost": 58.10144230769231,
  "eval/wholesaler_cost": 162.28653846153847,
  "eval/distributor_cost": 146.2451923076923,
  "eval/factory_cost": 144.89615384615385,
  "eval/bullwhip_retailer_a": 1.099576588777769,
  "eval/bullwhip_retailer_b": 1.0812751883809977,
  "eval/bullwhip_wholesaler": 2.6394949608452714,
  "eval/bullwhip_distributor": 3.2276849984524727,
  "eval/bullwhip_factory": 3.954068720704594,
  "eval/sharing_rate": 0.5330769230769231,
  "eval/honesty_score": -0.040363215415091906,
  "eval/inflation_rate": 0.2923686818632309
}