{
  "eval/mean_system_cost": 395.71490384615385,
  "eval/std_system_cost": 62.13793211832799,
  "eval/frac_actions_at_cap": 0.0,
  "eval/frac_capacity_binds": 0.7384615384615385,
  "eval/frac_allocation_triggers": 0.9432692307692307,
  "eval/retailer_cost": 20.77836538461538,
  "eval/wholesaler_cost": 86.63990384615384,
  "eval/distributor_cost": 125.32692307692307,
  "eval/factory_cost": 162.96971153846152,
  "eval/bullwhip_retailer": 3.5286736286761324,
  "eval/bullwhip_wholesaler": 6.584157115468627,
  "eval/bullwhip_distributor": 9.066514042278484,
  "eval/bullwhip_factory": 12.404286143597705,
  "eval/sharing_rate": 0.5165865384615385,
  "eval/honesty_score": -0.03615670887516812,
  "eval/inflation_rate": 0.27715736040609135
}