{
  "eval/mean_system_cost": 591.9552884615384,
  "eval/std_system_cost": 220.52287592485,
  "eval/frac_actions_at_cap": 0.0,
  "eval/frac_capacity_binds": 0.6115384615384616,
  "eval/frac_allocation_triggers": 0.9740384615384615,
  "eval/retailer_a_cost": 70.20048076923078,
  "eval/retailer_b_cost": 63.56971153846153,
  "eval/wholesaler_cost": 158.10192307692307,
  "eval/distributor_cost": 150.14759615384614,
  "eval/factory_cost": 149.93557692307692,
  "eval/bullwhip_retailer_a": 1.1343959999056434,
  "eval/bullwhip_retailer_b": 0.9764375345676379,
  "eval/bullwhip_wholesaler": 2.769913776254029,
  "eval/bullwhip_distributor": 3.3838468141327884,
  "eval/bullwhip_factory": 3.9957698478792283,
  "eval/sharing_rate": 0.4428846153846154,
  "eval/honesty_score": -0.04090506724285069,
  "eval/inflation_rate": 0.28232971372161897
}