{
  "eval/mean_system_cost": 545.9740384615385,
  "eval/std_system_cost": 201.7632547471448,
  "eval/frac_actions_at_cap": 0.0,
  "eval/frac_capacity_binds": 0.7682692307692308,
  "eval/frac_allocation_triggers": 0.9644230769230769,
  "eval/retailer_a_cost": 64.59567307692308,
  "eval/retailer_b_cost": 68.51538461538462,
  "eval/wholesaler_cost": 66.64615384615385,
  "eval/distributor_cost": 123.475,
  "eval/factory_cost": 222.74182692307696,
  "eval/bullwhip_retailer_a": 0.48439880914403727,
  "eval/bullwhip_retailer_b": 0.6233271713525066,
  "eval/bullwhip_wholesaler": 1.7278339587840548,
  "eval/bullwhip_distributor": 2.843371384117336,
  "eval/bullwhip_factory": 3.4240402338542153
}