{
  "eval/mean_system_cost": 690.3480769230769,
  "eval/std_system_cost": 216.25673012152717,
  "eval/frac_actions_at_cap": 0.0,
  "eval/frac_capacity_binds": 0.6798076923076923,
  "eval/frac_allocation_triggers": 0.975,
  "eval/retailer_a_cost": 34.968750000000014,
  "eval/retailer_b_cost": 34.11874999999999,
  "eval/wholesaler_cost": 241.12932692307692,
  "eval/distributor_cost": 200.06538461538463,
  "eval/factory_cost": 180.0658653846154,
  "eval/bullwhip_retailer_a": 0.9669090646654658,
  "eval/bullwhip_retailer_b": 0.896580566023971,
  "eval/bullwhip_wholesaler": 2.892440750478925,
  "eval/bullwhip_distributor": 3.7975829716460763,
  "eval/bullwhip_factory": 4.795393206913648,
  "eval/sharing_rate": 0.5028846153846154,
  "eval/honesty_score": -0.04085813824362142,
  "eval/inflation_rate": 0.22583826429980275
}