{
  "eval/mean_system_cost": 486.0951923076923,
  "eval/std_system_cost": 34.75401818165362,
  "eval/frac_actions_at_cap": 0.0,
  "eval/frac_capacity_binds": 0.8634615384615385,
  "eval/frac_allocation_triggers": 0.9461538461538461,
  "eval/retailer_cost": 17.132692307692302,
  "eval/wholesaler_cost": 46.783653846153854,
  "eval/distributor_cost": 160.74711538461537,
  "eval/factory_cost": 261.4317307692308,
  "eval/bullwhip_retailer": 1.3966855535404519,
  "eval/bullwhip_wholesaler": 2.5642645728459006,
  "eval/bullwhip_distributor": 6.05941714736801,
  "eval/bullwhip_factory": 13.571713105127321
}