{
  "eval/mean_system_cost": 1358.5173076923077,
  "eval/std_system_cost": 197.59480554939583,
  "eval/frac_actions_at_cap": 0.0,
  "eval/frac_capacity_binds": 0.8403846153846154,
  "eval/frac_allocation_triggers": 0.948076923076923,
  "eval/retailer_a_cost": 62.03798076923077,
  "eval/retailer_b_cost": 67.78461538461538,
  "eval/wholesaler_cost": 429.0610576923076,
  "eval/distributor_cost": 428.30528846153845,
  "eval/factory_cost": 371.3283653846154,
  "eval/bullwhip_retailer_a": 0.47883060814938544,
  "eval/bullwhip_retailer_b": 0.5084522975927345,
  "eval/bullwhip_wholesaler": 2.7985548197388788,
  "eval/bullwhip_distributor": 3.568774447400992,
  "eval/bullwhip_factory": 4.276545831184558
}