{
  "eval/mean_system_cost": 67.04903846153846,
  "eval/std_system_cost": 9.325553477950699,
  "eval/frac_actions_at_cap": 0.0,
  "eval/frac_capacity_binds": 0.7269230769230769,
  "eval/frac_allocation_triggers": 0.8586538461538461,
  "eval/retailer_cost": 18.187500000000004,
  "eval/wholesaler_cost": 12.321153846153845,
  "eval/distributor_cost": 8.990384615384617,
  "eval/factory_cost": 27.55,
  "eval/bullwhip_retailer": 1.1315131684409543,
  "eval/bullwhip_wholesaler": 1.464246094433153,
  "eval/bullwhip_distributor": 1.61194148216143,
  "eval/bullwhip_factory": 4.931471784088797
}