{
  "eval/mean_system_cost": 326.99134615384617,
  "eval/std_system_cost": 82.90708015322951,
  "eval/frac_actions_at_cap": 0.0,
  "eval/frac_capacity_binds": 0.21634615384615385,
  "eval/frac_allocation_triggers": 0.9538461538461539,
  "eval/retailer_a_cost": 53.80913461538462,
  "eval/retailer_b_cost": 91.55048076923077,
  "eval/wholesaler_cost": 81.62355769230768,
  "eval/distributor_cost": 60.580288461538466,
  "eval/factory_cost": 39.42788461538462,
  "eval/bullwhip_retailer_a": 0.30804804661277235,
  "eval/bullwhip_retailer_b": 0.3661254407197956,
  "eval/bullwhip_wholesaler": 0.9698916348310983,
  "eval/bullwhip_distributor": 1.0539665944199952,
  "eval/bullwhip_factory": 1.1365606715190548
}