{
  "eval/mean_system_cost": 154.0278846153846,
  "eval/std_system_cost": 48.927795934946595,
  "eval/frac_actions_at_cap": 0.0,
  "eval/frac_capacity_binds": 0.1971153846153846,
  "eval/frac_allocation_triggers": 0.925,
  "eval/retailer_cost": 95.00913461538462,
  "eval/wholesaler_cost": 15.232211538461536,
  "eval/distributor_cost": 19.17692307692308,
  "eval/factory_cost": 24.609615384615385,
  "eval/bullwhip_retailer": 0.7725050546206377,
  "eval/bullwhip_wholesaler": 0.77023031958327,
  "eval/bullwhip_distributor": 0.771457581058754,
  "eval/bullwhip_factory": 0.7726350543132899
}