{
  "eval/mean_system_cost": 368.6966346153846,
  "eval/std_system_cost": 171.10342633197772,
  "eval/frac_actions_at_cap": 0.0,
  "eval/frac_capacity_binds": 0.6865384615384615,
  "eval/frac_allocation_triggers": 0.9211538461538461,
  "eval/retailer_cost": 80.53028846153848,
  "eval/wholesaler_cost": 118.80432692307693,
  "eval/distributor_cost": 87.47259615384615,
  "eval/factory_cost": 81.88942307692307,
  "eval/bullwhip_retailer": 1.3631235103412676,
  "eval/bullwhip_wholesaler": 1.2153151757269318,
  "eval/bullwhip_distributor": 1.2810615961768947,
  "eval/bullwhip_factory": 2.983661272462483
}