{
  "eval/mean_system_cost": 312.68509615384613,
  "eval/std_system_cost": 70.62633415474149,
  "eval/frac_actions_at_cap": 0.0,
  "eval/frac_capacity_binds": 0.18846153846153846,
  "eval/frac_allocation_triggers": 0.948076923076923,
  "eval/retailer_a_cost": 53.59903846153846,
  "eval/retailer_b_cost": 59.41538461538463,
  "eval/wholesaler_cost": 97.29471153846154,
  "eval/distributor_cost": 65.68798076923078,
  "eval/factory_cost": 36.687980769230776,
  "eval/bullwhip_retailer_a": 0.31650512022422045,
  "eval/bullwhip_retailer_b": 0.3082844156898179,
  "eval/bullwhip_wholesaler": 1.1282588055435254,
  "eval/bullwhip_distributor": 1.2545297160728737,
  "eval/bullwhip_factory": 1.3817299938615337
}