{
  "eval/mean_system_cost": 312.6557692307693,
  "eval/std_system_cost": 67.69547937008032,
  "eval/retailer_cost": 33.714423076923076,
  "eval/wholesaler_cost": 59.426923076923075,
  "eval/distributor_cost": 93.58125,
  "eval/factory_cost": 125.93317307692307,
  "eval/bullwhip_retailer": 1.7092883933400147,
  "eval/bullwhip_wholesaler": 2.5181314836644195,
  "eval/bullwhip_distributor": 3.2026334367255886,
  "eval/bullwhip_factory": 3.9269919416468033,
  "eval/sharing_rate": 0.6007211538461538,
  "eval/honesty_score": -0.08065795053572948,
  "eval/inflation_rate": 0.2887112887112887
}