{
  "eval/mean_system_cost": 600.4466346153846,
  "eval/std_system_cost": 73.17509887248634,
  "eval/frac_actions_at_cap": 0.0,
  "eval/frac_capacity_binds": 0.8653846153846154,
  "eval/frac_allocation_triggers": 0.9471153846153846,
  "eval/retailer_cost": 24.387980769230772,
  "eval/wholesaler_cost": 152.54326923076923,
  "eval/distributor_cost": 223.61730769230766,
  "eval/factory_cost": 199.89807692307696,
  "eval/bullwhip_retailer": 1.1111499537558935,
  "eval/bullwhip_wholesaler": 2.5246982993753706,
  "eval/bullwhip_distributor": 3.5979052979259847,
  "eval/bullwhip_factory": 8.796206264628319
}