{
  "eval/mean_system_cost": 575.6524038461538,
  "eval/std_system_cost": 157.43312263784918,
  "eval/frac_actions_at_cap": 0.0,
  "eval/frac_capacity_binds": 0.6394230769230769,
  "eval/frac_allocation_triggers": 0.9548076923076924,
  "eval/retailer_a_cost": 51.13894230769232,
  "eval/retailer_b_cost": 57.31442307692307,
  "eval/wholesaler_cost": 160.8403846153846,
  "eval/distributor_cost": 144.16730769230767,
  "eval/factory_cost": 162.19134615384615,
  "eval/bullwhip_retailer_a": 0.9177193791706869,
  "eval/bullwhip_retailer_b": 0.9140977474088499,
  "eval/bullwhip_wholesaler": 2.8310887925973804,
  "eval/bullwhip_distributor": 3.5883414358203805,
  "eval/bullwhip_factory": 4.153650522290397,
  "eval/sharing_rate": 0.5138461538461538,
  "eval/honesty_score": -0.03945411604928408,
  "eval/inflation_rate": 0.28197381671701915
}