{
  "eval/mean_system_cost": 170.05769230769232,
  "eval/std_system_cost": 26.184503207241864,
  "eval/frac_actions_at_cap": 0.0,
  "eval/frac_capacity_binds": 0.0,
  "eval/frac_allocation_triggers": 0.7076923076923077,
  "eval/retailer_a_cost": 16.794230769230772,
  "eval/retailer_b_cost": 12.462980769230771,
  "eval/wholesaler_cost": 36.00625000000001,
  "eval/distributor_cost": 21.46826923076923,
  "eval/factory_cost": 83.32596153846153,
  "eval/bullwhip_retailer_a": 0.4586140383016457,
  "eval/bullwhip_retailer_b": 0.3190342103346681,
  "eval/bullwhip_wholesaler": 1.4541784702053466,
  "eval/bullwhip_distributor": 1.777285674853846,
  "eval/bullwhip_factory": 1.9903640471681638
}