{
  "eval/mean_system_cost": 706.1129807692307,
  "eval/std_system_cost": 131.62502082226862,
  "eval/frac_actions_at_cap": 0.0,
  "eval/frac_capacity_binds": 0.8307692307692308,
  "eval/frac_allocation_triggers": 0.9384615384615385,
  "eval/retailer_cost": 64.71490384615385,
  "eval/wholesaler_cost": 137.3754807692308,
  "eval/distributor_cost": 221.04807692307696,
  "eval/factory_cost": 282.9745192307692,
  "eval/bullwhip_retailer": 1.7338337465019764,
  "eval/bullwhip_wholesaler": 4.718373022251347,
  "eval/bullwhip_distributor": 10.56964609169253,
  "eval/bullwhip_factory": 11.907705620948168
}