{
  "eval/mean_system_cost": 45.752884615384616,
  "eval/std_system_cost": 16.127666257023332,
  "eval/frac_actions_at_cap": 0.0,
  "eval/frac_capacity_binds": 0.0,
  "eval/frac_allocation_triggers": 0.6923076923076923,
  "eval/retailer_cost": 14.184134615384618,
  "eval/wholesaler_cost": 14.368269230769233,
  "eval/distributor_cost": 10.57596153846154,
  "eval/factory_cost": 6.624519230769232,
  "eval/bullwhip_retailer": 1.7244063993011032,
  "eval/bullwhip_wholesaler": 2.8742718199646133,
  "eval/bullwhip_distributor": 3.4108556421029905,
  "eval/bullwhip_factory": 2.8790375554736714
}