{
  "eval/mean_system_cost": 236.5576923076923,
  "eval/std_system_cost": 107.2343777845806,
  "eval/frac_actions_at_cap": 0.0,
  "eval/frac_capacity_binds": 0.6846153846153846,
  "eval/frac_allocation_triggers": 0.9557692307692308,
  "eval/retailer_cost": 23.183653846153845,
  "eval/wholesaler_cost": 36.66346153846154,
  "eval/distributor_cost": 47.903365384615384,
  "eval/factory_cost": 128.80721153846156,
  "eval/bullwhip_retailer": 2.1354183639069113,
  "eval/bullwhip_wholesaler": 3.033516787080002,
  "eval/bullwhip_distributor": 3.685582002886206,
  "eval/bullwhip_factory": 4.85025939675879,
  "eval/sharing_rate": 0.4564903846153846,
  "eval/honesty_score": -0.04172863817706635,
  "eval/inflation_rate": 0.344
}