{
  "eval/mean_system_cost": 725.4730769230769,
  "eval/std_system_cost": 172.6744247368731,
  "eval/frac_actions_at_cap": 0.0,
  "eval/frac_capacity_binds": 0.65,
  "eval/frac_allocation_triggers": 0.9576923076923077,
  "eval/retailer_a_cost": 71.24471153846153,
  "eval/retailer_b_cost": 87.53173076923079,
  "eval/wholesaler_cost": 201.5451923076923,
  "eval/distributor_cost": 181.2504807692308,
  "eval/factory_cost": 183.90096153846153,
  "eval/bullwhip_retailer_a": 0.8512439837260454,
  "eval/bullwhip_retailer_b": 0.8838909218738231,
  "eval/bullwhip_wholesaler": 2.7286063505982403,
  "eval/bullwhip_distributor": 3.281130722692033,
  "eval/bullwhip_factory": 3.856403376107489,
  "eval/sharing_rate": 0.46038461538461545,
  "eval/honesty_score": -0.04224604313709584,
  "eval/inflation_rate": 0.256
}