{
  "eval/mean_system_cost": 266.9298076923077,
  "eval/std_system_cost": 55.44705315512519,
  "eval/retailer_cost": 19.88221153846154,
  "eval/wholesaler_cost": 39.78798076923077,
  "eval/distributor_cost": 83.77596153846153,
  "eval/factory_cost": 123.48365384615386,
  "eval/bullwhip_retailer": 1.601697841968452,
  "eval/bullwhip_wholesaler": 2.4378875681139225,
  "eval/bullwhip_distributor": 3.0322877478553987,
  "eval/bullwhip_factory": 3.882539496637606,
  "eval/sharing_rate": 0.49567307692307694,
  "eval/honesty_score": -0.08139733812644163,
  "eval/inflation_rate": 0.2974874371859296
}