{
  "eval/mean_system_cost": 1397.930769230769,
  "eval/std_system_cost": 264.413856353223,
  "eval/frac_actions_at_cap": 0.0,
  "eval/frac_capacity_binds": 0.8567307692307692,
  "eval/frac_allocation_triggers": 0.975,
  "eval/retailer_a_cost": 49.486538461538466,
  "eval/retailer_b_cost": 58.70384615384616,
  "eval/wholesaler_cost": 444.8519230769231,
  "eval/distributor_cost": 384.69615384615383,
  "eval/factory_cost": 460.19230769230774,
  "eval/bullwhip_retailer_a": 0.554549472559491,
  "eval/bullwhip_retailer_b": 0.732064190492337,
  "eval/bullwhip_wholesaler": 2.0269612421744756,
  "eval/bullwhip_distributor": 4.154638893981599,
  "eval/bullwhip_factory": 5.167591726284234
}