{
  "eval/mean_system_cost": 105.92115384615386,
  "eval/std_system_cost": 26.96078688050437,
  "eval/frac_actions_at_cap": 0.0,
  "eval/frac_capacity_binds": 0.0,
  "eval/frac_allocation_triggers": 0.7865384615384615,
  "eval/retailer_a_cost": 15.73076923076923,
  "eval/retailer_b_cost": 15.033173076923074,
  "eval/wholesaler_cost": 34.28990384615385,
  "eval/distributor_cost": 25.17307692307692,
  "eval/factory_cost": 15.694230769230767,
  "eval/bullwhip_retailer_a": 1.081165719991022,
  "eval/bullwhip_retailer_b": 1.10033373955373,
  "eval/bullwhip_wholesaler": 3.019060619376059,
  "eval/bullwhip_distributor": 3.9472903985024197,
  "eval/bullwhip_factory": 4.7778495829929994,
  "eval/sharing_rate": 0.46442307692307694,
  "eval/honesty_score": -0.05468740303622903,
  "eval/inflation_rate": 0.2555012224938875
}