{
  "eval/mean_system_cost": 423.5600961538461,
  "eval/std_system_cost": 129.1276950532358,
  "eval/frac_actions_at_cap": 0.0,
  "eval/frac_capacity_binds": 0.6942307692307692,
  "eval/frac_allocation_triggers": 0.9519230769230769,
  "eval/retailer_cost": 52.33605769230769,
  "eval/wholesaler_cost": 85.2326923076923,
  "eval/distributor_cost": 125.3980769230769,
  "eval/factory_cost": 160.5932692307692,
  "eval/bullwhip_retailer": 2.084867111316912,
  "eval/bullwhip_wholesaler": 2.8845956402395565,
  "eval/bullwhip_distributor": 4.267664392074865,
  "eval/bullwhip_factory": 5.380024640357463,
  "eval/sharing_rate": 0.43822115384615384,
  "eval/honesty_score": -0.037908835930272944,
  "eval/inflation_rate": 0.2834331337325349
}