{
  "eval/mean_system_cost": 851.4942307692306,
  "eval/std_system_cost": 253.55962419044675,
  "eval/frac_actions_at_cap": 0.0,
  "eval/frac_capacity_binds": 0.676923076923077,
  "eval/frac_allocation_triggers": 0.9740384615384615,
  "eval/retailer_a_cost": 130.60961538461538,
  "eval/retailer_b_cost": 42.99903846153847,
  "eval/wholesaler_cost": 242.09278846153848,
  "eval/distributor_cost": 223.84471153846158,
  "eval/factory_cost": 211.9480769230769,
  "eval/bullwhip_retailer_a": 1.1144161686610063,
  "eval/bullwhip_retailer_b": 1.0007828398348928,
  "eval/bullwhip_wholesaler": 2.7974281677646173,
  "eval/bullwhip_distributor": 3.4308817585655085,
  "eval/bullwhip_factory": 4.035346607306161,
  "eval/sharing_rate": 0.3538461538461538,
  "eval/honesty_score": -0.04427040222594643,
  "eval/inflation_rate": 0.25765054294175715
}