{
  "eval/mean_system_cost": 57.21538461538461,
  "eval/std_system_cost": 22.78365869543994,
  "eval/retailer_cost": 8.860576923076923,
  "eval/wholesaler_cost": 13.172115384615385,
  "eval/distributor_cost": 14.822115384615387,
  "eval/factory_cost": 20.360576923076927,
  "eval/bullwhip_retailer": 1.652619872059666,
  "eval/bullwhip_wholesaler": 2.310024069781072,
  "eval/bullwhip_distributor": 2.9246798970147774,
  "eval/bullwhip_factory": 3.4068538920134452,
  "eval/sharing_rate": 0.6103365384615385,
  "eval/honesty_score": -0.1006509319830097,
  "eval/inflation_rate": 0.33069082672706684
}