{
  "eval/mean_system_cost": 842.0120192307692,
  "eval/std_system_cost": 151.51966488494904,
  "eval/frac_actions_at_cap": 0.0,
  "eval/frac_capacity_binds": 0.7163461538461539,
  "eval/frac_allocation_triggers": 0.9557692307692308,
  "eval/retailer_a_cost": 70.35384615384615,
  "eval/retailer_b_cost": 73.90480769230768,
  "eval/wholesaler_cost": 253.05625000000003,
  "eval/distributor_cost": 223.7365384615385,
  "eval/factory_cost": 220.9605769230769,
  "eval/bullwhip_retailer_a": 0.8682339838832641,
  "eval/bullwhip_retailer_b": 0.8222659692511969,
  "eval/bullwhip_wholesaler": 2.7614454676936924,
  "eval/bullwhip_distributor": 3.5222465243369254,
  "eval/bullwhip_factory": 4.080242108298021,
  "eval/sharing_rate": 0.2907692307692308,
  "eval/honesty_score": -0.04827907025798072,
  "eval/inflation_rate": 0.26305220883534136
}