{
  "eval/mean_system_cost": 1422.6990384615387,
  "eval/std_system_cost": 193.55045847281522,
  "eval/frac_actions_at_cap": 0.0,
  "eval/frac_capacity_binds": 0.9230769230769231,
  "eval/frac_allocation_triggers": 0.9615384615384616,
  "eval/retailer_a_cost": 33.138942307692304,
  "eval/retailer_b_cost": 56.19855769230769,
  "eval/wholesaler_cost": 453.5923076923077,
  "eval/distributor_cost": 395.0817307692308,
  "eval/factory_cost": 484.6875,
  "eval/bullwhip_retailer_a": 0.3121017546216644,
  "eval/bullwhip_retailer_b": 0.39137810494348957,
  "eval/bullwhip_wholesaler": 1.9229591450023544,
  "eval/bullwhip_distributor": 2.854526246849478,
  "eval/bullwhip_factory": 4.125137698742338
}