{
  "eval/mean_system_cost": 48.44471153846153,
  "eval/std_system_cost": 14.385276065594223,
  "eval/frac_actions_at_cap": 0.0,
  "eval/frac_capacity_binds": 0.0,
  "eval/frac_allocation_triggers": 0.9182692307692307,
  "eval/retailer_cost": 16.11153846153846,
  "eval/wholesaler_cost": 12.776442307692308,
  "eval/distributor_cost": 10.579326923076922,
  "eval/factory_cost": 8.977403846153846,
  "eval/bullwhip_retailer": 1.1464618557433224,
  "eval/bullwhip_wholesaler": 1.5020543882552833,
  "eval/bullwhip_distributor": 3.2047681138543744,
  "eval/bullwhip_factory": 3.337516292192657
}