{
  "eval/mean_system_cost": 143.8875,
  "eval/std_system_cost": 32.71537267528134,
  "eval/frac_actions_at_cap": 0.0,
  "eval/frac_capacity_binds": 0.3778846153846154,
  "eval/frac_allocation_triggers": 0.9298076923076923,
  "eval/retailer_cost": 95.67451923076922,
  "eval/wholesaler_cost": 6.503365384615384,
  "eval/distributor_cost": 6.514903846153845,
  "eval/factory_cost": 35.19471153846154,
  "eval/bullwhip_retailer": 1.1700789278315917,
  "eval/bullwhip_wholesaler": 1.1654789692989524,
  "eval/bullwhip_distributor": 1.1655611743897096,
  "eval/bullwhip_factory": 4.568200006445074
}