{
  "eval/mean_system_cost": 1331.5312500000002,
  "eval/std_system_cost": 249.30712675931736,
  "eval/frac_actions_at_cap": 0.0,
  "eval/frac_capacity_binds": 0.8653846153846154,
  "eval/frac_allocation_triggers": 0.9807692307692307,
  "eval/retailer_a_cost": 52.84375,
  "eval/retailer_b_cost": 43.943269230769225,
  "eval/wholesaler_cost": 476.62692307692305,
  "eval/distributor_cost": 411.1961538461539,
  "eval/factory_cost": 346.9211538461538,
  "eval/bullwhip_retailer_a": 0.5607638719362694,
  "eval/bullwhip_retailer_b": 0.5583068801713154,
  "eval/bullwhip_wholesaler": 1.896683199096892,
  "eval/bullwhip_distributor": 2.7306460023494736,
  "eval/bullwhip_factory": 3.47027888008131
}