{
  "eval/mean_system_cost": 1312.9653846153847,
  "eval/std_system_cost": 174.72524800683584,
  "eval/frac_actions_at_cap": 0.0,
  "eval/frac_capacity_binds": 0.8586538461538461,
  "eval/frac_allocation_triggers": 0.9615384615384616,
  "eval/retailer_a_cost": 30.64326923076923,
  "eval/retailer_b_cost": 46.97596153846154,
  "eval/wholesaler_cost": 327.4384615384615,
  "eval/distributor_cost": 407.6865384615385,
  "eval/factory_cost": 500.2211538461537,
  "eval/bullwhip_retailer_a": 0.43301210030082815,
  "eval/bullwhip_retailer_b": 0.574405968060612,
  "eval/bullwhip_wholesaler": 2.677625012252159,
  "eval/bullwhip_distributor": 5.002742770195219,
  "eval/bullwhip_factory": 6.295369207191785
}