{
  "eval/mean_system_cost": 1294.1846153846154,
  "eval/std_system_cost": 279.2810351490679,
  "eval/frac_actions_at_cap": 0.0,
  "eval/frac_capacity_binds": 0.8375,
  "eval/frac_allocation_triggers": 0.9644230769230769,
  "eval/retailer_a_cost": 77.06009615384616,
  "eval/retailer_b_cost": 55.17115384615384,
  "eval/wholesaler_cost": 422.42548076923066,
  "eval/distributor_cost": 366.66201923076926,
  "eval/factory_cost": 372.8658653846154,
  "eval/bullwhip_retailer_a": 0.7233179904156033,
  "eval/bullwhip_retailer_b": 0.7725117716799795,
  "eval/bullwhip_wholesaler": 2.368915955190043,
  "eval/bullwhip_distributor": 3.7373247858331005,
  "eval/bullwhip_factory": 4.455675861625051
}