{
  "config": {
    "regime": "A",
    "horizon": 52,
    "total_timesteps": 400000,
    "n_envs": 64,
    "rollout_steps": 128,
    "update_epochs": 4,
    "minibatch_size": 2048,
    "gamma": 0.99,
    "gae_lambda": 0.95,
    "clip_coef": 0.2,
    "ent_coef": 0.01,
    "vf_coef": 0.5,
    "max_grad_norm": 0.5,
    "learning_rate": 0.0003,
    "hidden": 256,
    "order_cap": 128,
    "action_mode": "relative",
    "action_delta_max": 8,
    "claim_delta_max": 8,
    "reward_scale": 0.1,
    "demand": "regime_switch",
    "topology": "y",
    "capacity_mult": 1.0,
    "rationing": "proportional",
    "seed": 7,
    "device": "cpu",
    "log_every": 10,
    "eval_every": 10,
    "eval_episodes": 8,
    "out_dir": "artifacts/runs/ippo/tier1_v11",
    "run_name": "regimeA_topoy_cap1p0mu_ratproportional_demregime_switch_seed7",
    "boundary_warn_frac": 0.05
  },
  "git_sha": "444811133fcd635b68779b05ca0bbe250a1c6c90",
  "obs_dim": 12,
  "n_order": 17,
  "signaling": false,
  "capacity": 14.288461538461538,
  "topology": "y",
  "roles": [
    "retailer_a",
    "retailer_b",
    "wholesaler",
    "distributor",
    "factory"
  ],
  "independent_policies": true,
  "shared_critic": false,
  "demand_info_value": {
    "uniform": {
      "process": "uniform",
      "mse_blind": 21.20521520161852,
      "mse_informed": 21.20521568627451,
      "mse_reduction": -4.846559917837112e-07,
      "relative_mse_reduction": -2.2855509230895198e-08,
      "lag1_r2": 0.00030131109734798933,
      "mean": 7.499576923076923,
      "var": 21.210153667159762,
      "n_pairs": 25500.0
    },
    "ar1": {
      "process": "ar1",
      "mse_blind": 7.982556428820049,
      "mse_informed": 4.139614509803922,
      "mse_reduction": 3.842941919016127,
      "relative_mse_reduction": 0.48141744481024307,
      "lag1_r2": 0.48142840491519745,
      "mean": 7.520769230769231,
      "var": 7.909645562130177,
      "n_pairs": 25500.0
    },
    "regime_switch": {
      "process": "regime_switch",
      "mse_blind": 18.41865933449356,
      "mse_informed": 8.297767831224924,
      "mse_reduction": 10.120891503268638,
      "relative_mse_reduction": 0.5494912153738969,
      "lag1_r2": 0.489903449780109,
      "mean": 8.010307692307693,
      "var": 18.425509136094675,
      "n_pairs": 25500.0
    },
    "classic_step": {
      "process": "classic_step",
      "mse_blind": 0.8910546467107553,
      "mse_informed": 0.3137254901960784,
      "mse_reduction": 0.5773291565146769,
      "relative_mse_reduction": 0.6479166666666667,
      "lag1_r2": 0.734375,
      "mean": 7.6923076923076925,
      "var": 1.136094674556213,
      "n_pairs": 25500.0
    }
  },
  "order_cap_recommendation": {
    "suggested_hard_cap": 128,
    "d_hi_approx": 16.0,
    "max_plausible_need_abs": 176.0,
    "relative_ratchet_horizon": 432.0,
    "rationale": "Fallback d_hi=16.0; cap=128."
  }
}