{
  "eval/mean_system_cost": 26.381730769230767,
  "eval/std_system_cost": 8.901417626526367,
  "eval/frac_actions_at_cap": 0.0,
  "eval/frac_capacity_binds": 0.0,
  "eval/frac_allocation_triggers": 0.6115384615384616,
  "eval/retailer_cost": 7.180769230769231,
  "eval/wholesaler_cost": 8.01971153846154,
  "eval/distributor_cost": 6.215865384615384,
  "eval/factory_cost": 4.965384615384615,
  "eval/bullwhip_retailer": 2.1705931738918918,
  "eval/bullwhip_wholesaler": 5.1526708938970645,
  "eval/bullwhip_distributor": 6.248391182344983,
  "eval/bullwhip_factory": 3.5602565076289263
}