{
  "eval/mean_system_cost": 358.98653846153843,
  "eval/std_system_cost": 144.76094462001174,
  "eval/frac_actions_at_cap": 0.0,
  "eval/frac_capacity_binds": 0.7576923076923077,
  "eval/frac_allocation_triggers": 0.9211538461538461,
  "eval/retailer_cost": 101.52259615384615,
  "eval/wholesaler_cost": 100.10913461538463,
  "eval/distributor_cost": 78.04375,
  "eval/factory_cost": 79.31105769230768,
  "eval/bullwhip_retailer": 1.051073700693025,
  "eval/bullwhip_wholesaler": 1.0401478934743473,
  "eval/bullwhip_distributor": 1.0581822315363585,
  "eval/bullwhip_factory": 2.014280292332446
}