{
  "eval/mean_system_cost": 653.4783653846154,
  "eval/std_system_cost": 234.54610071877087,
  "eval/frac_actions_at_cap": 0.0,
  "eval/frac_capacity_binds": 0.7855769230769231,
  "eval/frac_allocation_triggers": 0.9538461538461539,
  "eval/retailer_a_cost": 74.40240384615386,
  "eval/retailer_b_cost": 79.79951923076922,
  "eval/wholesaler_cost": 159.4028846153846,
  "eval/distributor_cost": 178.6278846153846,
  "eval/factory_cost": 161.24567307692308,
  "eval/bullwhip_retailer_a": 0.42218166469441215,
  "eval/bullwhip_retailer_b": 0.33828001587489415,
  "eval/bullwhip_wholesaler": 1.9096895774294016,
  "eval/bullwhip_distributor": 2.791081587818392,
  "eval/bullwhip_factory": 4.5018239082786655
}