{
  "eval/mean_system_cost": 931.2658653846153,
  "eval/std_system_cost": 228.17353537092507,
  "eval/frac_actions_at_cap": 0.0,
  "eval/frac_capacity_binds": 0.7240384615384615,
  "eval/frac_allocation_triggers": 0.9576923076923077,
  "eval/retailer_a_cost": 76.72211538461538,
  "eval/retailer_b_cost": 73.45913461538461,
  "eval/wholesaler_cost": 278.3889423076923,
  "eval/distributor_cost": 254.91153846153847,
  "eval/factory_cost": 247.78413461538466,
  "eval/bullwhip_retailer_a": 0.7999019507092162,
  "eval/bullwhip_retailer_b": 0.7490776680779845,
  "eval/bullwhip_wholesaler": 2.7598259894910937,
  "eval/bullwhip_distributor": 3.7024003474066527,
  "eval/bullwhip_factory": 4.45966022257386,
  "eval/sharing_rate": 0.5684615384615385,
  "eval/honesty_score": -0.04022433089703842,
  "eval/inflation_rate": 0.2570281124497992
}