{
  "eval/mean_system_cost": 100.27211538461538,
  "eval/std_system_cost": 19.233178719245803,
  "eval/frac_actions_at_cap": 0.0,
  "eval/frac_capacity_binds": 0.0,
  "eval/frac_allocation_triggers": 0.7653846153846153,
  "eval/retailer_a_cost": 12.64855769230769,
  "eval/retailer_b_cost": 11.794230769230769,
  "eval/wholesaler_cost": 30.17403846153846,
  "eval/distributor_cost": 26.27115384615385,
  "eval/factory_cost": 19.384134615384617,
  "eval/bullwhip_retailer_a": 1.2931358790843728,
  "eval/bullwhip_retailer_b": 1.7726911189307566,
  "eval/bullwhip_wholesaler": 4.381631242261793,
  "eval/bullwhip_distributor": 6.6443993820789045,
  "eval/bullwhip_factory": 7.8603521294121075
}