{
  "eval/mean_system_cost": 44.14759615384615,
  "eval/std_system_cost": 7.000711393347379,
  "eval/retailer_cost": 8.890384615384615,
  "eval/wholesaler_cost": 12.192307692307692,
  "eval/distributor_cost": 13.224038461538461,
  "eval/factory_cost": 9.840865384615386,
  "eval/bullwhip_retailer": 1.7067960313569575,
  "eval/bullwhip_wholesaler": 2.30814187988828,
  "eval/bullwhip_distributor": 2.792452382130312,
  "eval/bullwhip_factory": 3.357982756371911,
  "eval/sharing_rate": 0.5201923076923076,
  "eval/honesty_score": -0.09695659919582766,
  "eval/inflation_rate": 0.2023047375160051
}