{
  "eval/mean_system_cost": 149.83605769230772,
  "eval/std_system_cost": 47.74145163760321,
  "eval/frac_actions_at_cap": 0.0,
  "eval/frac_capacity_binds": 0.23557692307692307,
  "eval/frac_allocation_triggers": 0.9192307692307692,
  "eval/retailer_cost": 111.18701923076921,
  "eval/wholesaler_cost": 5.967307692307692,
  "eval/distributor_cost": 6.028365384615383,
  "eval/factory_cost": 26.65336538461538,
  "eval/bullwhip_retailer": 0.5501318616117955,
  "eval/bullwhip_wholesaler": 0.5485334445643141,
  "eval/bullwhip_distributor": 0.5455052341143145,
  "eval/bullwhip_factory": 1.5626881134464545
}