{
  "eval/mean_system_cost": 839.251923076923,
  "eval/std_system_cost": 214.00946378143595,
  "eval/frac_actions_at_cap": 0.0,
  "eval/frac_capacity_binds": 0.7019230769230769,
  "eval/frac_allocation_triggers": 0.9711538461538461,
  "eval/retailer_a_cost": 44.080288461538466,
  "eval/retailer_b_cost": 37.02644230769231,
  "eval/wholesaler_cost": 293.8504807692308,
  "eval/distributor_cost": 243.6125,
  "eval/factory_cost": 220.68221153846156,
  "eval/bullwhip_retailer_a": 0.8492186783998545,
  "eval/bullwhip_retailer_b": 0.8680640732071483,
  "eval/bullwhip_wholesaler": 2.8799186008709885,
  "eval/bullwhip_distributor": 4.007755257920523,
  "eval/bullwhip_factory": 4.8338052596876455,
  "eval/sharing_rate": 0.47480769230769215,
  "eval/honesty_score": -0.036827979010170354,
  "eval/inflation_rate": 0.20594059405940593
}