{
  "eval/mean_system_cost": 459.2538461538462,
  "eval/std_system_cost": 167.29145053790683,
  "eval/frac_actions_at_cap": 0.0,
  "eval/frac_capacity_binds": 0.47596153846153844,
  "eval/frac_allocation_triggers": 0.9625,
  "eval/retailer_a_cost": 70.59278846153845,
  "eval/retailer_b_cost": 72.25721153846153,
  "eval/wholesaler_cost": 134.65048076923077,
  "eval/distributor_cost": 105.45432692307693,
  "eval/factory_cost": 76.29903846153847,
  "eval/bullwhip_retailer_a": 0.5260025987829263,
  "eval/bullwhip_retailer_b": 0.5272795285298305,
  "eval/bullwhip_wholesaler": 1.220233840269591,
  "eval/bullwhip_distributor": 1.369117248276628,
  "eval/bullwhip_factory": 1.4915563145970412
}