{
  "eval/mean_system_cost": 613.2019230769231,
  "eval/std_system_cost": 117.1808477993581,
  "eval/frac_actions_at_cap": 0.0,
  "eval/frac_capacity_binds": 0.8278846153846153,
  "eval/frac_allocation_triggers": 0.9307692307692308,
  "eval/retailer_cost": 61.51634615384616,
  "eval/wholesaler_cost": 135.43461538461537,
  "eval/distributor_cost": 168.09567307692305,
  "eval/factory_cost": 248.15528846153842,
  "eval/bullwhip_retailer": 1.7599451629125813,
  "eval/bullwhip_wholesaler": 3.267749461955469,
  "eval/bullwhip_distributor": 7.8487171370971245,
  "eval/bullwhip_factory": 11.899817650263646
}