{
  "eval/mean_system_cost": 449.89519230769235,
  "eval/std_system_cost": 152.00106350660042,
  "eval/frac_actions_at_cap": 0.0,
  "eval/frac_capacity_binds": 0.7105769230769231,
  "eval/frac_allocation_triggers": 0.9509615384615384,
  "eval/retailer_cost": 63.316346153846155,
  "eval/wholesaler_cost": 97.68750000000001,
  "eval/distributor_cost": 126.96442307692307,
  "eval/factory_cost": 161.92692307692306,
  "eval/bullwhip_retailer": 2.130150068588182,
  "eval/bullwhip_wholesaler": 2.9809166242539,
  "eval/bullwhip_distributor": 3.8148706556253695,
  "eval/bullwhip_factory": 4.895301107035625,
  "eval/sharing_rate": 0.5343749999999999,
  "eval/honesty_score": -0.03698785693497437,
  "eval/inflation_rate": 0.2882882882882883
}