{
  "eval/mean_system_cost": 758.2052884615385,
  "eval/std_system_cost": 207.2375647646535,
  "eval/frac_actions_at_cap": 0.0,
  "eval/frac_capacity_binds": 0.7009615384615384,
  "eval/frac_allocation_triggers": 0.9596153846153846,
  "eval/retailer_a_cost": 38.41586538461538,
  "eval/retailer_b_cost": 39.47740384615385,
  "eval/wholesaler_cost": 241.51971153846154,
  "eval/distributor_cost": 220.3894230769231,
  "eval/factory_cost": 218.4028846153846,
  "eval/bullwhip_retailer_a": 0.7615547983637037,
  "eval/bullwhip_retailer_b": 0.6149857413157611,
  "eval/bullwhip_wholesaler": 2.84289889453005,
  "eval/bullwhip_distributor": 3.8715645615222063,
  "eval/bullwhip_factory": 4.885033911610193,
  "eval/sharing_rate": 0.3567307692307692,
  "eval/honesty_score": -0.04718687937757425,
  "eval/inflation_rate": 0.23346693386773548
}