{
  "eval/mean_system_cost": 285.1370192307693,
  "eval/std_system_cost": 71.92574352799117,
  "eval/frac_actions_at_cap": 0.0,
  "eval/frac_capacity_binds": 0.15,
  "eval/frac_allocation_triggers": 0.9538461538461539,
  "eval/retailer_a_cost": 67.00336538461538,
  "eval/retailer_b_cost": 75.88990384615384,
  "eval/wholesaler_cost": 66.20192307692307,
  "eval/distributor_cost": 47.46586538461539,
  "eval/factory_cost": 28.575961538461534,
  "eval/bullwhip_retailer_a": 0.39861351266695283,
  "eval/bullwhip_retailer_b": 0.39947863057581723,
  "eval/bullwhip_wholesaler": 1.3093092161274167,
  "eval/bullwhip_distributor": 1.348958546699464,
  "eval/bullwhip_factory": 1.3935751251190882
}