{
  "eval/mean_system_cost": 939.6596153846154,
  "eval/std_system_cost": 164.23494867227444,
  "eval/frac_actions_at_cap": 0.0,
  "eval/frac_capacity_binds": 0.7317307692307692,
  "eval/frac_allocation_triggers": 0.9576923076923077,
  "eval/retailer_a_cost": 59.45817307692308,
  "eval/retailer_b_cost": 69.96057692307694,
  "eval/wholesaler_cost": 296.05913461538455,
  "eval/distributor_cost": 267.06826923076926,
  "eval/factory_cost": 247.11346153846154,
  "eval/bullwhip_retailer_a": 0.786065534644896,
  "eval/bullwhip_retailer_b": 0.8739597064714086,
  "eval/bullwhip_wholesaler": 3.13240344016172,
  "eval/bullwhip_distributor": 4.043642101347668,
  "eval/bullwhip_factory": 4.8220473489540865,
  "eval/sharing_rate": 0.47807692307692307,
  "eval/honesty_score": -0.04086903002967916,
  "eval/inflation_rate": 0.23293172690763053
}