{
  "eval/mean_system_cost": 356.4274038461538,
  "eval/std_system_cost": 160.69005173978334,
  "eval/frac_actions_at_cap": 0.0,
  "eval/frac_capacity_binds": 0.6,
  "eval/frac_allocation_triggers": 0.9711538461538461,
  "eval/retailer_a_cost": 35.128365384615385,
  "eval/retailer_b_cost": 36.8451923076923,
  "eval/wholesaler_cost": 97.10432692307693,
  "eval/distributor_cost": 80.68942307692308,
  "eval/factory_cost": 106.66009615384614,
  "eval/bullwhip_retailer_a": 0.9874442787159802,
  "eval/bullwhip_retailer_b": 1.0336006667304405,
  "eval/bullwhip_wholesaler": 2.707631367286802,
  "eval/bullwhip_distributor": 3.4763957613129035,
  "eval/bullwhip_factory": 4.330318133833399,
  "eval/sharing_rate": 0.5001923076923077,
  "eval/honesty_score": -0.04326500127803812,
  "eval/inflation_rate": 0.2756916996047431
}