{
  "eval/mean_system_cost": 399.37692307692316,
  "eval/std_system_cost": 79.82134965394236,
  "eval/frac_actions_at_cap": 0.0,
  "eval/frac_capacity_binds": 0.7230769230769231,
  "eval/frac_allocation_triggers": 0.9394230769230769,
  "eval/retailer_cost": 32.34951923076923,
  "eval/wholesaler_cost": 89.00817307692307,
  "eval/distributor_cost": 125.78173076923076,
  "eval/factory_cost": 152.2375,
  "eval/bullwhip_retailer": 3.665461671383135,
  "eval/bullwhip_wholesaler": 6.520375286257683,
  "eval/bullwhip_distributor": 8.747335820957817,
  "eval/bullwhip_factory": 11.884859159828482,
  "eval/sharing_rate": 0.5173076923076922,
  "eval/honesty_score": -0.03592133187942841,
  "eval/inflation_rate": 0.29221435793731043
}