{
  "eval/mean_system_cost": 792.9543269230768,
  "eval/std_system_cost": 162.90623987652592,
  "eval/frac_actions_at_cap": 0.0,
  "eval/frac_capacity_binds": 0.7057692307692308,
  "eval/frac_allocation_triggers": 0.9567307692307693,
  "eval/retailer_a_cost": 72.83798076923077,
  "eval/retailer_b_cost": 34.374519230769224,
  "eval/wholesaler_cost": 252.48028846153844,
  "eval/distributor_cost": 220.35769230769228,
  "eval/factory_cost": 212.90384615384613,
  "eval/bullwhip_retailer_a": 0.8579407031623758,
  "eval/bullwhip_retailer_b": 0.7093403480916498,
  "eval/bullwhip_wholesaler": 2.822630083510304,
  "eval/bullwhip_distributor": 3.6881068444648113,
  "eval/bullwhip_factory": 4.313498844049283,
  "eval/sharing_rate": 0.27961538461538454,
  "eval/honesty_score": -0.04788053720757903,
  "eval/inflation_rate": 0.25326633165829143
}