{
  "eval/mean_system_cost": 820.1923076923076,
  "eval/std_system_cost": 81.33193962236905,
  "eval/frac_actions_at_cap": 0.0,
  "eval/frac_capacity_binds": 0.9807692307692307,
  "eval/frac_allocation_triggers": 0.9451923076923077,
  "eval/retailer_cost": 67.74182692307693,
  "eval/wholesaler_cost": 187.8403846153846,
  "eval/distributor_cost": 202.16298076923078,
  "eval/factory_cost": 362.4471153846154,
  "eval/bullwhip_retailer": 1.4226023596978201,
  "eval/bullwhip_wholesaler": 2.0715636939131294,
  "eval/bullwhip_distributor": 5.381231917432214,
  "eval/bullwhip_factory": 7.4628342699176144
}