{
  "eval/mean_system_cost": 892.5735576923078,
  "eval/std_system_cost": 265.4818761691428,
  "eval/frac_actions_at_cap": 0.0,
  "eval/frac_capacity_binds": 0.8307692307692308,
  "eval/frac_allocation_triggers": 0.9634615384615385,
  "eval/retailer_a_cost": 47.01298076923077,
  "eval/retailer_b_cost": 38.660576923076924,
  "eval/wholesaler_cost": 195.55576923076927,
  "eval/distributor_cost": 261.39903846153845,
  "eval/factory_cost": 349.9451923076923,
  "eval/bullwhip_retailer_a": 0.7017843039307676,
  "eval/bullwhip_retailer_b": 0.6997050700693269,
  "eval/bullwhip_wholesaler": 2.7565072963568,
  "eval/bullwhip_distributor": 4.91515883625345,
  "eval/bullwhip_factory": 7.6853141306475665
}