{
  "eval/mean_system_cost": 1448.0721153846152,
  "eval/std_system_cost": 386.8279018049627,
  "eval/frac_actions_at_cap": 0.0,
  "eval/frac_capacity_binds": 0.8134615384615385,
  "eval/frac_allocation_triggers": 0.9644230769230769,
  "eval/retailer_a_cost": 84.93365384615385,
  "eval/retailer_b_cost": 82.14374999999998,
  "eval/wholesaler_cost": 435.3725961538462,
  "eval/distributor_cost": 450.4947115384615,
  "eval/factory_cost": 395.12740384615387,
  "eval/bullwhip_retailer_a": 0.9719075680853458,
  "eval/bullwhip_retailer_b": 0.9065482478920323,
  "eval/bullwhip_wholesaler": 3.986250031066118,
  "eval/bullwhip_distributor": 4.7889481444365956,
  "eval/bullwhip_factory": 5.479619547475136
}