{
  "eval/mean_system_cost": 33.38942307692308,
  "eval/std_system_cost": 12.173960389924217,
  "eval/frac_actions_at_cap": 0.0,
  "eval/frac_capacity_binds": 0.0,
  "eval/frac_allocation_triggers": 0.8192307692307692,
  "eval/retailer_cost": 8.789423076923077,
  "eval/wholesaler_cost": 8.378365384615384,
  "eval/distributor_cost": 9.814903846153847,
  "eval/factory_cost": 6.406730769230769,
  "eval/bullwhip_retailer": 1.2132085644212547,
  "eval/bullwhip_wholesaler": 1.4813777879340118,
  "eval/bullwhip_distributor": 1.5052273981531636,
  "eval/bullwhip_factory": 1.6910257152877988
}