{
  "eval/mean_system_cost": 125.71298076923077,
  "eval/std_system_cost": 42.63892975843667,
  "eval/frac_actions_at_cap": 0.0,
  "eval/frac_capacity_binds": 0.0673076923076923,
  "eval/frac_allocation_triggers": 0.9163461538461538,
  "eval/retailer_cost": 108.42115384615383,
  "eval/wholesaler_cost": 5.839903846153846,
  "eval/distributor_cost": 5.86875,
  "eval/factory_cost": 5.583173076923076,
  "eval/bullwhip_retailer": 0.5462028570721378,
  "eval/bullwhip_wholesaler": 0.5414509198610734,
  "eval/bullwhip_distributor": 0.5359077926574937,
  "eval/bullwhip_factory": 0.5314932964727154
}