{
  "eval/mean_system_cost": 102.03028846153846,
  "eval/std_system_cost": 25.157298831456295,
  "eval/frac_actions_at_cap": 0.0,
  "eval/frac_capacity_binds": 0.08173076923076923,
  "eval/frac_allocation_triggers": 0.9105769230769231,
  "eval/retailer_cost": 85.59519230769232,
  "eval/wholesaler_cost": 6.103365384615385,
  "eval/distributor_cost": 6.142788461538461,
  "eval/factory_cost": 4.188942307692307,
  "eval/bullwhip_retailer": 1.0427398264227237,
  "eval/bullwhip_wholesaler": 1.038251746822045,
  "eval/bullwhip_distributor": 1.0469819178508886,
  "eval/bullwhip_factory": 1.0557536294975365
}