{
  "eval/mean_system_cost": 1498.0980769230769,
  "eval/std_system_cost": 129.84441078253812,
  "eval/frac_actions_at_cap": 0.0,
  "eval/frac_capacity_binds": 0.8846153846153846,
  "eval/frac_allocation_triggers": 0.9615384615384616,
  "eval/retailer_a_cost": 48.869711538461544,
  "eval/retailer_b_cost": 68.91442307692307,
  "eval/wholesaler_cost": 481.2759615384615,
  "eval/distributor_cost": 428.33653846153857,
  "eval/factory_cost": 470.7014423076924,
  "eval/bullwhip_retailer_a": 0.4119209584668496,
  "eval/bullwhip_retailer_b": 0.5166172282467767,
  "eval/bullwhip_wholesaler": 2.1462584755108116,
  "eval/bullwhip_distributor": 3.0560839050028266,
  "eval/bullwhip_factory": 4.30993476923369
}