{
  "eval/mean_system_cost": 32.36971153846154,
  "eval/std_system_cost": 9.235898752551462,
  "eval/frac_actions_at_cap": 0.0,
  "eval/frac_capacity_binds": 0.0,
  "eval/frac_allocation_triggers": 0.7067307692307693,
  "eval/retailer_cost": 7.388942307692308,
  "eval/wholesaler_cost": 9.084134615384617,
  "eval/distributor_cost": 8.847115384615385,
  "eval/factory_cost": 7.049519230769232,
  "eval/bullwhip_retailer": 4.314582610605572,
  "eval/bullwhip_wholesaler": 5.988937903230772,
  "eval/bullwhip_distributor": 6.5148636020272646,
  "eval/bullwhip_factory": 7.487170384823024,
  "eval/sharing_rate": 0.5096153846153847,
  "eval/honesty_score": -0.04452279278855974,
  "eval/inflation_rate": 0.21496598639455783
}