{
  "eval/mean_system_cost": 92.77067307692309,
  "eval/std_system_cost": 21.080438907659655,
  "eval/frac_actions_at_cap": 0.0,
  "eval/frac_capacity_binds": 0.0,
  "eval/frac_allocation_triggers": 0.7692307692307693,
  "eval/retailer_a_cost": 10.899519230769233,
  "eval/retailer_b_cost": 11.87548076923077,
  "eval/wholesaler_cost": 31.526442307692314,
  "eval/distributor_cost": 23.55673076923077,
  "eval/factory_cost": 14.9125,
  "eval/bullwhip_retailer_a": 0.981793592388561,
  "eval/bullwhip_retailer_b": 0.9631674909243293,
  "eval/bullwhip_wholesaler": 3.242513447818374,
  "eval/bullwhip_distributor": 4.293259693578273,
  "eval/bullwhip_factory": 5.146180816890459,
  "eval/sharing_rate": 0.5013461538461539,
  "eval/honesty_score": -0.05350071544434652,
  "eval/inflation_rate": 0.255
}