{
  "eval/mean_system_cost": 271.2711538461539,
  "eval/std_system_cost": 66.29707992779669,
  "eval/retailer_cost": 36.363942307692305,
  "eval/wholesaler_cost": 65.29326923076924,
  "eval/distributor_cost": 74.32451923076924,
  "eval/factory_cost": 95.28942307692307,
  "eval/bullwhip_retailer": 1.8130042321997988,
  "eval/bullwhip_wholesaler": 2.2931112740225683,
  "eval/bullwhip_distributor": 3.0465487557512487,
  "eval/bullwhip_factory": 3.6785406331658743,
  "eval/sharing_rate": 0.5028846153846154,
  "eval/honesty_score": -0.07890836498583345,
  "eval/inflation_rate": 0.27710843373493976
}