{
  "eval/mean_system_cost": 389.3259615384615,
  "eval/std_system_cost": 90.70847761608346,
  "eval/frac_actions_at_cap": 0.0,
  "eval/frac_capacity_binds": 0.7826923076923077,
  "eval/frac_allocation_triggers": 0.9211538461538461,
  "eval/retailer_cost": 46.17259615384615,
  "eval/wholesaler_cost": 54.0139423076923,
  "eval/distributor_cost": 124.7019230769231,
  "eval/factory_cost": 164.4375,
  "eval/bullwhip_retailer": 1.7928734853739567,
  "eval/bullwhip_wholesaler": 2.964721370087783,
  "eval/bullwhip_distributor": 8.151073398842765,
  "eval/bullwhip_factory": 16.43695188326847
}