{
  "eval/mean_system_cost": 370.64663461538464,
  "eval/std_system_cost": 121.01531991516508,
  "eval/frac_actions_at_cap": 0.0,
  "eval/frac_capacity_binds": 0.7259615384615384,
  "eval/frac_allocation_triggers": 0.9576923076923077,
  "eval/retailer_cost": 39.99855769230769,
  "eval/wholesaler_cost": 85.06201923076922,
  "eval/distributor_cost": 89.58701923076922,
  "eval/factory_cost": 155.99903846153845,
  "eval/bullwhip_retailer": 1.8963238993645635,
  "eval/bullwhip_wholesaler": 2.8588847117611116,
  "eval/bullwhip_distributor": 3.6759555127229384,
  "eval/bullwhip_factory": 4.836118358976978,
  "eval/sharing_rate": 0.3716346153846154,
  "eval/honesty_score": -0.0387724734931216,
  "eval/inflation_rate": 0.31137724550898205
}