{
  "eval/mean_system_cost": 239.36346153846154,
  "eval/std_system_cost": 44.28842339839368,
  "eval/frac_actions_at_cap": 0.0,
  "eval/frac_capacity_binds": 0.5692307692307692,
  "eval/frac_allocation_triggers": 0.9384615384615385,
  "eval/retailer_cost": 81.03028846153846,
  "eval/wholesaler_cost": 47.543749999999996,
  "eval/distributor_cost": 52.79663461538462,
  "eval/factory_cost": 57.99278846153845,
  "eval/bullwhip_retailer": 1.894939765987875,
  "eval/bullwhip_wholesaler": 1.8965058915169575,
  "eval/bullwhip_distributor": 1.890305270836682,
  "eval/bullwhip_factory": 1.8996678938084466
}