{
  "eval/mean_system_cost": 548.85625,
  "eval/std_system_cost": 156.91483588828453,
  "eval/frac_actions_at_cap": 0.0,
  "eval/frac_capacity_binds": 0.7278846153846154,
  "eval/frac_allocation_triggers": 0.95,
  "eval/retailer_cost": 104.47163461538462,
  "eval/wholesaler_cost": 123.82836538461538,
  "eval/distributor_cost": 145.50673076923076,
  "eval/factory_cost": 175.04951923076922,
  "eval/bullwhip_retailer": 2.128688528641215,
  "eval/bullwhip_wholesaler": 2.8132295630629898,
  "eval/bullwhip_distributor": 3.551775734095824,
  "eval/bullwhip_factory": 4.292057461524457,
  "eval/sharing_rate": 0.4939903846153846,
  "eval/honesty_score": -0.0355179729759942,
  "eval/inflation_rate": 0.2564870259481038
}