{
  "eval/mean_system_cost": 188.28413461538463,
  "eval/std_system_cost": 32.91581620869429,
  "eval/frac_actions_at_cap": 0.0,
  "eval/frac_capacity_binds": 0.0,
  "eval/frac_allocation_triggers": 0.9413461538461538,
  "eval/retailer_a_cost": 30.58076923076923,
  "eval/retailer_b_cost": 31.13461538461538,
  "eval/wholesaler_cost": 49.05528846153847,
  "eval/distributor_cost": 45.07067307692308,
  "eval/factory_cost": 32.44278846153846,
  "eval/bullwhip_retailer_a": 0.30938163103089855,
  "eval/bullwhip_retailer_b": 0.30778659478369985,
  "eval/bullwhip_wholesaler": 1.2059483952606158,
  "eval/bullwhip_distributor": 2.4834565232994925,
  "eval/bullwhip_factory": 4.174519402286751
}