{
  "eval/mean_system_cost": 405.26250000000005,
  "eval/std_system_cost": 159.45508218624514,
  "eval/frac_actions_at_cap": 0.0,
  "eval/frac_capacity_binds": 0.3923076923076923,
  "eval/frac_allocation_triggers": 0.9673076923076923,
  "eval/retailer_a_cost": 67.44182692307693,
  "eval/retailer_b_cost": 62.71105769230769,
  "eval/wholesaler_cost": 121.91586538461536,
  "eval/distributor_cost": 91.69375,
  "eval/factory_cost": 61.5,
  "eval/bullwhip_retailer_a": 0.5607638719362694,
  "eval/bullwhip_retailer_b": 0.5583068801713154,
  "eval/bullwhip_wholesaler": 1.2286412651920824,
  "eval/bullwhip_distributor": 1.3839653028057406,
  "eval/bullwhip_factory": 1.506536517251056
}