{
  "eval/mean_system_cost": 114.4639423076923,
  "eval/std_system_cost": 30.367866134992518,
  "eval/frac_actions_at_cap": 0.0,
  "eval/frac_capacity_binds": 0.0,
  "eval/frac_allocation_triggers": 0.7961538461538461,
  "eval/retailer_a_cost": 16.239903846153847,
  "eval/retailer_b_cost": 14.90480769230769,
  "eval/wholesaler_cost": 40.0076923076923,
  "eval/distributor_cost": 27.528846153846153,
  "eval/factory_cost": 15.782692307692306,
  "eval/bullwhip_retailer_a": 1.1655428163760098,
  "eval/bullwhip_retailer_b": 1.1693512177852834,
  "eval/bullwhip_wholesaler": 3.2867979836982326,
  "eval/bullwhip_distributor": 4.280388080502924,
  "eval/bullwhip_factory": 5.279712776015174,
  "eval/sharing_rate": 0.47884615384615375,
  "eval/honesty_score": -0.05324855296503942,
  "eval/inflation_rate": 0.2536231884057971
}