{
  "eval/mean_system_cost": 1011.8274038461539,
  "eval/std_system_cost": 76.12245865618146,
  "eval/frac_actions_at_cap": 0.0,
  "eval/frac_capacity_binds": 0.9615384615384616,
  "eval/frac_allocation_triggers": 0.9557692307692308,
  "eval/retailer_cost": 27.903846153846153,
  "eval/wholesaler_cost": 194.06009615384613,
  "eval/distributor_cost": 348.46923076923076,
  "eval/factory_cost": 441.3942307692308,
  "eval/bullwhip_retailer": 1.1369500078976882,
  "eval/bullwhip_wholesaler": 2.6448517902395134,
  "eval/bullwhip_distributor": 5.172291634419974,
  "eval/bullwhip_factory": 8.835149097259897
}