{
  "eval/mean_system_cost": 91.83461538461538,
  "eval/std_system_cost": 18.53849984036899,
  "eval/frac_actions_at_cap": 0.0,
  "eval/frac_capacity_binds": 0.0,
  "eval/frac_allocation_triggers": 0.5278846153846154,
  "eval/retailer_a_cost": 11.705288461538462,
  "eval/retailer_b_cost": 12.037019230769232,
  "eval/wholesaler_cost": 26.94567307692307,
  "eval/distributor_cost": 31.61009615384615,
  "eval/factory_cost": 9.536538461538461,
  "eval/bullwhip_retailer_a": 0.32994005423164263,
  "eval/bullwhip_retailer_b": 0.34624597095260695,
  "eval/bullwhip_wholesaler": 1.5449989759626352,
  "eval/bullwhip_distributor": 1.6993294578064218,
  "eval/bullwhip_factory": 1.6422493812026742
}