{
  "uniform": {
    "process": "uniform",
    "mse_blind": 21.195402691263485,
    "mse_informed": 21.19541176470588,
    "mse_reduction": -9.073442395646225e-06,
    "relative_mse_reduction": -4.280853979427435e-07,
    "lag1_r2": 0.00029704697597310314,
    "mean": 7.496769230769231,
    "var": 21.197451100591717,
    "n_pairs": 25500.0
  },
  "ar1": {
    "process": "ar1",
    "mse_blind": 7.96733122821673,
    "mse_informed": 4.13918,
    "mse_reduction": 3.82815122821673,
    "relative_mse_reduction": 0.4804809940195693,
    "lag1_r2": 0.48049812070115927,
    "mean": 7.522769230769231,
    "var": 7.894481562130178,
    "n_pairs": 25500.0
  },
  "regime_switch": {
    "process": "regime_switch",
    "mse_blind": 18.427299227636617,
    "mse_informed": 8.313904001774324,
    "mse_reduction": 10.113395225862293,
    "relative_mse_reduction": 0.548826776020144,
    "lag1_r2": 0.48942149633176146,
    "mean": 8.004076923076923,
    "var": 18.43313722485207,
    "n_pairs": 25500.0
  },
  "classic_step": {
    "process": "classic_step",
    "mse_blind": 0.8910546467107553,
    "mse_informed": 0.3137254901960784,
    "mse_reduction": 0.5773291565146769,
    "relative_mse_reduction": 0.6479166666666667,
    "lag1_r2": 0.734375,
    "mean": 7.6923076923076925,
    "var": 1.136094674556213,
    "n_pairs": 25500.0
  }
}