{
  "eval/mean_system_cost": 470.7062499999999,
  "eval/std_system_cost": 138.823644945786,
  "eval/frac_actions_at_cap": 0.0,
  "eval/frac_capacity_binds": 0.7288461538461538,
  "eval/frac_allocation_triggers": 0.948076923076923,
  "eval/retailer_cost": 64.94903846153846,
  "eval/wholesaler_cost": 108.86394230769231,
  "eval/distributor_cost": 134.69471153846152,
  "eval/factory_cost": 162.1985576923077,
  "eval/bullwhip_retailer": 2.0394155309120627,
  "eval/bullwhip_wholesaler": 3.1597757231799575,
  "eval/bullwhip_distributor": 3.97882037006747,
  "eval/bullwhip_factory": 5.00899643701675,
  "eval/sharing_rate": 0.5495192307692307,
  "eval/honesty_score": -0.037266521945372236,
  "eval/inflation_rate": 0.28442211055276384
}