{
  "eval/mean_system_cost": 504.0125,
  "eval/std_system_cost": 151.23495747425963,
  "eval/frac_actions_at_cap": 0.0,
  "eval/frac_capacity_binds": 0.8307692307692308,
  "eval/frac_allocation_triggers": 0.95,
  "eval/retailer_a_cost": 29.735576923076927,
  "eval/retailer_b_cost": 38.82067307692308,
  "eval/wholesaler_cost": 93.45576923076922,
  "eval/distributor_cost": 121.17115384615383,
  "eval/factory_cost": 220.8293269230769,
  "eval/bullwhip_retailer_a": 0.3740354629276364,
  "eval/bullwhip_retailer_b": 0.3282784498457982,
  "eval/bullwhip_wholesaler": 1.7107644899127237,
  "eval/bullwhip_distributor": 3.185443311944301,
  "eval/bullwhip_factory": 5.340588685418558
}