{
  "eval/mean_system_cost": 47.64182692307692,
  "eval/std_system_cost": 12.725143959308795,
  "eval/frac_actions_at_cap": 0.0,
  "eval/frac_capacity_binds": 0.0,
  "eval/frac_allocation_triggers": 0.6663461538461538,
  "eval/retailer_cost": 14.088461538461539,
  "eval/wholesaler_cost": 13.214903846153845,
  "eval/distributor_cost": 12.16201923076923,
  "eval/factory_cost": 8.176442307692309,
  "eval/bullwhip_retailer": 2.076979932780803,
  "eval/bullwhip_wholesaler": 2.8729304505824387,
  "eval/bullwhip_distributor": 3.394495726441977,
  "eval/bullwhip_factory": 3.637436054861682,
  "eval/sharing_rate": 0.4478365384615385,
  "eval/honesty_score": -0.046052426894311625,
  "eval/inflation_rate": 0.23809523809523808
}