{
  "eval/mean_system_cost": 535.9067307692308,
  "eval/std_system_cost": 179.6923020351397,
  "eval/frac_actions_at_cap": 0.0,
  "eval/frac_capacity_binds": 0.6788461538461539,
  "eval/frac_allocation_triggers": 0.9663461538461539,
  "eval/retailer_a_cost": 83.54278846153846,
  "eval/retailer_b_cost": 79.17692307692309,
  "eval/wholesaler_cost": 151.6346153846154,
  "eval/distributor_cost": 124.35865384615383,
  "eval/factory_cost": 97.19375,
  "eval/bullwhip_retailer_a": 0.5138801173784289,
  "eval/bullwhip_retailer_b": 0.8052551935717299,
  "eval/bullwhip_wholesaler": 1.4474217327742018,
  "eval/bullwhip_distributor": 1.5780155994579272,
  "eval/bullwhip_factory": 2.526602437818932
}