{
  "eval/mean_system_cost": 941.1014423076924,
  "eval/std_system_cost": 201.6587197743962,
  "eval/frac_actions_at_cap": 0.0,
  "eval/frac_capacity_binds": 0.7307692307692307,
  "eval/frac_allocation_triggers": 0.9615384615384616,
  "eval/retailer_a_cost": 52.94807692307692,
  "eval/retailer_b_cost": 112.66153846153846,
  "eval/wholesaler_cost": 281.9052884615384,
  "eval/distributor_cost": 256.37451923076924,
  "eval/factory_cost": 237.21201923076924,
  "eval/bullwhip_retailer_a": 0.7933986766515938,
  "eval/bullwhip_retailer_b": 0.8442623621955144,
  "eval/bullwhip_wholesaler": 2.748515393428983,
  "eval/bullwhip_distributor": 3.3685312906235794,
  "eval/bullwhip_factory": 4.077498664157143,
  "eval/sharing_rate": 0.35846153846153844,
  "eval/honesty_score": -0.045327429310326364,
  "eval/inflation_rate": 0.24750499001996007
}