{
  "eval/mean_system_cost": 764.1149038461538,
  "eval/std_system_cost": 341.44298428158766,
  "eval/frac_actions_at_cap": 0.0,
  "eval/frac_capacity_binds": 0.7855769230769231,
  "eval/frac_allocation_triggers": 0.9519230769230769,
  "eval/retailer_a_cost": 61.616826923076914,
  "eval/retailer_b_cost": 78.80528846153844,
  "eval/wholesaler_cost": 201.9076923076923,
  "eval/distributor_cost": 224.9394230769231,
  "eval/factory_cost": 196.84567307692308,
  "eval/bullwhip_retailer_a": 0.7192356318304711,
  "eval/bullwhip_retailer_b": 0.7965460708470893,
  "eval/bullwhip_wholesaler": 3.0281533187882173,
  "eval/bullwhip_distributor": 3.5298447840577705,
  "eval/bullwhip_factory": 5.570712075994893
}