{
  "eval/mean_system_cost": 432.8225961538462,
  "eval/std_system_cost": 102.65573280335882,
  "eval/frac_actions_at_cap": 0.0,
  "eval/frac_capacity_binds": 0.9230769230769231,
  "eval/frac_allocation_triggers": 0.9711538461538461,
  "eval/retailer_cost": 14.931730769230768,
  "eval/wholesaler_cost": 38.21778846153847,
  "eval/distributor_cost": 113.34711538461538,
  "eval/factory_cost": 266.3259615384615,
  "eval/bullwhip_retailer": 1.9618428990900412,
  "eval/bullwhip_wholesaler": 1.930505429145071,
  "eval/bullwhip_distributor": 2.189298100726518,
  "eval/bullwhip_factory": 4.0947265392880965
}