{
  "eval/mean_system_cost": 632.5725961538462,
  "eval/std_system_cost": 238.06723789396077,
  "eval/frac_actions_at_cap": 0.0,
  "eval/frac_capacity_binds": 0.6596153846153846,
  "eval/frac_allocation_triggers": 0.9701923076923077,
  "eval/retailer_a_cost": 42.90625000000001,
  "eval/retailer_b_cost": 31.57067307692308,
  "eval/wholesaler_cost": 204.40240384615385,
  "eval/distributor_cost": 181.65096153846156,
  "eval/factory_cost": 172.0423076923077,
  "eval/bullwhip_retailer_a": 1.0515832047941458,
  "eval/bullwhip_retailer_b": 1.02883778073296,
  "eval/bullwhip_wholesaler": 2.915736840695225,
  "eval/bullwhip_distributor": 3.9602247509096182,
  "eval/bullwhip_factory": 4.908014785733331,
  "eval/sharing_rate": 0.31307692307692303,
  "eval/honesty_score": -0.04625920954639958,
  "eval/inflation_rate": 0.23785926660059464
}