{
  "eval/mean_system_cost": 75.8153846153846,
  "eval/std_system_cost": 24.270058882007156,
  "eval/frac_actions_at_cap": 0.0,
  "eval/frac_capacity_binds": 0.0,
  "eval/frac_allocation_triggers": 0.7298076923076923,
  "eval/retailer_cost": 25.792307692307695,
  "eval/wholesaler_cost": 23.37451923076923,
  "eval/distributor_cost": 15.18605769230769,
  "eval/factory_cost": 11.4625,
  "eval/bullwhip_retailer": 1.1806885265407292,
  "eval/bullwhip_wholesaler": 1.2327153221681355,
  "eval/bullwhip_distributor": 1.8759146805602318,
  "eval/bullwhip_factory": 1.9089397357747324
}