{
  "eval/mean_system_cost": 560.7249999999998,
  "eval/std_system_cost": 228.2727984662224,
  "eval/frac_actions_at_cap": 0.0,
  "eval/frac_capacity_binds": 0.8317307692307693,
  "eval/frac_allocation_triggers": 0.9625,
  "eval/retailer_a_cost": 36.28461538461539,
  "eval/retailer_b_cost": 35.3673076923077,
  "eval/wholesaler_cost": 97.70961538461538,
  "eval/distributor_cost": 177.45961538461538,
  "eval/factory_cost": 213.90384615384613,
  "eval/bullwhip_retailer_a": 0.5566369665891383,
  "eval/bullwhip_retailer_b": 0.6151298858154264,
  "eval/bullwhip_wholesaler": 2.0879618125726638,
  "eval/bullwhip_distributor": 3.3006493443751284,
  "eval/bullwhip_factory": 5.061484468476111
}