{
  "eval/mean_system_cost": 635.1860576923077,
  "eval/std_system_cost": 95.98995249880583,
  "eval/frac_actions_at_cap": 0.0,
  "eval/frac_capacity_binds": 0.8432692307692308,
  "eval/frac_allocation_triggers": 0.9384615384615385,
  "eval/retailer_cost": 47.577884615384626,
  "eval/wholesaler_cost": 130.48653846153846,
  "eval/distributor_cost": 183.1798076923077,
  "eval/factory_cost": 273.94182692307686,
  "eval/bullwhip_retailer": 1.5415409360406198,
  "eval/bullwhip_wholesaler": 3.3468405728764146,
  "eval/bullwhip_distributor": 7.558022901119024,
  "eval/bullwhip_factory": 11.733611586116965
}