{
  "eval/mean_system_cost": 67.89278846153846,
  "eval/std_system_cost": 20.119071234046473,
  "eval/frac_actions_at_cap": 0.0,
  "eval/frac_capacity_binds": 0.7490384615384615,
  "eval/frac_allocation_triggers": 0.8884615384615384,
  "eval/retailer_cost": 36.35961538461539,
  "eval/wholesaler_cost": 5.668750000000001,
  "eval/distributor_cost": 4.369711538461539,
  "eval/factory_cost": 21.494711538461537,
  "eval/bullwhip_retailer": 1.1021520253785826,
  "eval/bullwhip_wholesaler": 1.1691273514235994,
  "eval/bullwhip_distributor": 1.215363231031857,
  "eval/bullwhip_factory": 3.8917218403769853
}