{
  "eval/mean_system_cost": 734.3125,
  "eval/std_system_cost": 249.68849584341257,
  "eval/frac_actions_at_cap": 0.0,
  "eval/frac_capacity_binds": 0.6173076923076923,
  "eval/frac_allocation_triggers": 0.9663461538461539,
  "eval/retailer_a_cost": 88.81298076923075,
  "eval/retailer_b_cost": 82.70240384615384,
  "eval/wholesaler_cost": 205.14759615384614,
  "eval/distributor_cost": 186.68605769230766,
  "eval/factory_cost": 170.96346153846156,
  "eval/bullwhip_retailer_a": 1.0101208411808134,
  "eval/bullwhip_retailer_b": 1.0245947292691882,
  "eval/bullwhip_wholesaler": 2.7129540594085664,
  "eval/bullwhip_distributor": 3.2836784032238957,
  "eval/bullwhip_factory": 3.949173782566871,
  "eval/sharing_rate": 0.5063461538461539,
  "eval/honesty_score": -0.03972108606608009,
  "eval/inflation_rate": 0.2664015904572565
}