{
  "eval/mean_system_cost": 1014.1350961538459,
  "eval/std_system_cost": 66.6971470575725,
  "eval/frac_actions_at_cap": 0.0,
  "eval/frac_capacity_binds": 0.9423076923076923,
  "eval/frac_allocation_triggers": 0.9596153846153846,
  "eval/retailer_cost": 18.497596153846153,
  "eval/wholesaler_cost": 203.02403846153845,
  "eval/distributor_cost": 351.1230769230769,
  "eval/factory_cost": 441.49038461538464,
  "eval/bullwhip_retailer": 1.1369500078976882,
  "eval/bullwhip_wholesaler": 2.8563830489725346,
  "eval/bullwhip_distributor": 5.462620162401827,
  "eval/bullwhip_factory": 10.096953499785256
}