{
  "eval/mean_system_cost": 878.5663461538461,
  "eval/std_system_cost": 272.9159563489183,
  "eval/frac_actions_at_cap": 0.0,
  "eval/frac_capacity_binds": 0.6923076923076923,
  "eval/frac_allocation_triggers": 0.9740384615384615,
  "eval/retailer_a_cost": 85.83413461538461,
  "eval/retailer_b_cost": 78.46490384615383,
  "eval/wholesaler_cost": 256.9024038461538,
  "eval/distributor_cost": 236.30865384615385,
  "eval/factory_cost": 221.05625000000003,
  "eval/bullwhip_retailer_a": 1.1390175851074722,
  "eval/bullwhip_retailer_b": 1.017591189059335,
  "eval/bullwhip_wholesaler": 2.8946816228434327,
  "eval/bullwhip_distributor": 3.4841301371247906,
  "eval/bullwhip_factory": 4.134156764473336,
  "eval/sharing_rate": 0.5209615384615385,
  "eval/honesty_score": -0.03936308846450439,
  "eval/inflation_rate": 0.24975320829220138
}