{
  "eval/mean_system_cost": 56.224038461538456,
  "eval/std_system_cost": 18.435396680750518,
  "eval/frac_actions_at_cap": 0.0,
  "eval/frac_capacity_binds": 0.0,
  "eval/frac_allocation_triggers": 0.8576923076923076,
  "eval/retailer_cost": 21.599038461538463,
  "eval/wholesaler_cost": 11.230769230769232,
  "eval/distributor_cost": 16.18269230769231,
  "eval/factory_cost": 7.211538461538462,
  "eval/bullwhip_retailer": 1.428997012369317,
  "eval/bullwhip_wholesaler": 2.6877348542183346,
  "eval/bullwhip_distributor": 2.9714230635369816,
  "eval/bullwhip_factory": 4.771558060281547
}