{
  "eval/mean_system_cost": 1221.1336538461537,
  "eval/std_system_cost": 142.54773644076604,
  "eval/frac_actions_at_cap": 0.0,
  "eval/frac_capacity_binds": 0.8586538461538461,
  "eval/frac_allocation_triggers": 0.9605769230769231,
  "eval/retailer_a_cost": 37.091346153846146,
  "eval/retailer_b_cost": 41.49663461538462,
  "eval/wholesaler_cost": 322.86875,
  "eval/distributor_cost": 407.3485576923077,
  "eval/factory_cost": 412.3283653846153,
  "eval/bullwhip_retailer_a": 0.8122390587620929,
  "eval/bullwhip_retailer_b": 0.633249808614229,
  "eval/bullwhip_wholesaler": 3.250727696607806,
  "eval/bullwhip_distributor": 4.91983653228052,
  "eval/bullwhip_factory": 7.849017583310698
}