{
  "eval/mean_system_cost": 1298.4697115384618,
  "eval/std_system_cost": 180.56882199190835,
  "eval/frac_actions_at_cap": 0.0,
  "eval/frac_capacity_binds": 0.8836538461538461,
  "eval/frac_allocation_triggers": 0.9807692307692307,
  "eval/retailer_a_cost": 48.450480769230765,
  "eval/retailer_b_cost": 68.88557692307691,
  "eval/wholesaler_cost": 447.4211538461539,
  "eval/distributor_cost": 393.32596153846146,
  "eval/factory_cost": 340.38653846153846,
  "eval/bullwhip_retailer_a": 0.31572598560756304,
  "eval/bullwhip_retailer_b": 0.28986800091508735,
  "eval/bullwhip_wholesaler": 1.6651360390273273,
  "eval/bullwhip_distributor": 2.3178706916250382,
  "eval/bullwhip_factory": 2.9258141155842026
}