{
  "eval/mean_system_cost": 926.8298076923077,
  "eval/std_system_cost": 209.36844728552103,
  "eval/frac_actions_at_cap": 0.0,
  "eval/frac_capacity_binds": 0.6990384615384615,
  "eval/frac_allocation_triggers": 0.9721153846153846,
  "eval/retailer_a_cost": 137.0860576923077,
  "eval/retailer_b_cost": 38.182692307692314,
  "eval/wholesaler_cost": 277.50625,
  "eval/distributor_cost": 244.23846153846154,
  "eval/factory_cost": 229.81634615384615,
  "eval/bullwhip_retailer_a": 0.9605426242939249,
  "eval/bullwhip_retailer_b": 1.0551440083273347,
  "eval/bullwhip_wholesaler": 2.764610143761323,
  "eval/bullwhip_distributor": 3.501809074242854,
  "eval/bullwhip_factory": 4.091340537193536,
  "eval/sharing_rate": 0.3326923076923076,
  "eval/honesty_score": -0.045273064658248874,
  "eval/inflation_rate": 0.2391304347826087
}