{
  "eval/mean_system_cost": 504.9346153846154,
  "eval/std_system_cost": 166.442799142722,
  "eval/frac_actions_at_cap": 0.0,
  "eval/frac_capacity_binds": 0.6230769230769231,
  "eval/frac_allocation_triggers": 0.9711538461538461,
  "eval/retailer_a_cost": 40.93942307692308,
  "eval/retailer_b_cost": 44.63509615384615,
  "eval/wholesaler_cost": 138.87451923076924,
  "eval/distributor_cost": 133.64375,
  "eval/factory_cost": 146.8418269230769,
  "eval/bullwhip_retailer_a": 0.962169550822143,
  "eval/bullwhip_retailer_b": 1.0264400752153784,
  "eval/bullwhip_wholesaler": 2.8594624120746155,
  "eval/bullwhip_distributor": 3.704450268317122,
  "eval/bullwhip_factory": 4.593757876501971,
  "eval/sharing_rate": 0.47788461538461535,
  "eval/honesty_score": -0.041484789649795815,
  "eval/inflation_rate": 0.2584158415841584
}