{
  "eval/mean_system_cost": 205.78557692307692,
  "eval/std_system_cost": 51.31624273732476,
  "eval/frac_actions_at_cap": 0.0,
  "eval/frac_capacity_binds": 0.0,
  "eval/frac_allocation_triggers": 0.9519230769230769,
  "eval/retailer_a_cost": 69.54326923076923,
  "eval/retailer_b_cost": 22.0375,
  "eval/wholesaler_cost": 30.559134615384618,
  "eval/distributor_cost": 35.89423076923076,
  "eval/factory_cost": 47.7514423076923,
  "eval/bullwhip_retailer_a": 0.4983005226778971,
  "eval/bullwhip_retailer_b": 0.5326099180045992,
  "eval/bullwhip_wholesaler": 1.264181732839394,
  "eval/bullwhip_distributor": 2.220860315065412,
  "eval/bullwhip_factory": 4.1546495586900285
}