{
  "eval/mean_system_cost": 550.4009615384616,
  "eval/std_system_cost": 178.58637186572005,
  "eval/frac_actions_at_cap": 0.0,
  "eval/frac_capacity_binds": 0.6653846153846154,
  "eval/frac_allocation_triggers": 0.9586538461538462,
  "eval/retailer_a_cost": 33.38894230769231,
  "eval/retailer_b_cost": 41.8451923076923,
  "eval/wholesaler_cost": 140.8298076923077,
  "eval/distributor_cost": 155.45432692307693,
  "eval/factory_cost": 178.8826923076923,
  "eval/bullwhip_retailer_a": 0.8281370953867927,
  "eval/bullwhip_retailer_b": 0.7539629314423698,
  "eval/bullwhip_wholesaler": 2.8494811069742094,
  "eval/bullwhip_distributor": 3.742211597333003,
  "eval/bullwhip_factory": 4.710377489510072,
  "eval/sharing_rate": 0.5313461538461539,
  "eval/honesty_score": -0.043808494644628396,
  "eval/inflation_rate": 0.27181544633901705
}