{
  "eval/mean_system_cost": 818.5951923076923,
  "eval/std_system_cost": 155.4407330922399,
  "eval/frac_actions_at_cap": 0.0,
  "eval/frac_capacity_binds": 0.8028846153846154,
  "eval/frac_allocation_triggers": 0.95,
  "eval/retailer_a_cost": 72.08365384615385,
  "eval/retailer_b_cost": 77.88846153846154,
  "eval/wholesaler_cost": 220.58846153846156,
  "eval/distributor_cost": 187.54519230769228,
  "eval/factory_cost": 260.4894230769231,
  "eval/bullwhip_retailer_a": 0.5532805235971329,
  "eval/bullwhip_retailer_b": 0.3894540333196019,
  "eval/bullwhip_wholesaler": 1.4609477297088154,
  "eval/bullwhip_distributor": 2.9115520246231137,
  "eval/bullwhip_factory": 4.942246591631926
}