{
  "eval/mean_system_cost": 878.3485576923076,
  "eval/std_system_cost": 155.25144929465188,
  "eval/frac_actions_at_cap": 0.0,
  "eval/frac_capacity_binds": 0.7115384615384616,
  "eval/frac_allocation_triggers": 0.9605769230769231,
  "eval/retailer_a_cost": 134.71346153846153,
  "eval/retailer_b_cost": 32.06394230769231,
  "eval/wholesaler_cost": 249.78269230769234,
  "eval/distributor_cost": 236.12596153846158,
  "eval/factory_cost": 225.6625,
  "eval/bullwhip_retailer_a": 0.839106521388625,
  "eval/bullwhip_retailer_b": 0.776469811332082,
  "eval/bullwhip_wholesaler": 2.667413832731427,
  "eval/bullwhip_distributor": 3.233903965379579,
  "eval/bullwhip_factory": 3.8453855089591324,
  "eval/sharing_rate": 0.4013461538461539,
  "eval/honesty_score": -0.04365544056129775,
  "eval/inflation_rate": 0.261
}