{
  "eval/mean_system_cost": 1042.0793269230767,
  "eval/std_system_cost": 77.13399226843754,
  "eval/frac_actions_at_cap": 0.0,
  "eval/frac_capacity_binds": 0.9423076923076923,
  "eval/frac_allocation_triggers": 0.9442307692307692,
  "eval/retailer_cost": 36.57355769230769,
  "eval/wholesaler_cost": 176.8951923076923,
  "eval/distributor_cost": 359.88653846153846,
  "eval/factory_cost": 468.7240384615384,
  "eval/bullwhip_retailer": 1.4545020209007735,
  "eval/bullwhip_wholesaler": 2.806908909616778,
  "eval/bullwhip_distributor": 6.624300151490581,
  "eval/bullwhip_factory": 10.087663370685954
}