{
  "eval/mean_system_cost": 34.747115384615384,
  "eval/std_system_cost": 5.8265336090963205,
  "eval/frac_actions_at_cap": 0.0,
  "eval/frac_capacity_binds": 0.0,
  "eval/frac_allocation_triggers": 0.8721153846153846,
  "eval/retailer_cost": 10.603846153846154,
  "eval/wholesaler_cost": 6.263942307692307,
  "eval/distributor_cost": 11.057211538461537,
  "eval/factory_cost": 6.822115384615385,
  "eval/bullwhip_retailer": 1.134925591234678,
  "eval/bullwhip_wholesaler": 1.5953235869638323,
  "eval/bullwhip_distributor": 1.8259751273687215,
  "eval/bullwhip_factory": 1.977928928883695
}