{
  "eval/mean_system_cost": 472.40625,
  "eval/std_system_cost": 160.00905256135036,
  "eval/frac_actions_at_cap": 0.0,
  "eval/frac_capacity_binds": 0.7125,
  "eval/frac_allocation_triggers": 0.95,
  "eval/retailer_cost": 77.22211538461539,
  "eval/wholesaler_cost": 103.07548076923078,
  "eval/distributor_cost": 131.0788461538462,
  "eval/factory_cost": 161.0298076923077,
  "eval/bullwhip_retailer": 2.1618509388222353,
  "eval/bullwhip_wholesaler": 2.999177593993934,
  "eval/bullwhip_distributor": 3.8196875978107006,
  "eval/bullwhip_factory": 4.7091408636633645,
  "eval/sharing_rate": 0.5192307692307693,
  "eval/honesty_score": -0.03683425526591404,
  "eval/inflation_rate": 0.2774451097804391
}