{
  "eval/mean_system_cost": 835.7317307692308,
  "eval/std_system_cost": 211.3125903368615,
  "eval/frac_actions_at_cap": 0.0,
  "eval/frac_capacity_binds": 0.698076923076923,
  "eval/frac_allocation_triggers": 0.9730769230769231,
  "eval/retailer_a_cost": 39.50576923076923,
  "eval/retailer_b_cost": 38.11057692307693,
  "eval/wholesaler_cost": 284.170673076923,
  "eval/distributor_cost": 248.15432692307687,
  "eval/factory_cost": 225.79038461538457,
  "eval/bullwhip_retailer_a": 0.8564391654531276,
  "eval/bullwhip_retailer_b": 0.8817982925331106,
  "eval/bullwhip_wholesaler": 2.881734671917773,
  "eval/bullwhip_distributor": 4.011372379492578,
  "eval/bullwhip_factory": 5.068754937028767,
  "eval/sharing_rate": 0.4430769230769231,
  "eval/honesty_score": -0.040692678418914115,
  "eval/inflation_rate": 0.2183794466403162
}