{
  "eval/mean_system_cost": 344.4625,
  "eval/std_system_cost": 125.80685117552106,
  "eval/frac_actions_at_cap": 0.0,
  "eval/frac_capacity_binds": 0.7086538461538462,
  "eval/frac_allocation_triggers": 0.9509615384615384,
  "eval/retailer_cost": 30.685096153846153,
  "eval/wholesaler_cost": 48.70913461538462,
  "eval/distributor_cost": 105.00625,
  "eval/factory_cost": 160.0620192307692,
  "eval/bullwhip_retailer": 2.0425624267338054,
  "eval/bullwhip_wholesaler": 2.7604184339888316,
  "eval/bullwhip_distributor": 3.9476018521891367,
  "eval/bullwhip_factory": 5.356628044663595,
  "eval/sharing_rate": 0.4483173076923076,
  "eval/honesty_score": -0.03860020504187645,
  "eval/inflation_rate": 0.27955911823647295
}