{
  "eval/mean_system_cost": 99.45432692307693,
  "eval/std_system_cost": 21.895656112813267,
  "eval/frac_actions_at_cap": 0.0,
  "eval/frac_capacity_binds": 0.0,
  "eval/frac_allocation_triggers": 0.7798076923076923,
  "eval/retailer_a_cost": 13.94567307692308,
  "eval/retailer_b_cost": 16.685576923076923,
  "eval/wholesaler_cost": 31.912019230769225,
  "eval/distributor_cost": 21.599519230769232,
  "eval/factory_cost": 15.311538461538461,
  "eval/bullwhip_retailer_a": 1.1234740871476947,
  "eval/bullwhip_retailer_b": 1.077837526500747,
  "eval/bullwhip_wholesaler": 3.0356546241332945,
  "eval/bullwhip_distributor": 3.863351727262062,
  "eval/bullwhip_factory": 4.659856332855029,
  "eval/sharing_rate": 0.5453846153846156,
  "eval/honesty_score": -0.05236607743744235,
  "eval/inflation_rate": 0.26140567200986436
}