{
  "eval/mean_system_cost": 447.38942307692304,
  "eval/std_system_cost": 177.3851920696018,
  "eval/frac_actions_at_cap": 0.0,
  "eval/frac_capacity_binds": 0.7865384615384615,
  "eval/frac_allocation_triggers": 0.9192307692307692,
  "eval/retailer_cost": 111.19086538461536,
  "eval/wholesaler_cost": 111.42740384615384,
  "eval/distributor_cost": 112.04807692307693,
  "eval/factory_cost": 112.72307692307693,
  "eval/bullwhip_retailer": 1.0496250636288011,
  "eval/bullwhip_wholesaler": 1.0947149031597165,
  "eval/bullwhip_distributor": 1.1340200941490717,
  "eval/bullwhip_factory": 1.169057990466419
}