{
  "eval/mean_system_cost": 234.87596153846158,
  "eval/std_system_cost": 83.64887954420836,
  "eval/frac_actions_at_cap": 0.0,
  "eval/frac_capacity_binds": 0.7009615384615384,
  "eval/frac_allocation_triggers": 0.9307692307692308,
  "eval/retailer_cost": 15.391826923076923,
  "eval/wholesaler_cost": 32.63509615384615,
  "eval/distributor_cost": 70.01057692307693,
  "eval/factory_cost": 116.83846153846154,
  "eval/bullwhip_retailer": 3.884137747646866,
  "eval/bullwhip_wholesaler": 5.998962005440387,
  "eval/bullwhip_distributor": 8.375682278603156,
  "eval/bullwhip_factory": 11.074929247472825,
  "eval/sharing_rate": 0.3435096153846154,
  "eval/honesty_score": -0.03823755305667646,
  "eval/inflation_rate": 0.31097560975609756
}