{
  "eval/mean_system_cost": 63.146634615384606,
  "eval/std_system_cost": 26.14144836153841,
  "eval/frac_actions_at_cap": 0.0,
  "eval/frac_capacity_binds": 0.0,
  "eval/frac_allocation_triggers": 0.8826923076923077,
  "eval/retailer_cost": 24.826923076923073,
  "eval/wholesaler_cost": 19.495673076923076,
  "eval/distributor_cost": 14.122115384615384,
  "eval/factory_cost": 4.701923076923077,
  "eval/bullwhip_retailer": 1.1315131684409543,
  "eval/bullwhip_wholesaler": 1.2780941216640047,
  "eval/bullwhip_distributor": 1.2603385677550263,
  "eval/bullwhip_factory": 1.3679743453478608
}