{
  "eval/mean_system_cost": 185.63846153846154,
  "eval/std_system_cost": 40.22047646499238,
  "eval/frac_actions_at_cap": 0.0,
  "eval/frac_capacity_binds": 0.0,
  "eval/frac_allocation_triggers": 0.9538461538461539,
  "eval/retailer_a_cost": 44.91875,
  "eval/retailer_b_cost": 21.18846153846154,
  "eval/wholesaler_cost": 30.716826923076923,
  "eval/distributor_cost": 42.93605769230769,
  "eval/factory_cost": 45.87836538461538,
  "eval/bullwhip_retailer_a": 0.370031231158649,
  "eval/bullwhip_retailer_b": 0.31248790501858925,
  "eval/bullwhip_wholesaler": 1.361736710516344,
  "eval/bullwhip_distributor": 2.5874277988471266,
  "eval/bullwhip_factory": 4.797842972680565
}