{
  "eval/mean_system_cost": 701.2889423076924,
  "eval/std_system_cost": 190.2681890140688,
  "eval/frac_actions_at_cap": 0.0,
  "eval/frac_capacity_binds": 0.6875,
  "eval/frac_allocation_triggers": 0.9663461538461539,
  "eval/retailer_a_cost": 27.405288461538465,
  "eval/retailer_b_cost": 31.378365384615382,
  "eval/wholesaler_cost": 234.02307692307696,
  "eval/distributor_cost": 209.03605769230768,
  "eval/factory_cost": 199.44615384615386,
  "eval/bullwhip_retailer_a": 0.8860616565913094,
  "eval/bullwhip_retailer_b": 0.6297751158253493,
  "eval/bullwhip_wholesaler": 2.728141609224564,
  "eval/bullwhip_distributor": 3.868490591640987,
  "eval/bullwhip_factory": 4.983475141249703,
  "eval/sharing_rate": 0.5084615384615384,
  "eval/honesty_score": -0.0392383992629268,
  "eval/inflation_rate": 0.23880597014925373
}