{
  "eval/mean_system_cost": 627.2759615384615,
  "eval/std_system_cost": 59.07416258793666,
  "eval/frac_actions_at_cap": 0.0,
  "eval/frac_capacity_binds": 0.8653846153846154,
  "eval/frac_allocation_triggers": 0.9548076923076924,
  "eval/retailer_cost": 24.659615384615385,
  "eval/wholesaler_cost": 186.73028846153846,
  "eval/distributor_cost": 169.62259615384613,
  "eval/factory_cost": 246.2634615384615,
  "eval/bullwhip_retailer": 1.1273555857279773,
  "eval/bullwhip_wholesaler": 1.8909105812721738,
  "eval/bullwhip_distributor": 4.4108291525145855,
  "eval/bullwhip_factory": 9.0454050577573
}