{
  "eval/mean_system_cost": 123.90913461538462,
  "eval/std_system_cost": 26.36696757770436,
  "eval/frac_actions_at_cap": 0.0,
  "eval/frac_capacity_binds": 0.34807692307692306,
  "eval/frac_allocation_triggers": 0.925,
  "eval/retailer_cost": 67.4889423076923,
  "eval/wholesaler_cost": 12.252403846153848,
  "eval/distributor_cost": 18.55576923076923,
  "eval/factory_cost": 25.61201923076923,
  "eval/bullwhip_retailer": 1.6628894565347445,
  "eval/bullwhip_wholesaler": 1.6460715567687592,
  "eval/bullwhip_distributor": 1.638932575359161,
  "eval/bullwhip_factory": 1.6497124205921878
}