{
  "eval/mean_system_cost": 246.95528846153843,
  "eval/std_system_cost": 96.24191785185333,
  "eval/frac_actions_at_cap": 0.0,
  "eval/frac_capacity_binds": 0.6721153846153847,
  "eval/frac_allocation_triggers": 0.9528846153846153,
  "eval/retailer_cost": 23.612499999999994,
  "eval/wholesaler_cost": 34.61826923076923,
  "eval/distributor_cost": 56.346153846153854,
  "eval/factory_cost": 132.37836538461536,
  "eval/bullwhip_retailer": 2.1118516463901797,
  "eval/bullwhip_wholesaler": 2.9910984874098827,
  "eval/bullwhip_distributor": 3.6486568831564514,
  "eval/bullwhip_factory": 4.899768175157003,
  "eval/sharing_rate": 0.5725961538461538,
  "eval/honesty_score": -0.037918447703155014,
  "eval/inflation_rate": 0.3293172690763052
}