{
  "eval/mean_system_cost": 116.66875,
  "eval/std_system_cost": 30.785439612153265,
  "eval/frac_actions_at_cap": 0.0,
  "eval/frac_capacity_binds": 0.04423076923076923,
  "eval/frac_allocation_triggers": 0.9048076923076923,
  "eval/retailer_cost": 96.20192307692308,
  "eval/wholesaler_cost": 7.445192307692308,
  "eval/distributor_cost": 7.413461538461538,
  "eval/factory_cost": 5.6081730769230775,
  "eval/bullwhip_retailer": 1.1567352753413154,
  "eval/bullwhip_wholesaler": 1.1518024659300146,
  "eval/bullwhip_distributor": 1.1543412930891144,
  "eval/bullwhip_factory": 1.2339913662685078
}