{
  "eval/mean_system_cost": 103.20336538461538,
  "eval/std_system_cost": 31.405675301639306,
  "eval/frac_actions_at_cap": 0.0,
  "eval/frac_capacity_binds": 0.0,
  "eval/frac_allocation_triggers": 0.8144230769230769,
  "eval/retailer_a_cost": 14.33076923076923,
  "eval/retailer_b_cost": 14.528365384615384,
  "eval/wholesaler_cost": 34.31298076923077,
  "eval/distributor_cost": 23.97067307692308,
  "eval/factory_cost": 16.060576923076923,
  "eval/bullwhip_retailer_a": 1.1931780701432917,
  "eval/bullwhip_retailer_b": 1.1796746029539562,
  "eval/bullwhip_wholesaler": 3.2306358834087563,
  "eval/bullwhip_distributor": 4.196802906861884,
  "eval/bullwhip_factory": 5.331881729500259,
  "eval/sharing_rate": 0.4980769230769231,
  "eval/honesty_score": -0.054164763070963705,
  "eval/inflation_rate": 0.26092089728453366
}