{
  "eval/mean_system_cost": 829.7235576923076,
  "eval/std_system_cost": 152.02513553690042,
  "eval/frac_actions_at_cap": 0.0,
  "eval/frac_capacity_binds": 0.8634615384615385,
  "eval/frac_allocation_triggers": 0.9682692307692308,
  "eval/retailer_cost": 51.135096153846156,
  "eval/wholesaler_cost": 165.56778846153847,
  "eval/distributor_cost": 262.2120192307692,
  "eval/factory_cost": 350.8086538461538,
  "eval/bullwhip_retailer": 1.0006248688230157,
  "eval/bullwhip_wholesaler": 1.7781612269648797,
  "eval/bullwhip_distributor": 3.980819203286793,
  "eval/bullwhip_factory": 7.969540282058252
}