{
  "eval/mean_system_cost": 994.804807692308,
  "eval/std_system_cost": 165.74496905769536,
  "eval/frac_actions_at_cap": 0.0,
  "eval/frac_capacity_binds": 0.8394230769230769,
  "eval/frac_allocation_triggers": 0.9807692307692307,
  "eval/retailer_a_cost": 29.17259615384615,
  "eval/retailer_b_cost": 27.86201923076923,
  "eval/wholesaler_cost": 366.00096153846147,
  "eval/distributor_cost": 299.49711538461537,
  "eval/factory_cost": 272.2721153846154,
  "eval/bullwhip_retailer_a": 0.2972922306196274,
  "eval/bullwhip_retailer_b": 0.30611994321155944,
  "eval/bullwhip_wholesaler": 1.705077533110013,
  "eval/bullwhip_distributor": 2.639358597015911,
  "eval/bullwhip_factory": 3.3761409300460534
}