{
  "eval/mean_system_cost": 878.7355769230769,
  "eval/std_system_cost": 154.53559638514017,
  "eval/frac_actions_at_cap": 0.0,
  "eval/frac_capacity_binds": 0.8653846153846154,
  "eval/frac_allocation_triggers": 0.9634615384615385,
  "eval/retailer_cost": 51.38653846153845,
  "eval/wholesaler_cost": 207.23269230769228,
  "eval/distributor_cost": 264.3221153846154,
  "eval/factory_cost": 355.7942307692308,
  "eval/bullwhip_retailer": 1.0535294195716913,
  "eval/bullwhip_wholesaler": 1.7634232850494989,
  "eval/bullwhip_distributor": 3.454358609457948,
  "eval/bullwhip_factory": 7.387164641100046
}