{
  "eval/mean_system_cost": 981.1966346153847,
  "eval/std_system_cost": 138.12290744067406,
  "eval/frac_actions_at_cap": 0.0,
  "eval/frac_capacity_binds": 0.864423076923077,
  "eval/frac_allocation_triggers": 0.9663461538461539,
  "eval/retailer_cost": 42.71394230769231,
  "eval/wholesaler_cost": 216.80673076923077,
  "eval/distributor_cost": 318.6855769230769,
  "eval/factory_cost": 402.99038461538464,
  "eval/bullwhip_retailer": 1.0481690434394688,
  "eval/bullwhip_wholesaler": 2.059870905621215,
  "eval/bullwhip_distributor": 4.042866943870616,
  "eval/bullwhip_factory": 6.1806235802002805
}