{
  "eval/mean_system_cost": 389.34663461538463,
  "eval/std_system_cost": 75.50981113727089,
  "eval/frac_actions_at_cap": 0.0,
  "eval/frac_capacity_binds": 0.676923076923077,
  "eval/frac_allocation_triggers": 0.9384615384615385,
  "eval/retailer_cost": 70.52596153846154,
  "eval/wholesaler_cost": 81.8610576923077,
  "eval/distributor_cost": 109.03894230769231,
  "eval/factory_cost": 127.92067307692307,
  "eval/bullwhip_retailer": 3.901576738090234,
  "eval/bullwhip_wholesaler": 5.862713513396556,
  "eval/bullwhip_distributor": 7.547039275749371,
  "eval/bullwhip_factory": 9.539893828022931,
  "eval/sharing_rate": 0.5156250000000001,
  "eval/honesty_score": -0.036072083086427814,
  "eval/inflation_rate": 0.2837022132796781
}