{
  "eval/mean_system_cost": 279.3548076923077,
  "eval/std_system_cost": 54.81657358035284,
  "eval/retailer_cost": 45.46778846153846,
  "eval/wholesaler_cost": 55.89951923076923,
  "eval/distributor_cost": 81.86490384615385,
  "eval/factory_cost": 96.12259615384616,
  "eval/bullwhip_retailer": 1.5610005161317013,
  "eval/bullwhip_wholesaler": 2.458563042259308,
  "eval/bullwhip_distributor": 3.0064171810149136,
  "eval/bullwhip_factory": 3.5527524408356834,
  "eval/sharing_rate": 0.3682692307692308,
  "eval/honesty_score": -0.07986001924797587,
  "eval/inflation_rate": 0.2691924227318046
}