{
  "eval/mean_system_cost": 136.10528846153846,
  "eval/std_system_cost": 48.55562024091959,
  "eval/frac_actions_at_cap": 0.0,
  "eval/frac_capacity_binds": 0.14326923076923076,
  "eval/frac_allocation_triggers": 0.9211538461538461,
  "eval/retailer_cost": 93.08269230769231,
  "eval/wholesaler_cost": 10.302403846153847,
  "eval/distributor_cost": 13.600480769230767,
  "eval/factory_cost": 19.119711538461537,
  "eval/bullwhip_retailer": 0.7246563699729535,
  "eval/bullwhip_wholesaler": 0.7241880250124334,
  "eval/bullwhip_distributor": 0.7333472974045017,
  "eval/bullwhip_factory": 0.7385253319239506
}