{
  "config": {
    "regime": "C",
    "horizon": 52,
    "total_timesteps": 400000,
    "n_envs": 64,
    "rollout_steps": 128,
    "update_epochs": 4,
    "minibatch_size": 2048,
    "gamma": 0.99,
    "gae_lambda": 0.95,
    "clip_coef": 0.2,
    "ent_coef": 0.01,
    "vf_coef": 0.5,
    "max_grad_norm": 0.5,
    "learning_rate": 0.0003,
    "hidden": 256,
    "order_cap": 128,
    "action_mode": "relative",
    "action_delta_max": 8,
    "claim_delta_max": 8,
    "reward_scale": 0.1,
    "demand": "regime_switch",
    "topology": "serial",
    "capacity_mult": 1.2,
    "rationing": "proportional",
    "seed": 5,
    "device": "cpu",
    "log_every": 10,
    "eval_every": 10,
    "eval_episodes": 8,
    "out_dir": "artifacts/runs/ippo/tier1_v11",
    "run_name": "regimeC_toposerial_cap1p2mu_ratproportional_demregime_switch_seed5",
    "boundary_warn_frac": 0.05
  },
  "git_sha": "444811133fcd635b68779b05ca0bbe250a1c6c90",
  "obs_dim": 12,
  "n_order": 17,
  "signaling": false,
  "capacity": 7.407692307692308,
  "topology": "serial",
  "roles": [
    "retailer",
    "wholesaler",
    "distributor",
    "factory"
  ],
  "independent_policies": true,
  "shared_critic": false,
  "demand_info_value": {
    "uniform": {
      "process": "uniform",
      "mse_blind": 21.202226646797772,
      "mse_informed": 21.202235294117646,
      "mse_reduction": -8.647319873489323e-06,
      "relative_mse_reduction": -4.0784961021041395e-07,
      "lag1_r2": 0.00030362397135907937,
      "mean": 7.497115384615385,
      "var": 21.205760909763313,
      "n_pairs": 25500.0
    },
    "ar1": {
      "process": "ar1",
      "mse_blind": 7.979152023291566,
      "mse_informed": 4.140227843137255,
      "mse_reduction": 3.8389241801543115,
      "relative_mse_reduction": 0.4811193180614042,
      "lag1_r2": 0.48113259873524794,
      "mean": 7.521346153846154,
      "var": 7.906313572485207,
      "n_pairs": 25500.0
    },
    "regime_switch": {
      "process": "regime_switch",
      "mse_blind": 18.430157078402367,
      "mse_informed": 8.318688304679615,
      "mse_reduction": 10.111468773722752,
      "relative_mse_reduction": 0.5486371456688243,
      "lag1_r2": 0.4891429249690882,
      "mean": 8.00003846153846,
      "var": 18.436576921597634,
      "n_pairs": 25500.0
    },
    "classic_step": {
      "process": "classic_step",
      "mse_blind": 0.8910546467107553,
      "mse_informed": 0.3137254901960784,
      "mse_reduction": 0.5773291565146769,
      "relative_mse_reduction": 0.6479166666666667,
      "lag1_r2": 0.734375,
      "mean": 7.6923076923076925,
      "var": 1.136094674556213,
      "n_pairs": 25500.0
    }
  },
  "order_cap_recommendation": {
    "suggested_hard_cap": 128,
    "d_hi_approx": 16.5,
    "max_plausible_need_abs": 181.5,
    "relative_ratchet_horizon": 432.5,
    "rationale": "Regime-switch high\u224816.5; cap=128 matches AR(1) headroom."
  }
}