{
  "eval/mean_system_cost": 1221.9466346153845,
  "eval/std_system_cost": 90.94996188301464,
  "eval/frac_actions_at_cap": 0.0,
  "eval/frac_capacity_binds": 0.8846153846153846,
  "eval/frac_allocation_triggers": 0.9807692307692307,
  "eval/retailer_a_cost": 26.590865384615388,
  "eval/retailer_b_cost": 27.44615384615384,
  "eval/wholesaler_cost": 292.5365384615385,
  "eval/distributor_cost": 388.2865384615385,
  "eval/factory_cost": 487.0865384615384,
  "eval/bullwhip_retailer_a": 0.3121017546216644,
  "eval/bullwhip_retailer_b": 0.6287764260770502,
  "eval/bullwhip_wholesaler": 2.2963437843058787,
  "eval/bullwhip_distributor": 4.384180033289462,
  "eval/bullwhip_factory": 7.069833573307429
}