{
  "eval/mean_system_cost": 41.92836538461539,
  "eval/std_system_cost": 10.314997893194766,
  "eval/retailer_cost": 9.902403846153847,
  "eval/wholesaler_cost": 11.9625,
  "eval/distributor_cost": 11.22451923076923,
  "eval/factory_cost": 8.838942307692305,
  "eval/bullwhip_retailer": 1.764488199441185,
  "eval/bullwhip_wholesaler": 2.303555092003012,
  "eval/bullwhip_distributor": 2.6152274076049262,
  "eval/bullwhip_factory": 3.1941693046076,
  "eval/sharing_rate": 0.4564903846153846,
  "eval/honesty_score": -0.10243439714616834,
  "eval/inflation_rate": 0.23086269744835966
}