{
  "eval/mean_system_cost": 900.8677884615385,
  "eval/std_system_cost": 152.73886475585195,
  "eval/frac_actions_at_cap": 0.0,
  "eval/frac_capacity_binds": 0.7163461538461539,
  "eval/frac_allocation_triggers": 0.9605769230769231,
  "eval/retailer_a_cost": 82.73701923076923,
  "eval/retailer_b_cost": 81.36490384615385,
  "eval/wholesaler_cost": 261.0701923076923,
  "eval/distributor_cost": 244.50721153846158,
  "eval/factory_cost": 231.18846153846152,
  "eval/bullwhip_retailer_a": 0.8784453560711382,
  "eval/bullwhip_retailer_b": 0.8072731518922968,
  "eval/bullwhip_wholesaler": 2.7667897423450953,
  "eval/bullwhip_distributor": 3.315716666223564,
  "eval/bullwhip_factory": 3.9281028653527357,
  "eval/sharing_rate": 0.5371153846153847,
  "eval/honesty_score": -0.039630290105841945,
  "eval/inflation_rate": 0.25325325325325326
}