{
  "eval/mean_system_cost": 722.4557692307692,
  "eval/std_system_cost": 95.03105341500579,
  "eval/frac_actions_at_cap": 0.0,
  "eval/frac_capacity_binds": 0.8634615384615385,
  "eval/frac_allocation_triggers": 0.9451923076923077,
  "eval/retailer_cost": 25.39903846153846,
  "eval/wholesaler_cost": 143.5456730769231,
  "eval/distributor_cost": 226.2985576923076,
  "eval/factory_cost": 327.2125,
  "eval/bullwhip_retailer": 1.0900056272984189,
  "eval/bullwhip_wholesaler": 3.390052633928664,
  "eval/bullwhip_distributor": 8.641126700388927,
  "eval/bullwhip_factory": 18.42975208220424
}