{
  "eval/mean_system_cost": 90.45384615384616,
  "eval/std_system_cost": 17.130457278428015,
  "eval/frac_actions_at_cap": 0.0,
  "eval/frac_capacity_binds": 0.0,
  "eval/frac_allocation_triggers": 0.6480769230769231,
  "eval/retailer_a_cost": 8.867307692307692,
  "eval/retailer_b_cost": 8.54278846153846,
  "eval/wholesaler_cost": 29.21057692307692,
  "eval/distributor_cost": 27.097115384615385,
  "eval/factory_cost": 16.73605769230769,
  "eval/bullwhip_retailer_a": 1.1263498107356145,
  "eval/bullwhip_retailer_b": 1.614857665210302,
  "eval/bullwhip_wholesaler": 5.020241346068207,
  "eval/bullwhip_distributor": 6.030415710174144,
  "eval/bullwhip_factory": 7.6492097716354035
}