{
  "eval/mean_system_cost": 1150.0240384615386,
  "eval/std_system_cost": 168.87738038356258,
  "eval/frac_actions_at_cap": 0.0,
  "eval/frac_capacity_binds": 0.8653846153846154,
  "eval/frac_allocation_triggers": 0.9807692307692307,
  "eval/retailer_a_cost": 28.51586538461538,
  "eval/retailer_b_cost": 27.769711538461543,
  "eval/wholesaler_cost": 382.36923076923085,
  "eval/distributor_cost": 317.1557692307692,
  "eval/factory_cost": 394.2134615384615,
  "eval/bullwhip_retailer_a": 0.3152402978910084,
  "eval/bullwhip_retailer_b": 0.3000913960731293,
  "eval/bullwhip_wholesaler": 1.7407211897691195,
  "eval/bullwhip_distributor": 3.6397721613364515,
  "eval/bullwhip_factory": 6.169577711957072
}